CODE,COUNTRY,SUB-CHAPTER,TITLE,UNIT,1960,1961,1962,1963,1964,1965,1966,1967,1968,1969,1970,1971,1972,1973,1974,1975,1976,1977,1978,1979,1980,1981,1982,1983,1984,1985,1986,1987,1988,1989,1990,1991,1992,1993,1994,1995,1996,1997,1998,1999,2000,2001,2002,2003,2004,2005,2006,2007,2008,2009,2010,2011,2012,2013,2014,2015,2016,2017,2018,2019,2020,2021,2022,2023,2024,2025,2026,2027,Unnamed: 73
EU27.1.0.0.0.UDGG,European Union,01 Based on ESA 2010,General government consolidated gross debt :- Excessive deficit procedure (based on ESA 2010),"Mrd ECU/EUR, Standard aggregation",NA,NA,NA,NA,NA,NA,NA,NA,NA,NA,NA,NA,NA,NA,NA,NA,NA,NA,NA,NA,NA,NA,NA,NA,NA,NA,NA,NA,NA,NA,NA,NA,NA,NA,NA,NA,NA,NA,NA,NA,5248.11428,5431.90829,5616.00237,5876.57248,6174.50872,6453.90235,6608.9438,6729.93127,7249.94443,8068.0853,8902.67691,9386.03596,9937.97988,10293.23987,10558.78381,10705.92297,10859.83305,10971.46051,11072.48472,11173.72721,12389.09339,13064.38497,13547.6075,14122.64694,14766.06143,15587.80564,16445.91419,17304.93412,
EU15.1.0.0.0.UDGG,European Union (15 countries),01 Based on ESA 2010,General government consolidated gross debt :- Excessive deficit procedure (based on ESA 2010),"Mrd ECU/EUR, Standard aggregation",NA,NA,NA,NA,NA,NA,NA,NA,NA,NA,NA,NA,NA,NA,NA,NA,NA,NA,NA,NA,NA,NA,NA,NA,NA,NA,NA,NA,NA,NA,NA,NA,NA,NA,NA,NA,NA,NA,NA,NA,5746.87547,5892.04666,6053.2439,6315.16519,6665.82728,7010.92773,7223.96177,7304.49424,7749.36274,8786.37348,9841.41426,10511.59592,11155.0427,11533.68319,12060.85409,12396.00614,12278.41854,12360.40037,12494.53678,12749.36912,14057.2224,15041.27181,15428.70279,16162.35167,17011.73448,17735.2871,18620.25007,19484.0259,
EA19.1.0.0.0.UDGG,Euro area (19 countries),01 Based on ESA 2010,General government consolidated gross debt :- Excessive deficit procedure (based on ESA 2010),"Mrd ECU/EUR, Standard aggregation",NA,NA,NA,NA,NA,NA,NA,NA,NA,NA,NA,NA,NA,NA,NA,NA,NA,NA,NA,NA,NA,NA,NA,NA,NA,NA,NA,NA,NA,NA,NA,NA,NA,NA,NA,4124.67439,4406.31792,4482.54668,4642.99634,4796.35536,4878.91532,5034.15504,5201.31921,5455.53022,5713.45977,5978.2959,6118.92946,6234.17346,6744.70372,7486.6962,8236.1835,8698.2362,9195.4326,9525.9662,9777.6829,9900.7207,10047.3973,10142.1028,10246.707,10344.7191,11403.4256,12027.498,12471.30308,12928.69805,13432.2952,14072.13841,14767.26298,15467.24954,
EA20.1.0.0.0.UDGG,Euro area (20 countries),01 Based on ESA 2010,General government consolidated gross debt :- Excessive deficit procedure (based on ESA 2010),"Mrd ECU/EUR, Standard aggregation",NA,NA,NA,NA,NA,NA,NA,NA,NA,NA,NA,NA,NA,NA,NA,NA,NA,NA,NA,NA,NA,NA,NA,NA,NA,NA,NA,NA,NA,NA,NA,NA,NA,NA,NA,4128.63676,4411.08018,4487.79156,4648.07595,4802.66405,4887.35635,5043.8164,5211.71672,5467.15252,5726.67046,5993.4205,6134.46526,6250.66266,6763.26314,7508.7955,8261.457,8726.7659,9226.2734,9561.7846,9815.0269,9938.7709,10085.0988,10179.9875,10284.7455,10383.6378,11447.3075,12073.1269,12517.65037,12976.96191,13481.57918,14124.50919,14823.1908,15525.83649,
EA21.1.0.0.0.UDGG,Euro area (21 countries),01 Based on ESA 2010,General government consolidated gross debt :- Excessive deficit procedure (based on ESA 2010),"Mrd ECU/EUR, Standard aggregation",NA,NA,NA,NA,NA,NA,NA,NA,NA,NA,NA,NA,NA,NA,NA,NA,NA,NA,NA,NA,NA,NA,NA,NA,NA,NA,NA,NA,NA,NA,NA,NA,NA,NA,NA,4139.18663,4419.83753,4497.10133,4657.09725,4812.3729,4897.53351,5054.08614,5220.60701,5475.27896,5734.19659,5999.80907,6140.18625,6255.95954,6768.11172,7513.90798,8267.31399,8733.0509,9233.27911,9568.93221,9826.64618,9950.64248,10099.28692,10193.1701,10297.17269,10395.94889,11462.43923,12090.14246,12537.00558,12998.63723,13506.55643,14159.14409,14862.3814,15570.75795,
EA12.1.0.0.0.UDGG,Euro area (12 countries),01 Based on ESA 2010,General government consolidated gross debt :- Excessive deficit procedure (based on ESA 2010),"Mrd ECU/EUR, Standard aggregation",NA,NA,NA,NA,NA,NA,NA,NA,NA,NA,NA,NA,NA,NA,NA,NA,NA,NA,NA,NA,NA,NA,NA,NA,NA,NA,NA,NA,NA,NA,NA,NA,NA,NA,NA,4112.50541,4390.6369,4463.76656,4622.84072,4770.09592,4849.4603,5001.1448,5166.8425,5418.5835,5672.8647,5937.4357,6075.4658,6188.423,6693.9691,7420.3255,8158.2209,8609.4868,9091.9636,9409.9445,9654.2882,9774.2461,9919.0122,10011.89,10113.9574,10208.9015,11237.1866,11848.9618,12284.90794,12730.30741,13219.22382,13846.91467,14522.79089,15200.66813,
BEL.1.0.0.0.UDGG,Belgium,01 Based on ESA 2010,General government consolidated gross debt :- Excessive deficit procedure (based on ESA 2010),Mrd EURO-BEF,NA,NA,NA,NA,NA,NA,NA,NA,NA,NA,NA,NA,NA,NA,NA,NA,NA,NA,NA,NA,NA,NA,NA,NA,NA,NA,NA,NA,NA,NA,NA,NA,NA,NA,NA,276.7733,276.863,278.6218,277.5972,279.6298,281.3668,286.7444,288.4892,286.3789,288.5417,295.285,297.5901,300.5993,327.7227,347.3179,364.3525,389.5359,404.8984,414.6298,431.8637,439.1931,453.1934,455.0758,460.2097,468.3848,516.4385,550.2853,580.35429,617.17527,644.19855,692.46082,729.95409,768.57296,
BGR.1.0.0.0.UDGG,Bulgaria,01 Based on ESA 2010,General government consolidated gross debt :- Excessive deficit procedure (based on ESA 2010),Mrd EURO-BGN,NA,NA,NA,NA,NA,NA,NA,NA,NA,NA,NA,NA,NA,NA,NA,NA,NA,NA,NA,NA,NA,NA,NA,NA,NA,NA,NA,NA,NA,NA,NA,NA,NA,NA,NA,0.5012,2.7342,9.4073,9.0213,9.7087,10.1692,10.2197,8.8847,8.1259,7.5264,6.3901,5.7209,5.2968,4.8485,5.1124,5.8569,6.2849,7.0056,7.1475,11.6191,11.8714,14.1879,13.1824,12.427,12.3109,15.1315,17.0153,19.35491,21.67499,24.97687,34.6349,39.19059,44.92146,
CZE.1.0.0.0.UDGG,Czech Republic,01 Based on ESA 2010,General government consolidated gross debt :- Excessive deficit procedure (based on ESA 2010),Mrd CZK,NA,NA,NA,NA,NA,NA,NA,NA,NA,NA,NA,NA,NA,NA,NA,NA,NA,NA,NA,NA,NA,NA,NA,NA,NA,NA,NA,NA,NA,NA,NA,NA,NA,NA,NA,216.645,211.777,240.341,300.976,342.083,405.418,585.615,695.133,795.04,873.493,910.183,973.107,1054.633,1136.774,1319.002,1480.097,1613.65,1805.307,1840.247,1818.888,1836.047,1754.737,1749.677,1734.602,1740.263,2149.655,2566.752,2997.632,3234.102,3488.5,3786.25,4098.7122,4452.03285,
DNK.1.0.0.0.UDGG,Denmark,01 Based on ESA 2010,General government consolidated gross debt :- Excessive deficit procedure (based on ESA 2010),Mrd DKK,NA,NA,NA,NA,NA,NA,NA,NA,NA,NA,NA,NA,NA,NA,NA,NA,NA,NA,NA,NA,NA,NA,NA,NA,NA,NA,NA,NA,NA,NA,NA,NA,NA,NA,NA,NA,NA,NA,NA,NA,710.098,687.4619,710.2537,693.0038,697.698,625.8539,559.3487,513.925,643.1599,744.5414,836.1673,924.0113,922.073,924.6129,964.6342,904.4644,876.1649,879.176,864.6334,883.0913,1051.5461,1011.7963,943.24959,919.01388,893.97655,855.20016,853.17339,862.45062,
DEU.1.0.0.0.UDGG,Germany,01 Based on ESA 2010,General government consolidated gross debt :- Excessive deficit procedure (based on ESA 2010),Mrd EURO-DEM,NA,NA,NA,NA,NA,NA,NA,NA,NA,NA,NA,NA,NA,NA,NA,NA,NA,NA,NA,NA,NA,NA,NA,NA,NA,NA,NA,NA,NA,NA,NA,NA,NA,NA,NA,1042.9346,1113.1884,1157.2089,1202.0264,1253.5979,1261.5847,1274.759,1330.0831,1419.426,1489.6709,1561.0205,1610.9037,1619.0646,1687.442,1804.696,2119.2418,2155.8757,2234.8025,2220.281,2224.5595,2197.4738,2182.375,2132.7839,2086.432,2075.7899,2347.9054,2501.6931,2569.02928,2630.54699,2693.82718,2838.23892,3033.17385,3252.62405,
EST.1.0.0.0.UDGG,Estonia,01 Based on ESA 2010,General government consolidated gross debt :- Excessive deficit procedure (based on ESA 2010),Mrd EURO-EEK,NA,NA,NA,NA,NA,NA,NA,NA,NA,NA,NA,NA,NA,NA,NA,NA,NA,NA,NA,NA,NA,NA,NA,NA,NA,NA,NA,NA,NA,NA,NA,NA,NA,NA,NA,0.2275,0.2754,0.3144,0.3023,0.348,0.3156,0.3444,0.4429,0.4897,0.5045,0.537,0.6401,0.641,0.7766,1.1272,1.1779,1.2718,2.0161,2.1913,2.3549,2.267,2.272,2.2941,2.2491,2.5758,5.3206,5.7953,6.96514,7.73632,9.35307,10.03517,11.77744,14.02583,
IRL.1.0.0.0.UDGG,Ireland,01 Based on ESA 2010,General government consolidated gross debt :- Excessive deficit procedure (based on ESA 2010),Mrd EURO-IEP,NA,NA,NA,NA,NA,NA,NA,NA,NA,NA,NA,NA,NA,NA,NA,NA,NA,NA,NA,NA,NA,NA,NA,NA,NA,NA,NA,NA,NA,NA,NA,NA,NA,NA,NA,43.0607,42.0639,42.7354,41.3527,43.2129,39.5059,40.9949,42.0092,43.4286,43.7597,44.3812,43.7386,47.1951,79.621,104.7034,144.2266,189.7237,210.023,215.2385,203.3782,201.5748,200.5569,201.1221,205.5656,202.9357,217.2051,235.1815,223.6961,219.27692,215.57481,209.9023,208.35971,214.40623,
GRC.1.0.0.0.UDGG,Greece,01 Based on ESA 2010,General government consolidated gross debt :- Excessive deficit procedure (based on ESA 2010),Mrd EURO-GRD,NA,NA,NA,NA,NA,NA,NA,NA,NA,NA,NA,NA,NA,NA,NA,NA,NA,NA,NA,NA,NA,NA,NA,NA,NA,NA,NA,NA,NA,NA,NA,NA,NA,NA,NA,92.124,104.413,114.083,122.037,132.326,148.217,162.971,171.41,181.51,199.282,213.976,225.73,239.915,264.775,301.062,330.57,356.235,305.085,321.257,321.631,314.987,319.425,323.004,341.416,339.201,350.798,364.141,368.005,369.11,364.964,362.925,365.96336,364.57207,
ESP.1.0.0.0.UDGG,Spain,01 Based on ESA 2010,General government consolidated gross debt :- Excessive deficit procedure (based on ESA 2010),Mrd EURO-ESP,NA,NA,NA,NA,NA,NA,NA,NA,NA,NA,NA,NA,NA,NA,NA,NA,NA,NA,NA,NA,NA,NA,NA,NA,NA,NA,NA,NA,NA,NA,NA,NA,NA,NA,NA,283.4573,319.9758,333.6273,346.417,362.2235,374.5572,378.8834,384.1453,382.775,389.8879,393.4791,392.1322,384.662,440.621,569.5354,649.1525,743.0432,927.8133,1025.8052,1085.1654,1114.129,1145.655,1184.1483,1209.7418,1224.3638,1346.9164,1429.4036,1504.10507,1575.37674,1620.57339,1698.22458,1765.92009,1833.03219,
FRA.1.0.0.0.UDGG,France,01 Based on ESA 2010,General government consolidated gross debt :- Excessive deficit procedure (based on ESA 2010),Mrd EURO-FRF,NA,NA,NA,NA,NA,NA,NA,NA,NA,NA,NA,NA,NA,NA,NA,NA,NA,NA,NA,NA,NA,NA,NA,NA,NA,NA,NA,NA,NA,NA,NA,NA,NA,NA,NA,701.6383,755.5848,799.3788,836.0594,856.9435,880.0048,907.6726,966.8225,1060.4064,1134.3469,1201.4707,1207.3127,1268.8587,1389.4016,1627.1822,1722.1722,1830.1363,1915.8352,2004.9582,2071.1245,2134.871,2190.5246,2263.2858,2320.7371,2387.399,2663.852,2828.781,2955.63906,3103.248,3306.09667,3460.46507,3626.44456,3806.77283,
HRV.1.0.0.0.UDGG,Croatia,01 Based on ESA 2010,General government consolidated gross debt :- Excessive deficit procedure (based on ESA 2010),Mrd EURO-HRK,NA,NA,NA,NA,NA,NA,NA,NA,NA,NA,NA,NA,NA,NA,NA,NA,NA,NA,NA,NA,NA,NA,NA,NA,NA,NA,NA,NA,NA,NA,NA,NA,NA,NA,NA,3.6614,4.3872,4.8449,4.9143,6.4337,8.492,9.4235,10.3154,11.7929,13.4395,14.7974,15.1562,16.0434,18.1185,21.4115,25.2735,28.5297,30.8408,35.8184,37.344,38.0502,37.7015,37.8847,38.0385,38.9187,43.8819,45.6289,46.34729,48.26386,49.28399,52.37078,55.92783,58.58695,
ITA.1.0.0.0.UDGG,Italy,01 Based on ESA 2010,General government consolidated gross debt :- Excessive deficit procedure (based on ESA 2010),Mrd EURO-ITL,4.0321,4.283,4.6425,4.9899,5.4688,6.14,7.8372,8.5875,10.0247,11.2842,13.0866,16.1459,20.1079,25.7803,32.4038,41.8994,52.3175,62.4596,79.0918,94.8005,114.066,142.4271,181.5678,232.3855,286.7444,347.5926,404.3359,463.0834,524.5284,591.6187,667.8477,755.0109,849.9205,959.7135,1069.4151,1179.5887,1245.7314,1275.6777,1299.7413,1331.3206,1353.5693,1420.0266,1436.1418,1470.9509,1526.4721,1591.6742,1657.4786,1677.8966,1739.1086,1839.8055,1921.4435,1974.4075,2055.8398,2137.7049,2205.1141,2241.9396,2288.6311,2333.1366,2385.7364,2415.6456,2578.1773,2686.7429,2764.4812,2869.97618,2967.00408,3095.8876,3204.78928,3302.85728,
CYP.1.0.0.0.UDGG,Cyprus,01 Based on ESA 2010,General government consolidated gross debt :- Excessive deficit procedure (based on ESA 2010),Mrd EURO-CYP,NA,NA,NA,NA,NA,NA,NA,NA,NA,NA,NA,NA,NA,NA,NA,NA,NA,NA,NA,NA,NA,NA,NA,NA,NA,NA,NA,NA,NA,NA,NA,NA,NA,NA,NA,3.8195,4.0705,4.5941,5.1105,5.5009,5.9826,6.6276,7.2774,8.2964,9.0777,9.5026,9.599,9.75,8.9546,10.7653,11.6927,13.8774,16.4445,19.5331,19.8399,20.0249,20.3298,19.5972,21.9646,21.5975,25.4173,24.778,23.7448,23.0563,21.8136,20.07825,19.261,18.26001,
LVA.1.0.0.0.UDGG,Latvia,01 Based on ESA 2010,General government consolidated gross debt :- Excessive deficit procedure (based on ESA 2010),Mrd EURO-LVL,NA,NA,NA,NA,NA,NA,NA,NA,NA,NA,NA,NA,NA,NA,NA,NA,NA,NA,NA,NA,NA,NA,NA,NA,NA,NA,NA,NA,NA,NA,NA,NA,NA,NA,NA,0.5636,0.6201,0.5743,0.5427,0.757,0.8292,1.0325,1.0934,1.3494,1.6173,1.6234,1.7226,1.9175,4.5466,7.0213,8.6178,8.9065,9.2961,9.172,9.8179,9.0891,10.2241,10.4926,10.784,11.2091,12.8695,14.8098,16.0389,17.5785,18.80147,20.1739,21.97128,25.08764,
LTU.1.0.0.0.UDGG,Lithuania,01 Based on ESA 2010,General government consolidated gross debt :- Excessive deficit procedure (based on ESA 2010),Mrd EURO-LTL,NA,NA,NA,NA,NA,NA,NA,NA,NA,NA,NA,NA,NA,NA,NA,NA,NA,NA,NA,NA,NA,NA,NA,NA,NA,NA,NA,NA,NA,NA,NA,NA,NA,NA,NA,0.8945,1.3515,1.8022,2.1537,2.8856,3.14,3.2498,3.3654,3.3947,3.4045,3.7019,4.1519,4.6097,4.7621,7.5285,10.1536,11.6317,13.2662,13.5525,14.829,15.8824,15.4484,16.5418,15.3226,17.5261,23.0625,24.5701,25.70264,27.58052,29.99224,33.25896,40.00758,45.7179,
LUX.1.0.0.0.UDGG,Luxembourg,01 Based on ESA 2010,General government consolidated gross debt :- Excessive deficit procedure (based on ESA 2010),Mrd EURO-LUF,NA,NA,NA,NA,NA,NA,NA,NA,NA,NA,NA,NA,NA,NA,NA,NA,NA,NA,NA,NA,NA,NA,NA,NA,NA,NA,NA,NA,NA,NA,NA,NA,NA,NA,NA,1.5443,1.5965,1.6423,1.6462,1.6592,1.7226,1.8204,1.8628,1.9499,2.2072,2.4074,2.8041,3.0459,5.8524,5.969,8.0945,8.2012,9.7003,11.0006,11.3233,11.442,11.0154,12.6821,12.5624,13.9428,15.8234,17.6643,19.10734,20.2678,22.63811,23.6951,27.27676,29.47028,
HUN.1.0.0.0.UDGG,Hungary,01 Based on ESA 2010,General government consolidated gross debt :- Excessive deficit procedure (based on ESA 2010),Mrd HUF,NA,NA,NA,NA,NA,NA,NA,NA,NA,NA,NA,NA,NA,NA,NA,NA,NA,NA,NA,NA,NA,NA,NA,NA,NA,NA,NA,NA,NA,NA,NA,NA,NA,NA,NA,4910.985,5087.831,5506.525,6319.828,7029.46,7422.219,8046.338,9689.629,11116.431,12422.728,13674.097,15684.968,16873.887,19553.724,20694.74,21989.864,22927.097,22662.231,23431.201,25109.361,26491.901,27105.326,28322.513,29972.179,31155.776,38405.172,42345.225,48854.681,55132.774,59866.887,64911.638,69090.3288,74435.99499,
MLT.1.0.0.0.UDGG,Malta,01 Based on ESA 2010,General government consolidated gross debt :- Excessive deficit procedure (based on ESA 2010),Mrd EURO-MTL,NA,NA,NA,NA,NA,NA,NA,NA,NA,NA,NA,NA,NA,NA,NA,NA,NA,NA,NA,NA,NA,NA,NA,NA,NA,NA,NA,NA,NA,NA,NA,NA,NA,NA,NA,1.0449,1.236,1.5822,1.8415,2.3611,2.5192,2.781,2.8516,3.2856,3.4898,3.6064,3.4729,3.5846,3.837,4.1527,4.4625,4.8483,4.9074,5.2796,5.4358,5.6267,5.7743,5.711,5.6688,5.7241,7.0079,8.2976,9.04044,9.81789,10.6211,11.39708,12.05204,12.73243,
NLD.1.0.0.0.UDGG,Netherlands,01 Based on ESA 2010,General government consolidated gross debt :- Excessive deficit procedure (based on ESA 2010),Mrd EURO-NLG,NA,NA,NA,NA,NA,NA,NA,NA,NA,NA,NA,NA,NA,NA,NA,NA,NA,NA,NA,NA,NA,NA,NA,NA,NA,NA,NA,NA,NA,NA,NA,NA,NA,NA,NA,241.459,246.449,243.27,247.875,246.6,236.233,239.037,245.253,256.822,266.661,274.598,264.472,266.545,353.866,355.057,379.043,401.579,432.723,447.245,456.028,446.179,438.36,420.269,405.87,395.401,436.093,450.239,481.145,481.481,491.055,523.541,576.78466,597.93722,
AUT.1.0.0.0.UDGG,Austria,01 Based on ESA 2010,General government consolidated gross debt :- Excessive deficit procedure (based on ESA 2010),Mrd EURO-ATS,NA,NA,NA,NA,NA,NA,NA,NA,NA,NA,NA,NA,NA,NA,NA,NA,NA,NA,NA,NA,NA,NA,NA,NA,NA,NA,NA,NA,NA,NA,NA,NA,NA,NA,NA,120.65,124.5966,119.998,125.6502,136.2161,141.5432,147.5025,151.8,153.1069,158.5457,175.2039,181.3044,185.73,202.9147,231.1727,245.9854,256.8759,262.5654,264.761,281.2892,292.8737,296.6931,290.3728,285.8402,280.9753,316.3598,334.7306,351.14397,371.62141,395.0511,418.0785,439.28029,463.73824,
POL.1.0.0.0.UDGG,Poland,01 Based on ESA 2010,General government consolidated gross debt :- Excessive deficit procedure (based on ESA 2010),Mrd PLN,NA,NA,NA,NA,NA,NA,NA,NA,NA,NA,NA,NA,NA,NA,NA,NA,NA,NA,NA,NA,NA,NA,NA,NA,NA,NA,NA,NA,NA,NA,NA,NA,NA,NA,NA,163.971,182.86,220.697,232.934,262.437,272.317,291.181,338.665,394.461,420.945,461.625,505.534,528.434,600.811,683.702,774.854,856.727,883.671,931.219,874.417,923.894,1010.022,1007.29,1035.859,1046.153,1337.044,1410.966,1512.812,1691.261,2012.64,2335.153,2693.08659,3014.40156,
PRT.1.0.0.0.UDGG,Portugal,01 Based on ESA 2010,General government consolidated gross debt :- Excessive deficit procedure (based on ESA 2010),Mrd EURO-PTE,NA,NA,NA,NA,NA,NA,NA,NA,NA,NA,NA,NA,NA,NA,NA,NA,NA,NA,NA,NA,NA,NA,NA,NA,NA,NA,NA,NA,NA,NA,NA,NA,NA,NA,NA,55.3889,59.7361,60.0841,61.93,66.2669,69.5918,77.908,85.5266,93.3209,102.1546,114.5427,122.4674,127.5708,135.2091,153.6244,179.6529,201.0444,216.7467,223.3133,229.3913,235.0461,244.4947,246.3986,248.2772,249.0436,269.5777,268.1885,271.35762,261.8891,270.90194,275.06277,281.0648,288.22659,
ROM.1.0.0.0.UDGG,Romania,01 Based on ESA 2010,General government consolidated gross debt :- Excessive deficit procedure (based on ESA 2010),Mrd RON,NA,NA,NA,NA,NA,NA,NA,NA,NA,NA,NA,NA,NA,NA,NA,NA,NA,NA,NA,NA,NA,NA,NA,NA,NA,NA,NA,NA,NA,NA,NA,NA,NA,NA,NA,0.5032,1.2097,3.8402,6.2175,11.9745,18.1856,30.3685,37.795,42.4317,46.3568,45.6257,42.5834,50.8665,66.57,115.6017,156.5213,189.9397,219.7515,238.6393,261.7873,268.7113,284.5596,300.3006,329.8876,372.9026,498.5713,576.3387,665.49079,784.23528,964.80786,1137.32368,1269.2354,1401.62376,
SVN.1.0.0.0.UDGG,Slovenia,01 Based on ESA 2010,General government consolidated gross debt :- Excessive deficit procedure (based on ESA 2010),Mrd EURO-SIT,NA,NA,NA,NA,NA,NA,NA,NA,NA,NA,NA,NA,NA,NA,NA,NA,NA,NA,NA,NA,NA,NA,NA,NA,NA,NA,NA,NA,NA,NA,NA,NA,NA,NA,NA,1.9264,2.6191,3.0521,3.4895,4.0845,4.8863,5.5116,6.4424,6.8586,7.4312,7.6856,8.2015,8.0157,8.2632,12.5193,13.9182,17.2195,19.4307,25.5303,30.239,32.1109,31.7826,31.9222,32.2813,31.7931,37.4703,38.9295,41.39466,43.73886,44.75505,46.32357,48.30232,51.02586,
SVK.1.0.0.0.UDGG,Slovakia,01 Based on ESA 2010,General government consolidated gross debt :- Excessive deficit procedure (based on ESA 2010),Mrd EURO-SKK,NA,NA,NA,NA,NA,NA,NA,NA,NA,NA,NA,NA,NA,NA,NA,NA,NA,NA,NA,NA,NA,NA,NA,NA,NA,NA,NA,NA,NA,NA,NA,NA,NA,NA,NA,4.2684,6.7499,8.0678,9.071,13.4846,16.0053,17.6171,17.0142,17.9841,19.3172,17.5888,17.7678,19.1897,19.6298,23.3207,27.9399,30.9942,38.108,40.7629,40.8782,41.4736,42.5539,43.6539,44.4792,45.3919,55.0909,61.3559,63.50857,68.88225,77.73484,83.95681,91.10041,99.73175,
FIN.1.0.0.0.UDGG,Finland,01 Based on ESA 2010,General government consolidated gross debt :- Excessive deficit procedure (based on ESA 2010),Mrd EURO-FIM,NA,NA,NA,NA,NA,NA,NA,NA,NA,NA,NA,NA,NA,NA,NA,1.18,1.257,1.756,2.747,3.232,3.773,4.377,5.904,7.302,8.082,9.188,10.273,11.919,12.657,12.224,12.547,18.996,33.25,46.404,50.95,54.351,56.458,57.858,56.414,55.913,61.564,62.825,63.299,68.508,71.335,69.397,69.532,67.34,67.435,80.2,94.286,102.829,115.931,123.75,133.42,144.537,148.088,149.611,151.569,155.819,178.04,181.911,196.844,210.338,227.339,248.433,263.77944,278.45819,
SWE.1.0.0.0.UDGG,Sweden,01 Based on ESA 2010,General government consolidated gross debt :- Excessive deficit procedure (based on ESA 2010),Mrd SEK,NA,NA,NA,NA,NA,NA,NA,NA,NA,NA,NA,NA,NA,NA,NA,NA,NA,NA,NA,NA,NA,NA,NA,NA,NA,NA,NA,NA,NA,NA,NA,NA,NA,NA,NA,1309.95,1357.09,1370.761,1424.235,1376.818,1215.086,1302.297,1297.728,1335.922,1375.773,1434.126,1369.525,1301.073,1290.187,1372.887,1374.837,1400.289,1419.953,1566.661,1825.921,1895.073,1896.769,1917.556,1919.259,1808.407,2029.284,2017.609,2001.233,1980.795,2186.716,2305.401,2473.87324,2650.40318,
GBR.1.0.0.0.UDGG,United Kingdom,01 Based on ESA 2010,General government consolidated gross debt :- Excessive deficit procedure (based on ESA 2010),Mrd GBP,NA,NA,NA,NA,NA,NA,NA,NA,NA,NA,NA,NA,NA,NA,NA,NA,NA,NA,NA,NA,NA,NA,NA,NA,NA,NA,NA,NA,NA,NA,NA,NA,NA,NA,NA,NA,NA,420.757,419.066,421.574,414.826,400.663,422.18,462.61,526.43,573.493,619.114,666.88,809.985,1005.405,1220.252,1353.765,1447.791,1519.787,1622.146,1683.93,1749.168,1806.064,1858.505,1913.591,2226.431,2402.71,2516.235,2720.318,2887.047,3107.182,3260.80841,3407.69176,
ALB.1.0.0.0.UDGG,Albania,01 Based on ESA 2010,General government consolidated gross debt :- Excessive deficit procedure (based on ESA 2010),(National currency),NA,NA,NA,NA,NA,NA,NA,NA,NA,NA,NA,NA,NA,NA,NA,NA,NA,NA,NA,NA,NA,NA,NA,NA,NA,NA,NA,NA,NA,NA,NA,NA,NA,NA,NA,NA,NA,NA,NA,NA,NA,NA,NA,NA,NA,NA,NA,NA,NA,NA,715.518,772.732,828.265,885.079,977.965,1043.229,1066.611,1088.169,NA,NA,NA,NA,NA,NA,NA,NA,NA,NA,
MNE.1.0.0.0.UDGG,Montenegro,01 Based on ESA 2010,General government consolidated gross debt :- Excessive deficit procedure (based on ESA 2010),Mrd EUR,NA,NA,NA,NA,NA,NA,NA,NA,NA,NA,NA,NA,NA,NA,NA,NA,NA,NA,NA,NA,NA,NA,NA,NA,NA,NA,NA,NA,NA,NA,NA,NA,NA,NA,NA,NA,NA,NA,NA,NA,NA,NA,1.03,0.608,0.757,0.7004,0.7011,0.7372,0.8947,1.1402,1.2707,1.4835,1.6995,1.933,2.0717,2.4188,2.5461,2.7588,NA,NA,NA,NA,NA,NA,NA,NA,NA,NA,
MKD.1.0.0.0.UDGG,North Macedonia,01 Based on ESA 2010,General government consolidated gross debt :- Excessive deficit procedure (based on ESA 2010),Mrd MKD,NA,NA,NA,NA,NA,NA,NA,NA,NA,NA,NA,NA,NA,NA,NA,NA,NA,NA,NA,NA,NA,NA,NA,NA,NA,NA,NA,NA,NA,NA,NA,NA,NA,NA,NA,NA,NA,NA,NA,66.955,113.285,114.118,104.633,97.969,97.096,113.33815,102.40691,87.49412,84.98013,97.86939,105.24705,128.77446,157.18247,170.68899,201.0496,212.76127,237.23507,243.74635,NA,NA,NA,NA,NA,NA,NA,NA,NA,NA,
SRB.1.0.0.0.UDGG,Serbia,01 Based on ESA 2010,General government consolidated gross debt :- Excessive deficit procedure (based on ESA 2010),Mrd RSD,NA,NA,NA,NA,NA,NA,NA,NA,NA,NA,NA,NA,NA,NA,NA,NA,NA,NA,NA,NA,NA,NA,NA,NA,NA,NA,NA,NA,NA,NA,NA,NA,NA,NA,NA,NA,NA,NA,NA,NA,831.25253,802.07619,709.22537,753.02371,763.27292,879.16868,738.81185,703.24873,778.03938,944.40824,1282.53583,1614.22947,2081.25135,2369.01931,2808.16714,3072.28702,3110.79745,2790.50069,2757.29543,2863.95531,3181.22609,3581.76547,3945.80567,4266.56321,4576.5359,4614,4962.93624,5312.53991,
TUR.1.0.0.0.UDGG,Türkiye,01 Based on ESA 2010,General government consolidated gross debt :- Excessive deficit procedure (based on ESA 2010),Mrd TRY,NA,NA,NA,NA,NA,NA,NA,NA,NA,NA,NA,NA,NA,NA,NA,NA,NA,NA,NA,NA,NA,NA,NA,NA,NA,NA,NA,NA,NA,NA,NA,NA,NA,NA,NA,NA,NA,NA,NA,NA,NA,NA,NA,NA,NA,NA,NA,NA,NA,NA,NA,NA,NA,NA,NA,NA,NA,NA,NA,1373.21833,1969.14558,2892.4573,4510.84873,7650.82164,10521.1,14991.54307,20736.77849,26779.12447,
ISL.1.0.0.0.UDGG,Iceland,01 Based on ESA 2010,General government consolidated gross debt :- Excessive deficit procedure (based on ESA 2010),Mrd ISK,NA,NA,NA,NA,NA,NA,NA,NA,NA,NA,NA,NA,NA,NA,NA,NA,NA,NA,NA,NA,NA,NA,NA,NA,NA,NA,NA,NA,NA,NA,NA,NA,NA,NA,NA,267611,274447,279351,265216,497639,537821,668.96,701761,745818,784696,731653,865981,948735,1754.26,2094.36,2238.06,2438.82,2471.13,2402.8,2405.56,2248.99,2071.73,1895.4,1798.77,2013.2,2270.44,2451.64,2621.71,2689.56,2727.28,2326.2,2408.62409,2448.66937,
NOR.1.0.0.0.UDGG,Norway,01 Based on ESA 2010,General government consolidated gross debt :- Excessive deficit procedure (based on ESA 2010),Mrd NOK,NA,NA,NA,NA,NA,NA,NA,NA,NA,NA,NA,NA,NA,NA,NA,NA,NA,NA,NA,NA,NA,NA,NA,NA,NA,NA,NA,NA,NA,NA,NA,NA,NA,NA,NA,NA,NA,NA,NA,NA,430.505,424.568,527.258,677.804,768.0985,830.362,1161.5793,1164.4552,1233.5428,1027.8846,1108.3786,810.594,892.34,947.629,898.331,1036.984,1151.561,1242.144,1387.702,1432.275,1560.872,1784.496,2080.514,2266.475,2861.236,NA,2760.50404,2644.97044,
JPN.1.0.0.0.UDGG,Japan,01 Based on ESA 2010,General government consolidated gross debt :- Excessive deficit procedure (based on ESA 2010),Mrd JPY,NA,NA,NA,NA,NA,NA,NA,NA,NA,NA,NA,NA,NA,NA,NA,NA,NA,NA,NA,NA,NA,145038.3,166617.3,191704.6,209705.2,232523.5,264667,283065.9,288184.9,281739.7,291689.2,306569.4,336606.4,367463.7,426269,491515.8,531245.9,569804.9,622583.4,681369.5,726279.7,767939,809191.3,838714.9,894288.3,824534.506,822212.291,819298.896,819328.4,863188.448,911001.331,954996.597,996319.4,1035107.8,1075686.6,1098527.7,1123867.8,1147819.8,1159482.5,1179850,1267561.9,1277243.6,1332586,1357133.4,1360332.8,1370825.573,1379464.936,1395407.522,
USA.1.0.0.0.UDGG,United States,01 Based on ESA 2010,General government consolidated gross debt :- Excessive deficit procedure (based on ESA 2010),Mrd USD,NA,NA,NA,NA,NA,NA,NA,NA,NA,NA,NA,NA,NA,NA,NA,NA,NA,NA,NA,NA,NA,NA,NA,NA,NA,NA,NA,NA,NA,NA,NA,NA,NA,4535.68705,4800.14995,4988.66498,5323.17175,5502.38801,5614.21702,5776.09131,5662.21601,5943.43856,6405.70746,6997.96425,7596.1428,8170.42454,8680.22438,9229.17266,10699.80486,12311.34968,14025.21522,15222.94005,16432.73005,17351.97078,18141.44414,18922.17901,19976.82695,20492.74655,21974.09571,23201.38013,27747.79795,29617.21486,31419.68942,34001.49366,36218.60531,38514.00918,41030.00414,43621.08102,
EU27.1.0.99.0.UDGG,European Union,01 Based on ESA 2010,General government consolidated gross debt :- Excessive deficit procedure (based on ESA 2010),"Mrd ECU/EUR, Standard aggregation",NA,NA,NA,NA,NA,NA,NA,NA,NA,NA,NA,NA,NA,NA,NA,NA,NA,NA,NA,NA,NA,NA,NA,NA,NA,NA,NA,NA,NA,NA,NA,NA,NA,NA,NA,NA,NA,NA,NA,NA,5248.11428,5431.90829,5616.00237,5876.57248,6174.50872,6453.90235,6608.9438,6729.93127,7249.94443,8068.0853,8902.67691,9386.03596,9937.97988,10293.23987,10558.78381,10705.92297,10859.83305,10971.46051,11072.48472,11173.72721,12389.09339,13064.38497,13547.6075,14122.64694,14766.06143,15587.80564,16445.91419,17304.93412,
EU15.1.0.99.0.UDGG,European Union (15 countries),01 Based on ESA 2010,General government consolidated gross debt :- Excessive deficit procedure (based on ESA 2010),"Mrd ECU/EUR, Standard aggregation",NA,NA,NA,NA,NA,NA,NA,NA,NA,NA,NA,NA,NA,NA,NA,NA,NA,NA,NA,NA,NA,NA,NA,NA,NA,NA,NA,NA,NA,NA,NA,NA,NA,NA,NA,NA,NA,NA,NA,NA,5746.87547,5892.04666,6053.2439,6315.16519,6665.82728,7010.92773,7223.96177,7304.49424,7749.36274,8786.37348,9841.41426,10511.59592,11155.0427,11533.68319,12060.85409,12396.00614,12278.41854,12360.40037,12494.53678,12749.36912,14057.2224,15041.27181,15428.70279,16162.35167,17011.73448,17735.2871,18620.25007,19484.0259,
EA19.1.0.99.0.UDGG,Euro area (19 countries),01 Based on ESA 2010,General government consolidated gross debt :- Excessive deficit procedure (based on ESA 2010),"Mrd ECU/EUR, Standard aggregation",NA,NA,NA,NA,NA,NA,NA,NA,NA,NA,NA,NA,NA,NA,NA,NA,NA,NA,NA,NA,NA,NA,NA,NA,NA,NA,NA,NA,NA,NA,NA,NA,NA,NA,NA,4124.67439,4406.31792,4482.54668,4642.99634,4796.35536,4878.91532,5034.15504,5201.31921,5455.53022,5713.45977,5978.2959,6118.92946,6234.17346,6744.70372,7486.6962,8236.1835,8698.2362,9195.4326,9525.9662,9777.6829,9900.7207,10047.3973,10142.1028,10246.707,10344.7191,11403.4256,12027.498,12471.30308,12928.69805,13432.2952,14072.13841,14767.26298,15467.24954,
EA20.1.0.99.0.UDGG,Euro area (20 countries),01 Based on ESA 2010,General government consolidated gross debt :- Excessive deficit procedure (based on ESA 2010),"Mrd ECU/EUR, Standard aggregation",NA,NA,NA,NA,NA,NA,NA,NA,NA,NA,NA,NA,NA,NA,NA,NA,NA,NA,NA,NA,NA,NA,NA,NA,NA,NA,NA,NA,NA,NA,NA,NA,NA,NA,NA,4128.63676,4411.08018,4487.79156,4648.07595,4802.66405,4887.35635,5043.8164,5211.71672,5467.15252,5726.67046,5993.4205,6134.46526,6250.66266,6763.26314,7508.7955,8261.457,8726.7659,9226.2734,9561.7846,9815.0269,9938.7709,10085.0988,10179.9875,10284.7455,10383.6378,11447.3075,12073.1269,12517.65037,12976.96191,13481.57918,14124.50919,14823.1908,15525.83649,
EA21.1.0.99.0.UDGG,Euro area (21 countries),01 Based on ESA 2010,General government consolidated gross debt :- Excessive deficit procedure (based on ESA 2010),"Mrd ECU/EUR, Standard aggregation",NA,NA,NA,NA,NA,NA,NA,NA,NA,NA,NA,NA,NA,NA,NA,NA,NA,NA,NA,NA,NA,NA,NA,NA,NA,NA,NA,NA,NA,NA,NA,NA,NA,NA,NA,4139.18663,4419.83753,4497.10133,4657.09725,4812.3729,4897.53351,5054.08614,5220.60701,5475.27896,5734.19659,5999.80907,6140.18625,6255.95954,6768.11172,7513.90798,8267.31399,8733.0509,9233.27911,9568.93221,9826.64618,9950.64248,10099.28692,10193.1701,10297.17269,10395.94889,11462.43923,12090.14246,12537.00558,12998.63723,13506.55643,14159.14409,14862.3814,15570.75795,
EA12.1.0.99.0.UDGG,Euro area (12 countries),01 Based on ESA 2010,General government consolidated gross debt :- Excessive deficit procedure (based on ESA 2010),"Mrd ECU/EUR, Standard aggregation",NA,NA,NA,NA,NA,NA,NA,NA,NA,NA,NA,NA,NA,NA,NA,NA,NA,NA,NA,NA,NA,NA,NA,NA,NA,NA,NA,NA,NA,NA,NA,NA,NA,NA,NA,4112.50541,4390.6369,4463.76656,4622.84072,4770.09592,4849.4603,5001.1448,5166.8425,5418.5835,5672.8647,5937.4357,6075.4658,6188.423,6693.9691,7420.3255,8158.2209,8609.4868,9091.9636,9409.9445,9654.2882,9774.2461,9919.0122,10011.89,10113.9574,10208.9015,11237.1866,11848.9618,12284.90794,12730.30741,13219.22382,13846.91467,14522.79089,15200.66813,
BEL.1.0.99.0.UDGG,Belgium,01 Based on ESA 2010,General government consolidated gross debt :- Excessive deficit procedure (based on ESA 2010),Mrd ECU/EUR,NA,NA,NA,NA,NA,NA,NA,NA,NA,NA,NA,NA,NA,NA,NA,NA,NA,NA,NA,NA,NA,NA,NA,NA,NA,NA,NA,NA,NA,NA,NA,NA,NA,NA,NA,288.51714,278.50476,275.69941,277.5972,279.6298,281.3668,286.7444,288.4892,286.3789,288.5417,295.285,297.5901,300.5993,327.7227,347.3179,364.3525,389.5359,404.8984,414.6298,431.8637,439.1931,453.1934,455.0758,460.2097,468.3848,516.4385,550.2853,580.35429,617.17527,644.19855,692.46082,729.95409,768.57296,
BGR.1.0.99.0.UDGG,Bulgaria,01 Based on ESA 2010,General government consolidated gross debt :- Excessive deficit procedure (based on ESA 2010),Mrd ECU/EUR,NA,NA,NA,NA,NA,NA,NA,NA,NA,NA,NA,NA,NA,NA,NA,NA,NA,NA,NA,NA,NA,NA,NA,NA,NA,NA,NA,NA,NA,NA,NA,NA,NA,NA,NA,10.54987,8.75735,9.30977,9.0213,9.70885,10.17716,10.26974,8.89029,8.12644,7.52613,6.38856,5.72099,5.29688,4.84857,5.11248,5.85699,6.285,7.00571,7.14761,11.61928,11.87158,14.18812,13.1826,12.42719,12.31109,15.13173,17.01556,19.35521,21.67532,24.97725,34.6349,39.19059,44.92146,
CZE.1.0.99.0.UDGG,Czech Republic,01 Based on ESA 2010,General government consolidated gross debt :- Excessive deficit procedure (based on ESA 2010),Mrd ECU/EUR,NA,NA,NA,NA,NA,NA,NA,NA,NA,NA,NA,NA,NA,NA,NA,NA,NA,NA,NA,NA,NA,NA,NA,NA,NA,NA,NA,NA,NA,NA,NA,NA,NA,NA,NA,6.19971,6.18383,6.32029,8.55194,9.4752,11.56784,18.32223,22.0139,24.5307,28.67296,31.38562,35.40502,39.60617,42.29857,49.82442,59.05977,62.5761,71.77874,67.09618,65.58096,67.94386,64.93975,68.52074,67.43127,68.49272,81.91658,103.25658,124.30055,130.8082,138.51499,156.21777,168.38555,182.89662,
DNK.1.0.99.0.UDGG,Denmark,01 Based on ESA 2010,General government consolidated gross debt :- Excessive deficit procedure (based on ESA 2010),Mrd ECU/EUR,NA,NA,NA,NA,NA,NA,NA,NA,NA,NA,NA,NA,NA,NA,NA,NA,NA,NA,NA,NA,NA,NA,NA,NA,NA,NA,NA,NA,NA,NA,NA,NA,NA,NA,NA,NA,NA,NA,NA,NA,95.14786,92.44428,95.60813,93.08312,93.79174,83.889,75.01994,68.90645,86.32324,100.04856,112.18452,124.29196,123.58571,123.95438,129.56284,121.19964,117.85281,118.09104,115.78929,118.19465,141.31975,136.05996,126.84053,123.30957,119.87135,114.50149,114.17529,115.40781,
DEU.1.0.99.0.UDGG,Germany,01 Based on ESA 2010,General government consolidated gross debt :- Excessive deficit procedure (based on ESA 2010),Mrd ECU/EUR,NA,NA,NA,NA,NA,NA,NA,NA,NA,NA,NA,NA,NA,NA,NA,NA,NA,NA,NA,NA,NA,NA,NA,NA,NA,NA,NA,NA,NA,NA,NA,NA,NA,NA,NA,1082.71511,1118.50692,1145.21124,1202.0264,1253.5979,1261.5847,1274.759,1330.0831,1419.426,1489.6709,1561.0205,1610.9037,1619.0646,1687.442,1804.696,2119.2418,2155.8757,2234.8025,2220.281,2224.5595,2197.4738,2182.375,2132.7839,2086.432,2075.7899,2347.9054,2501.6931,2569.02928,2630.54699,2693.82718,2838.23892,3033.17385,3252.62405,
EST.1.0.99.0.UDGG,Estonia,01 Based on ESA 2010,General government consolidated gross debt :- Excessive deficit procedure (based on ESA 2010),Mrd ECU/EUR,NA,NA,NA,NA,NA,NA,NA,NA,NA,NA,NA,NA,NA,NA,NA,NA,NA,NA,NA,NA,NA,NA,NA,NA,NA,NA,NA,NA,NA,NA,NA,NA,NA,NA,NA,0.23629,0.27655,0.31077,0.30392,0.348,0.3156,0.3444,0.4429,0.4897,0.5045,0.537,0.6401,0.641,0.7766,1.1272,1.1779,1.2718,2.0161,2.1913,2.3549,2.267,2.272,2.2941,2.2491,2.5758,5.3206,5.7953,6.96514,7.73632,9.35307,10.03517,11.77744,14.02583,
IRL.1.0.99.0.UDGG,Ireland,01 Based on ESA 2010,General government consolidated gross debt :- Excessive deficit procedure (based on ESA 2010),Mrd ECU/EUR,NA,NA,NA,NA,NA,NA,NA,NA,NA,NA,NA,NA,NA,NA,NA,NA,NA,NA,NA,NA,NA,NA,NA,NA,NA,NA,NA,NA,NA,NA,NA,NA,NA,NA,NA,41.33329,44.44673,43.59917,41.3527,43.2129,39.5059,40.9949,42.0092,43.4286,43.7597,44.3812,43.7386,47.1951,79.621,104.7034,144.2266,189.7237,210.023,215.2385,203.3782,201.5748,200.5569,201.1221,205.5656,202.9357,217.2051,235.1815,223.6961,219.27692,215.57481,209.9023,208.35971,214.40623,
GRC.1.0.99.0.UDGG,Greece,01 Based on ESA 2010,General government consolidated gross debt :- Excessive deficit procedure (based on ESA 2010),Mrd ECU/EUR,NA,NA,NA,NA,NA,NA,NA,NA,NA,NA,NA,NA,NA,NA,NA,NA,NA,NA,NA,NA,NA,NA,NA,NA,NA,NA,NA,NA,NA,NA,NA,NA,NA,NA,NA,100.75282,114.95477,124.57988,126.13132,136.51252,148.217,162.971,171.41,181.51,199.282,213.976,225.73,239.915,264.775,301.062,330.57,356.235,305.085,321.257,321.631,314.987,319.425,323.004,341.416,339.201,350.798,364.141,368.005,369.11,364.964,362.925,365.96336,364.57207,
ESP.1.0.99.0.UDGG,Spain,01 Based on ESA 2010,General government consolidated gross debt :- Excessive deficit procedure (based on ESA 2010),Mrd ECU/EUR,NA,NA,NA,NA,NA,NA,NA,NA,NA,NA,NA,NA,NA,NA,NA,NA,NA,NA,NA,NA,NA,NA,NA,NA,NA,NA,NA,NA,NA,NA,NA,NA,NA,NA,NA,295.60402,324.30082,331.63018,346.417,362.2235,374.5572,378.8834,384.1453,382.775,389.8879,393.4791,392.1322,384.662,440.621,569.5354,649.1525,743.0432,927.8133,1025.8052,1085.1654,1114.129,1145.655,1184.1483,1209.7418,1224.3638,1346.9164,1429.4036,1504.10507,1575.37674,1620.57339,1698.22458,1765.92009,1833.03219,
FRA.1.0.99.0.UDGG,France,01 Based on ESA 2010,General government consolidated gross debt :- Excessive deficit procedure (based on ESA 2010),Mrd ECU/EUR,NA,NA,NA,NA,NA,NA,NA,NA,NA,NA,NA,NA,NA,NA,NA,NA,NA,NA,NA,NA,NA,NA,NA,NA,NA,NA,NA,NA,NA,NA,NA,NA,NA,NA,NA,714.68876,755.31305,793.02332,836.0594,856.9435,880.0048,907.6726,966.8225,1060.4064,1134.3469,1201.4707,1207.3127,1268.8587,1389.4016,1627.1822,1722.1722,1830.1363,1915.8352,2004.9582,2071.1245,2134.871,2190.5246,2263.2858,2320.7371,2387.399,2663.852,2828.781,2955.63906,3103.248,3306.09667,3460.46507,3626.44456,3806.77283,
HRV.1.0.99.0.UDGG,Croatia,01 Based on ESA 2010,General government consolidated gross debt :- Excessive deficit procedure (based on ESA 2010),Mrd ECU/EUR,NA,NA,NA,NA,NA,NA,NA,NA,NA,NA,NA,NA,NA,NA,NA,NA,NA,NA,NA,NA,NA,NA,NA,NA,NA,NA,NA,NA,NA,NA,NA,NA,NA,NA,NA,3.96238,4.76227,5.24489,5.07961,6.30869,8.44103,9.66136,10.39751,11.62229,13.21069,15.1246,15.53581,16.4892,18.55942,22.09931,25.2735,28.5297,30.8408,35.8184,37.344,38.0502,37.7015,37.8847,38.0385,38.9187,43.8819,45.6289,46.34729,48.26386,49.28399,52.37078,55.92783,58.58695,
ITA.1.0.99.0.UDGG,Italy,01 Based on ESA 2010,General government consolidated gross debt :- Excessive deficit procedure (based on ESA 2010),Mrd ECU/EUR,NA,NA,NA,NA,NA,NA,NA,NA,NA,NA,39.39836,48.03472,56.80841,66.19123,76.53326,101.69416,102.39717,113.29148,134.32896,158.62509,181.43644,211.55544,265.19143,327.96236,404.94098,451.71827,541.35589,589.26074,663.33264,754.8572,839.55531,947.81182,920.69887,972.92352,1036.65993,1096.64918,1260.41027,1271.89408,1299.7413,1331.3206,1353.5693,1420.0266,1436.1418,1470.9509,1526.4721,1591.6742,1657.4786,1677.8966,1739.1086,1839.8055,1921.4435,1974.4075,2055.8398,2137.7049,2205.1141,2241.9396,2288.6311,2333.1366,2385.7364,2415.6456,2578.1773,2686.7429,2764.4812,2869.97618,2967.00408,3095.8876,3204.78928,3302.85728,
CYP.1.0.99.0.UDGG,Cyprus,01 Based on ESA 2010,General government consolidated gross debt :- Excessive deficit procedure (based on ESA 2010),Mrd ECU/EUR,NA,NA,NA,NA,NA,NA,NA,NA,NA,NA,NA,NA,NA,NA,NA,NA,NA,NA,NA,NA,NA,NA,NA,NA,NA,NA,NA,NA,NA,NA,NA,NA,NA,NA,NA,3.7317,4.04489,4.63341,5.14123,5.58291,6.10339,6.74551,7.43115,8.28083,9.16014,9.69762,9.71637,9.75,8.9546,10.7653,11.6927,13.8774,16.4445,19.5331,19.8399,20.0249,20.3298,19.5972,21.9646,21.5975,25.4173,24.778,23.7448,23.0563,21.8136,20.07825,19.261,18.26001,
LVA.1.0.99.0.UDGG,Latvia,01 Based on ESA 2010,General government consolidated gross debt :- Excessive deficit procedure (based on ESA 2010),Mrd ECU/EUR,NA,NA,NA,NA,NA,NA,NA,NA,NA,NA,NA,NA,NA,NA,NA,NA,NA,NA,NA,NA,NA,NA,NA,NA,NA,NA,NA,NA,NA,NA,NA,NA,NA,NA,NA,0.55813,0.6211,0.61954,0.57351,0.90465,1.01104,1.30441,1.25154,1.41021,1.62866,1.6388,1.73645,1.93513,4.51132,6.957,8.6178,8.9065,9.2961,9.172,9.8179,9.0891,10.2241,10.4926,10.784,11.2091,12.8695,14.8098,16.0389,17.5785,18.80147,20.1739,21.97128,25.08764,
LTU.1.0.99.0.UDGG,Lithuania,01 Based on ESA 2010,General government consolidated gross debt :- Excessive deficit procedure (based on ESA 2010),Mrd ECU/EUR,NA,NA,NA,NA,NA,NA,NA,NA,NA,NA,NA,NA,NA,NA,NA,NA,NA,NA,NA,NA,NA,NA,NA,NA,NA,NA,NA,NA,NA,NA,NA,NA,NA,NA,NA,0.58751,0.93106,1.40884,1.59338,2.48037,2.91219,3.18522,3.36569,3.39509,3.4045,3.7019,4.1519,4.6097,4.7621,7.5285,10.1536,11.6317,13.2662,13.5525,14.829,15.8824,15.4484,16.5418,15.3226,17.5261,23.0625,24.5701,25.70264,27.58052,29.99224,33.25896,40.00758,45.7179,
LUX.1.0.99.0.UDGG,Luxembourg,01 Based on ESA 2010,General government consolidated gross debt :- Excessive deficit procedure (based on ESA 2010),Mrd ECU/EUR,NA,NA,NA,NA,NA,NA,NA,NA,NA,NA,NA,NA,NA,NA,NA,NA,NA,NA,NA,NA,NA,NA,NA,NA,NA,NA,NA,NA,NA,NA,NA,NA,NA,NA,NA,1.60983,1.60597,1.62507,1.6462,1.6592,1.7226,1.8204,1.8628,1.9499,2.2072,2.4074,2.8041,3.0459,5.8524,5.969,8.0945,8.2012,9.7003,11.0006,11.3233,11.442,11.0154,12.6821,12.5624,13.9428,15.8234,17.6643,19.10734,20.2678,22.63811,23.6951,27.27676,29.47028,
HUN.1.0.99.0.UDGG,Hungary,01 Based on ESA 2010,General government consolidated gross debt :- Excessive deficit procedure (based on ESA 2010),Mrd ECU/EUR,NA,NA,NA,NA,NA,NA,NA,NA,NA,NA,NA,NA,NA,NA,NA,NA,NA,NA,NA,NA,NA,NA,NA,NA,NA,NA,NA,NA,NA,NA,NA,NA,NA,NA,NA,26.7925,24.58994,24.50536,25.03973,27.59898,28.00837,32.81808,41.00736,42.34831,50.50505,54.0756,62.2988,66.50332,73.3173,76.52814,79.11446,72.88161,77.53073,78.88231,79.57584,83.84044,87.48451,91.26579,93.37709,94.26006,105.54061,114.69765,121.87163,144.02501,145.53759,168.53599,187.02454,204.40071,
MLT.1.0.99.0.UDGG,Malta,01 Based on ESA 2010,General government consolidated gross debt :- Excessive deficit procedure (based on ESA 2010),Mrd ECU/EUR,NA,NA,NA,NA,NA,NA,NA,NA,NA,NA,NA,NA,NA,NA,NA,NA,NA,NA,NA,NA,NA,NA,NA,NA,NA,NA,NA,NA,NA,NA,NA,NA,NA,NA,NA,0.96839,1.17722,1.56853,1.79021,2.44193,2.65402,2.98904,2.92742,3.2673,3.44978,3.6064,3.4729,3.5846,3.837,4.1527,4.4625,4.8483,4.9074,5.2796,5.4358,5.6267,5.7743,5.711,5.6688,5.7241,7.0079,8.2976,9.04044,9.81789,10.6211,11.39708,12.05204,12.73243,
NLD.1.0.99.0.UDGG,Netherlands,01 Based on ESA 2010,General government consolidated gross debt :- Excessive deficit procedure (based on ESA 2010),Mrd ECU/EUR,NA,NA,NA,NA,NA,NA,NA,NA,NA,NA,NA,NA,NA,NA,NA,NA,NA,NA,NA,NA,NA,NA,NA,NA,NA,NA,NA,NA,NA,NA,NA,NA,NA,NA,NA,252.35378,248.59118,240.68049,247.875,246.6,236.233,239.037,245.253,256.822,266.661,274.598,264.472,266.545,353.866,355.057,379.043,401.579,432.723,447.245,456.028,446.179,438.36,420.269,405.87,395.401,436.093,450.239,481.145,481.481,491.055,523.541,576.78466,597.93722,
AUT.1.0.99.0.UDGG,Austria,01 Based on ESA 2010,General government consolidated gross debt :- Excessive deficit procedure (based on ESA 2010),Mrd ECU/EUR,NA,NA,NA,NA,NA,NA,NA,NA,NA,NA,NA,NA,NA,NA,NA,NA,NA,NA,NA,NA,NA,NA,NA,NA,NA,NA,NA,NA,NA,NA,NA,NA,NA,NA,NA,125.24557,125.17699,118.77489,125.6502,136.2161,141.5432,147.5025,151.8,153.1069,158.5457,175.2039,181.3044,185.73,202.9147,231.1727,245.9854,256.8759,262.5654,264.761,281.2892,292.8737,296.6931,290.3728,285.8402,280.9753,316.3598,334.7306,351.14397,371.62141,395.0511,418.0785,439.28029,463.73824,
POL.1.0.99.0.UDGG,Poland,01 Based on ESA 2010,General government consolidated gross debt :- Excessive deficit procedure (based on ESA 2010),Mrd ECU/EUR,NA,NA,NA,NA,NA,NA,NA,NA,NA,NA,NA,NA,NA,NA,NA,NA,NA,NA,NA,NA,NA,NA,NA,NA,NA,NA,NA,NA,NA,NA,NA,NA,NA,NA,NA,50.49892,50.77921,56.87774,56.95946,63.10554,70.73536,83.30644,84.22407,83.89396,103.05913,119.59197,131.95876,147.05273,144.65174,166.57376,194.93182,192.17743,216.90501,224.15786,204.62815,216.67816,229.01435,241.15154,240.81904,245.76043,293.23069,306.93859,323.19518,389.73638,470.79298,553.2227,635.23081,710.92029,
PRT.1.0.99.0.UDGG,Portugal,01 Based on ESA 2010,General government consolidated gross debt :- Excessive deficit procedure (based on ESA 2010),Mrd ECU/EUR,NA,NA,NA,NA,NA,NA,NA,NA,NA,NA,NA,NA,NA,NA,NA,NA,NA,NA,NA,NA,NA,NA,NA,NA,NA,NA,NA,NA,NA,NA,NA,NA,NA,NA,NA,56.5099,61.11208,59.59216,61.93,66.2669,69.5918,77.908,85.5266,93.3209,102.1546,114.5427,122.4674,127.5708,135.2091,153.6244,179.6529,201.0444,216.7467,223.3133,229.3913,235.0461,244.4947,246.3986,248.2772,249.0436,269.5777,268.1885,271.35762,261.8891,270.90194,275.06277,281.0648,288.22659,
ROM.1.0.99.0.UDGG,Romania,01 Based on ESA 2010,General government consolidated gross debt :- Excessive deficit procedure (based on ESA 2010),Mrd ECU/EUR,NA,NA,NA,NA,NA,NA,NA,NA,NA,NA,NA,NA,NA,NA,NA,NA,NA,NA,NA,NA,NA,NA,NA,NA,NA,NA,NA,NA,NA,NA,NA,NA,NA,NA,NA,1.48692,2.33425,4.33475,4.85215,6.52739,7.53276,10.91724,10.75708,10.30947,11.76867,12.39761,12.58561,14.09943,16.54941,27.28836,36.72485,43.93396,49.44347,53.37493,58.39817,59.39684,62.69213,64.46294,70.7382,77.96416,102.41179,116.45559,134.45617,157.61622,193.95852,223.14466,249.13876,275.11463,
SVN.1.0.99.0.UDGG,Slovenia,01 Based on ESA 2010,General government consolidated gross debt :- Excessive deficit procedure (based on ESA 2010),Mrd ECU/EUR,NA,NA,NA,NA,NA,NA,NA,NA,NA,NA,NA,NA,NA,NA,NA,NA,NA,NA,NA,NA,NA,NA,NA,NA,NA,NA,NA,NA,NA,NA,NA,NA,NA,NA,NA,2.788,3.54035,3.91524,4.42892,4.92098,5.48353,6.03556,6.70782,6.94379,7.42748,7.69009,8.2015,8.0157,8.2632,12.5193,13.9182,17.2195,19.4307,25.5303,30.239,32.1109,31.7826,31.9222,32.2813,31.7931,37.4703,38.9295,41.39466,43.73886,44.75505,46.32357,48.30232,51.02586,
SVK.1.0.99.0.UDGG,Slovakia,01 Based on ESA 2010,General government consolidated gross debt :- Excessive deficit procedure (based on ESA 2010),Mrd ECU/EUR,NA,NA,NA,NA,NA,NA,NA,NA,NA,NA,NA,NA,NA,NA,NA,NA,NA,NA,NA,NA,NA,NA,NA,NA,NA,NA,NA,NA,NA,NA,NA,NA,NA,NA,NA,3.29895,5.08983,6.32379,6.32446,9.58061,10.97525,12.4061,12.35019,13.1598,15.02,13.98839,15.54444,17.21433,19.6298,23.3207,27.9399,30.9942,38.108,40.7629,40.8782,41.4736,42.5539,43.6539,44.4792,45.3919,55.0909,61.3559,63.50857,68.88225,77.73484,83.95681,91.10041,99.73175,
FIN.1.0.99.0.UDGG,Finland,01 Based on ESA 2010,General government consolidated gross debt :- Excessive deficit procedure (based on ESA 2010),Mrd ECU/EUR,NA,NA,NA,NA,NA,NA,NA,NA,NA,NA,NA,NA,NA,NA,NA,1.55862,1.7554,2.10607,3.00263,3.60102,4.45848,5.50357,6.86081,9.03173,10.37525,11.34616,11.90704,13.78277,15.44252,15.01095,15.10379,20.35747,31.21668,42.70417,51.96897,56.52601,57.71337,57.45667,56.414,55.913,61.564,62.825,63.299,68.508,71.335,69.397,69.532,67.34,67.435,80.2,94.286,102.829,115.931,123.75,133.42,144.537,148.088,149.611,151.569,155.819,178.04,181.911,196.844,210.338,227.339,248.433,263.77944,278.45819,
SWE.1.0.99.0.UDGG,Sweden,01 Based on ESA 2010,General government consolidated gross debt :- Excessive deficit procedure (based on ESA 2010),Mrd ECU/EUR,NA,NA,NA,NA,NA,NA,NA,NA,NA,NA,NA,NA,NA,NA,NA,NA,NA,NA,NA,NA,NA,NA,NA,NA,NA,NA,NA,NA,NA,NA,NA,NA,NA,NA,NA,150.6164,157.28906,156.97522,150.10861,160.79626,137.58858,140.01387,141.78481,147.12797,152.51458,152.75347,151.48943,137.80363,118.69246,133.91407,153.3475,157.12399,165.45712,176.842,194.39167,206.22156,198.56258,194.79835,187.15714,173.10631,202.23473,196.83414,179.93787,178.51433,190.82957,213.03895,229.57784,245.43611,
GBR.1.0.99.0.UDGG,United Kingdom,01 Based on ESA 2010,General government consolidated gross debt :- Excessive deficit procedure (based on ESA 2010),Mrd ECU/EUR,NA,NA,NA,NA,NA,NA,NA,NA,NA,NA,NA,NA,NA,NA,NA,NA,NA,NA,NA,NA,NA,NA,NA,NA,NA,NA,NA,NA,NA,NA,NA,NA,NA,NA,NA,NA,NA,631.05189,594.03647,678.09876,664.67874,658.44371,649.00845,656.3706,746.65627,836.84955,921.9866,909.36115,850.37795,1132.08535,1417.66134,1620.69316,1774.03627,1822.9423,2082.61137,2294.33885,2042.99096,2035.62098,2077.63295,2249.16667,2476.48132,2859.41591,2837.01645,3130.22036,3481.80974,3560.832,3753.70604,3922.51385,
ALB.1.0.99.0.UDGG,Albania,01 Based on ESA 2010,General government consolidated gross debt :- Excessive deficit procedure (based on ESA 2010),Mrd ECU/EUR,NA,NA,NA,NA,NA,NA,NA,NA,NA,NA,NA,NA,NA,NA,NA,NA,NA,NA,NA,NA,NA,NA,NA,NA,NA,NA,NA,NA,NA,NA,NA,NA,NA,NA,NA,NA,NA,NA,NA,NA,NA,NA,NA,NA,NA,NA,NA,NA,NA,NA,5.15614,5.56202,5.93356,6.31297,6.97849,7.59928,7.88738,8.1848,NA,NA,NA,NA,NA,NA,NA,NA,NA,NA,
MNE.1.0.99.0.UDGG,Montenegro,01 Based on ESA 2010,General government consolidated gross debt :- Excessive deficit procedure (based on ESA 2010),Mrd ECU/EUR,NA,NA,NA,NA,NA,NA,NA,NA,NA,NA,NA,NA,NA,NA,NA,NA,NA,NA,NA,NA,NA,NA,NA,NA,NA,NA,NA,NA,NA,NA,NA,NA,NA,NA,NA,NA,NA,NA,NA,NA,NA,NA,1.03,0.608,0.757,0.7004,0.7011,0.7372,0.8947,1.1402,1.2707,1.4835,1.6995,1.933,2.0717,2.4188,2.5461,2.7588,NA,NA,NA,NA,NA,NA,NA,NA,NA,NA,
MKD.1.0.99.0.UDGG,North Macedonia,01 Based on ESA 2010,General government consolidated gross debt :- Excessive deficit procedure (based on ESA 2010),Mrd ECU/EUR,NA,NA,NA,NA,NA,NA,NA,NA,NA,NA,NA,NA,NA,NA,NA,NA,NA,NA,NA,NA,NA,NA,NA,NA,NA,NA,NA,NA,NA,NA,NA,NA,NA,NA,NA,NA,NA,NA,NA,1.10455,1.86364,1.87198,1.71331,1.59837,1.58369,1.85283,1.67348,1.42961,1.38376,1.59987,1.71119,2.09391,2.55581,2.77492,3.27009,3.45421,3.85879,3.96368,NA,NA,NA,NA,NA,NA,NA,NA,NA,NA,
SRB.1.0.99.0.UDGG,Serbia,01 Based on ESA 2010,General government consolidated gross debt :- Excessive deficit procedure (based on ESA 2010),Mrd ECU/EUR,NA,NA,NA,NA,NA,NA,NA,NA,NA,NA,NA,NA,NA,NA,NA,NA,NA,NA,NA,NA,NA,NA,NA,NA,NA,NA,NA,NA,NA,NA,NA,NA,NA,NA,NA,NA,NA,NA,NA,NA,14.14274,13.44917,11.52927,11.02316,9.67577,10.31888,9.35205,8.87535,8.78138,9.84899,12.15695,15.42637,18.30182,20.66448,23.21599,25.2601,25.19429,23.55396,23.32844,24.35485,27.0558,30.46183,33.63216,36.41229,39.11071,39.34108,42.27239,45.24629,
TUR.1.0.99.0.UDGG,Türkiye,01 Based on ESA 2010,General government consolidated gross debt :- Excessive deficit procedure (based on ESA 2010),Mrd ECU/EUR,NA,NA,NA,NA,NA,NA,NA,NA,NA,NA,NA,NA,NA,NA,NA,NA,NA,NA,NA,NA,NA,NA,NA,NA,NA,NA,NA,NA,NA,NA,NA,NA,NA,NA,NA,NA,NA,NA,NA,NA,NA,NA,NA,NA,NA,NA,NA,NA,NA,NA,NA,NA,NA,NA,NA,NA,NA,NA,NA,205.43936,216.07857,189.87477,225.93896,234.30613,286.38818,296.9575,396.24407,507.73495,
ISL.1.0.99.0.UDGG,Iceland,01 Based on ESA 2010,General government consolidated gross debt :- Excessive deficit procedure (based on ESA 2010),Mrd ECU/EUR,NA,NA,NA,NA,NA,NA,NA,NA,NA,NA,NA,NA,NA,NA,NA,NA,NA,NA,NA,NA,NA,NA,NA,NA,NA,NA,NA,NA,NA,NA,NA,NA,NA,NA,NA,3121.62887,3271.58831,3504.93902,3262.21751,6832.8848,6825.13959,7.31264,8281.34293,8336.88799,9386.31579,9811.62666,9298.62558,10323.55822,10.321,11.6431,14.55176,15.35394,14.55318,15.15962,15.59318,15.91417,17.3905,15.15714,13.50428,14.82474,14.54478,16.61003,17.30502,17.87083,18.95261,15.80299,16.72196,17.03778,
NOR.1.0.99.0.UDGG,Norway,01 Based on ESA 2010,General government consolidated gross debt :- Excessive deficit procedure (based on ESA 2010),Mrd ECU/EUR,NA,NA,NA,NA,NA,NA,NA,NA,NA,NA,NA,NA,NA,NA,NA,NA,NA,NA,NA,NA,NA,NA,NA,NA,NA,NA,NA,NA,NA,NA,NA,NA,NA,NA,NA,NA,NA,NA,NA,NA,52.287,53.39471,72.46935,80.55573,93.25545,103.99023,141.00259,146.32511,126.51721,123.84152,142.09982,104.53882,121.43489,113.31209,99.35092,107.98542,126.73597,126.2303,139.49137,145.20519,149.07615,178.64969,197.88411,201.63471,242.58042,NA,249.26914,241.16549,
JPN.1.0.99.0.UDGG,Japan,01 Based on ESA 2010,General government consolidated gross debt :- Excessive deficit procedure (based on ESA 2010),Mrd ECU/EUR,NA,NA,NA,NA,NA,NA,NA,NA,NA,NA,NA,NA,NA,NA,NA,NA,NA,NA,NA,NA,NA,608.62722,733.47993,999.79973,1177.77503,1304.79442,1547.34399,1788.25146,1967.73685,1639.08882,1577.27813,1829.72981,2228.29604,2946.02588,3475.23622,3625.01512,3642.43773,3965.79134,4688.12801,6632.62435,6792.73943,6658.62308,6505.27615,6210.40281,6403.78303,5936.17355,5239.35698,4967.5553,6495.38925,6482.3404,8384.73383,9530.90416,8769.64528,7152.48618,7406.77959,8381.22911,9107.51864,8501.73913,9213.21017,9675.66016,10021.04435,9796.31539,9473.80918,8681.20898,8342.52913,7446.49668,7411.30377,7461.59349,
USA.1.0.99.0.UDGG,United States,01 Based on ESA 2010,General government consolidated gross debt :- Excessive deficit procedure (based on ESA 2010),Mrd ECU/EUR,NA,NA,NA,NA,NA,NA,NA,NA,NA,NA,NA,NA,NA,NA,NA,NA,NA,NA,NA,NA,NA,NA,NA,NA,NA,NA,NA,NA,NA,NA,NA,NA,NA,4065.43786,3902.43402,3795.85538,4248.37529,4983.09924,4811.84231,5749.64296,6085.13274,6743.94481,6108.23635,5540.74762,5576.7879,6925.8494,6590.90689,6269.39247,7688.29838,8545.98756,10496.34427,11765.15963,12454.69914,12582.09759,14942.29811,17380.52632,18951.54819,17087.25636,19191.34997,20652.82191,22612.49935,26149.75707,29457.79994,30770.5825,34862.45578,32777.88015,34971.97901,37138.86375,
EU27.1.0.319.0.UDGG,European Union,01 Based on ESA 2010,General government consolidated gross debt :- Excessive deficit procedure (based on ESA 2010),(Percentage of GDP at current prices (excessive deficit procedure)),NA,NA,NA,NA,NA,NA,NA,NA,NA,NA,NA,NA,NA,NA,NA,NA,NA,NA,NA,NA,NA,NA,NA,NA,NA,NA,NA,NA,NA,NA,NA,NA,NA,NA,NA,NA,NA,NA,NA,NA,66.5585,65.75935,65.61046,66.83459,67.14526,67.22759,65.04356,62.38148,65.09879,75.75068,80.59323,82.2792,86.6698,88.77552,88.96922,86.97772,85.92713,83.31255,81.24801,79.12282,91.23556,88.3186,83.77901,81.80058,81.86278,82.7965,84.22165,85.25203,
EU15.1.0.319.0.UDGG,European Union (15 countries),01 Based on ESA 2010,General government consolidated gross debt :- Excessive deficit procedure (based on ESA 2010),(Percentage of GDP at current prices (excessive deficit procedure)),NA,NA,NA,NA,NA,NA,NA,NA,NA,NA,NA,NA,NA,NA,NA,NA,NA,NA,NA,NA,NA,NA,NA,NA,NA,NA,NA,NA,NA,NA,NA,NA,NA,NA,NA,NA,NA,NA,NA,NA,62.28781,61.5002,61.18692,62.83952,63.31513,64.14436,62.71339,60.29792,64.1647,76.75881,82.64266,85.76787,89.21732,91.49592,92.3345,90.03094,88.56259,86.87911,85.323,84.17238,97.21968,95.05857,89.22583,88.45286,88.99974,89.30132,91.0228,91.93829,
EA19.1.0.319.0.UDGG,Euro area (19 countries),01 Based on ESA 2010,General government consolidated gross debt :- Excessive deficit procedure (based on ESA 2010),(Percentage of GDP at current prices (excessive deficit procedure)),NA,NA,NA,NA,NA,NA,NA,NA,NA,NA,NA,NA,NA,NA,NA,NA,NA,NA,NA,NA,NA,NA,NA,NA,NA,NA,NA,NA,NA,NA,NA,NA,NA,NA,NA,71.80817,73.59308,73.09268,72.76101,71.77948,69.33288,68.31977,68.26114,69.54535,69.84564,70.4744,68.43952,66.0667,69.73855,80.19603,85.80054,88.08207,92.82487,95.14305,95.35433,93.2603,92.1368,89.61006,87.62345,85.60309,98.60218,95.75804,91.09327,88.60399,88.58817,89.37397,90.88461,91.8153,
EA20.1.0.319.0.UDGG,Euro area (20 countries),01 Based on ESA 2010,General government consolidated gross debt :- Excessive deficit procedure (based on ESA 2010),(Percentage of GDP at current prices (excessive deficit procedure)),NA,NA,NA,NA,NA,NA,NA,NA,NA,NA,NA,NA,NA,NA,NA,NA,NA,NA,NA,NA,NA,NA,NA,NA,NA,NA,NA,NA,NA,NA,NA,NA,NA,NA,NA,71.66106,73.44058,72.92596,72.57928,71.6362,69.22043,68.21079,68.1404,69.41903,69.71904,70.34723,68.30296,65.93106,69.58111,80.03956,85.66682,87.96852,92.71697,95.07291,95.30152,93.21512,92.08089,89.55129,87.55776,85.53651,98.54921,95.67689,90.98248,88.45472,88.4123,89.17998,90.67092,91.59008,
EA21.1.0.319.0.UDGG,Euro area (21 countries),01 Based on ESA 2010,General government consolidated gross debt :- Excessive deficit procedure (based on ESA 2010),(Percentage of GDP at current prices (excessive deficit procedure)),NA,NA,NA,NA,NA,NA,NA,NA,NA,NA,NA,NA,NA,NA,NA,NA,NA,NA,NA,NA,NA,NA,NA,NA,NA,NA,NA,NA,NA,NA,NA,NA,NA,NA,NA,71.66358,73.46756,72.95858,72.56788,71.64418,69.223,68.20297,68.10101,69.35667,69.63184,70.22406,68.15864,65.76174,69.36518,79.77587,85.38852,87.66532,92.39503,94.74777,95.01739,92.9273,91.8018,89.25503,87.2476,85.20839,98.15678,95.27307,90.55659,88.03524,87.97168,88.74856,90.2416,91.17452,
EA12.1.0.319.0.UDGG,Euro area (12 countries),01 Based on ESA 2010,General government consolidated gross debt :- Excessive deficit procedure (based on ESA 2010),(Percentage of GDP at current prices (excessive deficit procedure)),NA,NA,NA,NA,NA,NA,NA,NA,NA,NA,NA,NA,NA,NA,NA,NA,NA,NA,NA,NA,NA,NA,NA,NA,NA,NA,NA,NA,NA,NA,NA,NA,NA,NA,NA,72.28167,74.07363,73.60968,73.29772,72.21824,69.77064,68.73833,68.71617,70.04811,70.38432,71.11513,69.13301,66.86941,70.68827,81.08641,86.71583,89.00607,93.75914,96.02563,96.21363,94.10085,92.98044,90.48252,88.54603,86.5415,99.62097,96.77702,92.11318,89.66037,89.63644,90.45527,91.98528,92.89312,
BEL.1.0.319.0.UDGG,Belgium,01 Based on ESA 2010,General government consolidated gross debt :- Excessive deficit procedure (based on ESA 2010),(Percentage of GDP at current prices (excessive deficit procedure)),NA,NA,NA,NA,NA,NA,NA,NA,NA,NA,NA,NA,NA,NA,NA,NA,NA,NA,NA,NA,NA,NA,NA,NA,NA,NA,NA,NA,NA,NA,NA,NA,NA,NA,NA,131.49056,129.2019,124.3284,119.3331,115.40282,109.74754,108.47769,105.57474,101.84164,97.2111,95.24167,91.52352,87.48043,93.17104,99.88008,100.30561,102.84901,104.37277,105.07164,106.64399,105.69264,105.77087,102.63158,100.15624,97.69314,111.36119,108.74189,103.32505,102.54355,103.91736,107.85737,110.48533,112.8308,
BGR.1.0.319.0.UDGG,Bulgaria,01 Based on ESA 2010,General government consolidated gross debt :- Excessive deficit procedure (based on ESA 2010),(Percentage of GDP at current prices (excessive deficit procedure)),NA,NA,NA,NA,NA,NA,NA,NA,NA,NA,NA,NA,NA,NA,NA,NA,NA,NA,NA,NA,NA,NA,NA,NA,NA,NA,NA,NA,NA,NA,NA,NA,NA,NA,NA,76.84288,244.50267,96.67262,66.68219,75.82404,70.71752,64.50511,51.00565,43.37823,35.7279,26.58163,20.87191,16.31581,13.01747,13.66328,15.29639,15.15192,16.57949,16.99539,27.00607,25.92172,29.10255,25.10887,22.19119,20.11768,24.46264,23.84968,22.48527,22.93041,23.84034,29.85297,32.33394,35.50195,
CZE.1.0.319.0.UDGG,Czech Republic,01 Based on ESA 2010,General government consolidated gross debt :- Excessive deficit procedure (based on ESA 2010),(Percentage of GDP at current prices (excessive deficit procedure)),NA,NA,NA,NA,NA,NA,NA,NA,NA,NA,NA,NA,NA,NA,NA,NA,NA,NA,NA,NA,NA,NA,NA,NA,NA,NA,NA,NA,NA,NA,NA,NA,NA,NA,NA,13.47638,11.50614,12.1236,13.877,15.08785,16.89453,22.59689,25.70315,28.06159,28.28873,27.67781,27.5648,27.34598,28.15495,33.4305,36.70009,39.40196,43.8353,44.14109,41.54618,39.46949,36.23221,33.78183,31.67776,29.55174,36.88294,40.69201,42.52037,42.22255,43.29153,44.25023,45.8385,47.16169,
DNK.1.0.319.0.UDGG,Denmark,01 Based on ESA 2010,General government consolidated gross debt :- Excessive deficit procedure (based on ESA 2010),(Percentage of GDP at current prices (excessive deficit procedure)),NA,NA,NA,NA,NA,NA,NA,NA,NA,NA,NA,NA,NA,NA,NA,NA,NA,NA,NA,NA,NA,NA,NA,NA,NA,NA,NA,NA,NA,NA,NA,NA,NA,NA,NA,NA,NA,NA,NA,NA,53.55259,50.09646,50.31981,48.16228,46.21514,39.35994,33.19103,29.48264,35.53918,43.0488,46.1233,49.98625,48.71121,47.76991,48.71247,44.55038,41.69196,40.15255,38.53876,38.33466,45.19684,39.62762,33.31542,32.96402,30.54369,27.92243,26.98522,26.22397,
DEU.1.0.319.0.UDGG,Germany,01 Based on ESA 2010,General government consolidated gross debt :- Excessive deficit procedure (based on ESA 2010),(Percentage of GDP at current prices (excessive deficit procedure)),NA,NA,NA,NA,NA,NA,NA,NA,NA,NA,NA,NA,NA,NA,NA,NA,NA,NA,NA,NA,NA,NA,NA,NA,NA,NA,NA,NA,NA,NA,NA,NA,NA,NA,NA,54.89332,57.72122,58.82578,59.43829,60.34921,59.23878,58.06156,59.82311,63.34433,64.96489,67.12017,66.39671,63.68704,65.17032,72.36238,81.03369,78.48367,79.8349,77.45671,74.53784,71.18408,68.30146,63.9878,60.75754,58.68322,68.04103,67.93759,64.39654,62.34543,62.2279,63.49656,65.84855,67.96075,
EST.1.0.319.0.UDGG,Estonia,01 Based on ESA 2010,General government consolidated gross debt :- Excessive deficit procedure (based on ESA 2010),(Percentage of GDP at current prices (excessive deficit procedure)),NA,NA,NA,NA,NA,NA,NA,NA,NA,NA,NA,NA,NA,NA,NA,NA,NA,NA,NA,NA,NA,NA,NA,NA,NA,NA,NA,NA,NA,NA,NA,NA,NA,NA,NA,7.94999,7.48376,6.87514,5.92695,6.43623,5.11371,4.9326,5.66017,5.59868,5.15869,4.73318,4.71662,3.90802,4.67299,7.97592,7.99022,7.59653,11.14695,11.43492,11.56314,10.78965,10.23933,9.43448,8.50692,9.04676,19.09812,18.42509,19.18724,20.17113,23.47205,24.11096,26.90107,30.51147,
IRL.1.0.319.0.UDGG,Ireland,01 Based on ESA 2010,General government consolidated gross debt :- Excessive deficit procedure (based on ESA 2010),(Percentage of GDP at current prices (excessive deficit procedure)),NA,NA,NA,NA,NA,NA,NA,NA,NA,NA,NA,NA,NA,NA,NA,NA,NA,NA,NA,NA,NA,NA,NA,NA,NA,NA,NA,NA,NA,NA,NA,NA,NA,NA,NA,78.63713,69.9345,61.57774,51.414,46.57038,36.41255,33.57783,30.8896,29.83208,28.00442,26.05956,23.6532,23.94847,42.51374,61.76474,86.23153,109.5906,118.91107,117.67542,101.38754,74.03138,72.68315,65.22189,61.33797,55.78948,56.90039,52.44376,42.95913,41.78862,38.30438,32.86484,32.37509,31.55293,
GRC.1.0.319.0.UDGG,Greece,01 Based on ESA 2010,General government consolidated gross debt :- Excessive deficit procedure (based on ESA 2010),(Percentage of GDP at current prices (excessive deficit procedure)),NA,NA,NA,NA,NA,NA,NA,NA,NA,NA,NA,NA,NA,NA,NA,NA,NA,NA,NA,NA,NA,NA,NA,NA,NA,NA,NA,NA,NA,NA,NA,NA,NA,NA,NA,100.38658,103.72416,102.59885,100.78523,102.84294,108.85409,110.53474,107.87134,104.25856,105.49313,109.85896,105.3342,104.63717,110.90731,128.48184,147.84618,175.07557,164.11317,180.36605,182.67032,179.62011,183.10595,182.09877,189.02901,183.17247,209.38224,197.28665,177.77246,164.27815,154.16498,146.13213,140.67863,134.35518,
ESP.1.0.319.0.UDGG,Spain,01 Based on ESA 2010,General government consolidated gross debt :- Excessive deficit procedure (based on ESA 2010),(Percentage of GDP at current prices (excessive deficit procedure)),NA,NA,NA,NA,NA,NA,NA,NA,NA,NA,NA,NA,NA,NA,NA,NA,NA,NA,NA,NA,NA,NA,NA,NA,NA,NA,NA,NA,NA,NA,NA,NA,NA,NA,NA,61.58648,65.44195,64.28631,62.35467,60.85315,57.84051,54.05223,51.23686,47.68694,45.33269,42.39519,39.01906,35.69813,39.6088,53.07928,60.26603,69.52841,89.56038,100.01494,104.44838,102.48521,102.02036,101.20718,99.79096,97.65925,119.27911,115.69678,109.32085,105.18212,101.64604,100.65629,99.60872,98.89854,
FRA.1.0.319.0.UDGG,France,01 Based on ESA 2010,General government consolidated gross debt :- Excessive deficit procedure (based on ESA 2010),(Percentage of GDP at current prices (excessive deficit procedure)),NA,NA,NA,NA,NA,NA,NA,NA,NA,NA,NA,NA,NA,NA,NA,NA,NA,NA,NA,NA,NA,NA,NA,NA,NA,NA,NA,NA,NA,NA,NA,NA,NA,NA,NA,57.80499,60.59348,61.98324,62.09972,61.42312,59.72138,59.32226,61.25603,65.36387,66.87941,68.18605,65.40082,65.47676,69.81919,84.05561,86.27793,88.74931,91.74196,94.5578,96.1644,96.97781,98.14973,98.76097,98.52992,98.15773,114.90658,112.78571,111.36558,109.50736,112.63478,115.55171,118.05238,120.19201,
HRV.1.0.319.0.UDGG,Croatia,01 Based on ESA 2010,General government consolidated gross debt :- Excessive deficit procedure (based on ESA 2010),(Percentage of GDP at current prices (excessive deficit procedure)),NA,NA,NA,NA,NA,NA,NA,NA,NA,NA,NA,NA,NA,NA,NA,NA,NA,NA,NA,NA,NA,NA,NA,NA,NA,NA,NA,NA,NA,NA,NA,NA,NA,NA,NA,23.2971,25.33662,24.65548,22.60867,28.83893,35.43446,36.58789,36.45393,37.84936,39.95908,40.89795,38.37992,37.08423,38.91863,47.92469,56.81218,63.14828,68.85417,79.48774,83.23105,82.77962,79.26158,76.17696,72.84738,70.88304,86.47699,78.20789,68.54786,60.94973,57.37018,56.32774,55.94161,55.58981,
ITA.1.0.319.0.UDGG,Italy,01 Based on ESA 2010,General government consolidated gross debt :- Excessive deficit procedure (based on ESA 2010),(Percentage of GDP at current prices (excessive deficit procedure)),31.72221,29.86477,28.7243,26.78585,26.61714,27.64718,32.29927,31.87383,34.23023,34.84127,35.77657,40.41601,45.90625,48.81052,48.51191,54.74231,54.43488,53.47694,57.51311,56.32982,54.26652,56.52924,61.03335,67.02595,72.29657,78.03342,81.95098,85.68247,87.23444,89.54238,91.3757,94.5379,101.07186,110.71866,116.61749,119.08771,118.89638,116.4905,113.88684,113.05855,108.74277,108.51303,105.94749,105.11402,104.74255,106.17722,106.25788,103.46436,105.80329,116.14151,118.75829,119.12951,125.90126,131.85448,134.79758,134.79046,134.24185,133.74296,134.20019,133.90001,154.38077,145.81992,138.3574,133.93927,134.73942,137.10455,138.4982,139.15188,
CYP.1.0.319.0.UDGG,Cyprus,01 Based on ESA 2010,General government consolidated gross debt :- Excessive deficit procedure (based on ESA 2010),(Percentage of GDP at current prices (excessive deficit procedure)),NA,NA,NA,NA,NA,NA,NA,NA,NA,NA,NA,NA,NA,NA,NA,NA,NA,NA,NA,NA,NA,NA,NA,NA,NA,NA,NA,NA,NA,NA,NA,NA,NA,NA,NA,49.74395,51.01197,54.86515,56.40865,56.52639,56.46636,58.05084,61.27284,64.5871,65.5125,64.11012,59.99379,55.67754,47.10582,57.64413,60.08233,69.88289,84.3508,108.27451,113.48239,111.5957,106.92118,96.47881,100.71905,92.29366,113.60378,96.48795,80.09607,71.07551,62.73654,55.03372,50.38121,45.47056,
LVA.1.0.319.0.UDGG,Latvia,01 Based on ESA 2010,General government consolidated gross debt :- Excessive deficit procedure (based on ESA 2010),(Percentage of GDP at current prices (excessive deficit procedure)),NA,NA,NA,NA,NA,NA,NA,NA,NA,NA,NA,NA,NA,NA,NA,NA,NA,NA,NA,NA,NA,NA,NA,NA,NA,NA,NA,NA,NA,NA,NA,NA,NA,NA,NA,14.33192,13.64519,10.94222,9.27158,12.41366,12.37989,14.10955,13.43994,14.7592,15.2161,12.38989,10.57146,8.91474,19.46994,37.98893,48.63417,46.58879,44.04831,41.7741,43.0789,38.27915,41.73414,40.32958,38.30438,37.91085,44.03692,45.87381,44.44294,44.4303,46.24943,46.88749,48.83569,53.78172,
LTU.1.0.319.0.UDGG,Lithuania,01 Based on ESA 2010,General government consolidated gross debt :- Excessive deficit procedure (based on ESA 2010),(Percentage of GDP at current prices (excessive deficit procedure)),NA,NA,NA,NA,NA,NA,NA,NA,NA,NA,NA,NA,NA,NA,NA,NA,NA,NA,NA,NA,NA,NA,NA,NA,NA,NA,NA,NA,NA,NA,NA,NA,NA,NA,NA,11.44701,13.83828,15.29889,16.4675,22.5983,23.46527,22.87933,22.13153,20.35881,18.59082,17.63987,17.29988,15.87687,14.57053,27.91077,36.70405,37.44137,39.90983,38.8613,40.72768,42.42014,39.79423,39.12945,33.34813,35.59377,45.88218,43.32654,38.31576,37.11201,37.96669,39.47275,44.61217,48.35548,
LUX.1.0.319.0.UDGG,Luxembourg,01 Based on ESA 2010,General government consolidated gross debt :- Excessive deficit procedure (based on ESA 2010),(Percentage of GDP at current prices (excessive deficit procedure)),NA,NA,NA,NA,NA,NA,NA,NA,NA,NA,NA,NA,NA,NA,NA,NA,NA,NA,NA,NA,NA,NA,NA,NA,NA,NA,NA,NA,NA,NA,NA,NA,NA,NA,NA,10.13357,9.95501,9.46614,9.07947,8.07485,7.49411,7.62314,7.4479,7.43462,7.8299,7.9502,8.20511,8.09178,14.6275,15.28524,19.08958,18.50306,20.8491,22.407,21.86332,21.1332,19.59754,21.80225,20.87008,22.33885,24.53269,24.18459,24.90165,24.68207,26.26831,26.4686,29.16038,30.19505,
HUN.1.0.319.0.UDGG,Hungary,01 Based on ESA 2010,General government consolidated gross debt :- Excessive deficit procedure (based on ESA 2010),(Percentage of GDP at current prices (excessive deficit procedure)),NA,NA,NA,NA,NA,NA,NA,NA,NA,NA,NA,NA,NA,NA,NA,NA,NA,NA,NA,NA,NA,NA,NA,NA,NA,NA,NA,NA,NA,NA,NA,NA,NA,NA,NA,83.86841,71.16823,62.19574,60.42212,60.2966,55.63761,52.20472,55.55673,58.17443,58.9071,60.57876,64.48894,65.57994,71.80108,78.18836,80.1743,80.46835,78.36398,77.22023,76.4905,75.72413,74.64589,72.00164,68.81616,64.98843,78.6866,76.21467,74.07789,73.29709,73.46212,74.57203,75.05303,76.83977,
MLT.1.0.319.0.UDGG,Malta,01 Based on ESA 2010,General government consolidated gross debt :- Excessive deficit procedure (based on ESA 2010),(Percentage of GDP at current prices (excessive deficit procedure)),NA,NA,NA,NA,NA,NA,NA,NA,NA,NA,NA,NA,NA,NA,NA,NA,NA,NA,NA,NA,NA,NA,NA,NA,NA,NA,NA,NA,NA,NA,NA,NA,NA,NA,NA,34.25194,38.51007,46.47024,50.74932,61.79806,61.14519,65.1662,63.36945,69.00825,71.21024,70.15073,64.54521,62.03673,61.5247,66.04534,65.03225,68.9383,65.61169,64.94468,60.74565,55.04818,53.14911,45.55778,41.4429,39.22185,48.79345,49.7407,50.26722,46.91997,45.90576,46.37255,46.23097,46.1729,
NLD.1.0.319.0.UDGG,Netherlands,01 Based on ESA 2010,General government consolidated gross debt :- Excessive deficit procedure (based on ESA 2010),(Percentage of GDP at current prices (excessive deficit procedure)),NA,NA,NA,NA,NA,NA,NA,NA,NA,NA,NA,NA,NA,NA,NA,NA,NA,NA,NA,NA,NA,NA,NA,NA,NA,NA,NA,NA,NA,NA,NA,NA,NA,NA,NA,73.1623,71.37243,65.80912,62.77875,58.6943,52.24186,49.49611,48.76765,49.87794,50.16451,49.64511,45.0208,42.79957,54.33234,56.34278,58.94713,61.2151,65.74019,67.19759,67.19862,63.81507,60.86854,55.97161,51.55391,47.65205,53.41246,50.5007,48.4137,45.84953,43.78388,44.38827,46.94807,46.97437,
AUT.1.0.319.0.UDGG,Austria,01 Based on ESA 2010,General government consolidated gross debt :- Excessive deficit procedure (based on ESA 2010),(Percentage of GDP at current prices (excessive deficit procedure)),NA,NA,NA,NA,NA,NA,NA,NA,NA,NA,NA,NA,NA,NA,NA,NA,NA,NA,NA,NA,NA,NA,NA,NA,NA,NA,NA,NA,NA,NA,NA,NA,NA,NA,NA,68.58348,68.63241,63.90393,64.34544,67.08007,66.63779,67.23813,67.44031,66.41175,65.91193,69.42757,68.17655,65.81311,69.52796,80.75221,83.6541,83.35606,82.93562,82.43083,85.20985,85.61467,83.41912,79.05713,74.58627,71.00594,83.18299,82.39898,78.13927,77.77153,79.95569,81.5265,83.43571,84.85804,
POL.1.0.319.0.UDGG,Poland,01 Based on ESA 2010,General government consolidated gross debt :- Excessive deficit procedure (based on ESA 2010),(Percentage of GDP at current prices (excessive deficit procedure)),NA,NA,NA,NA,NA,NA,NA,NA,NA,NA,NA,NA,NA,NA,NA,NA,NA,NA,NA,NA,NA,NA,NA,NA,NA,NA,NA,NA,NA,NA,NA,NA,NA,NA,NA,47.33834,42.17562,42.09052,38.23755,38.75308,36.22831,37.07871,41.56623,46.40712,44.90851,46.4742,47.09761,44.4275,46.55937,49.7005,53.74772,54.78022,54.47221,56.85903,51.12997,51.05617,54.12881,50.4443,48.23362,45.21111,56.58466,53.01358,48.78701,49.52051,54.84734,59.68178,64.46912,68.25065,
PRT.1.0.319.0.UDGG,Portugal,01 Based on ESA 2010,General government consolidated gross debt :- Excessive deficit procedure (based on ESA 2010),(Percentage of GDP at current prices (excessive deficit procedure)),NA,NA,NA,NA,NA,NA,NA,NA,NA,NA,NA,NA,NA,NA,NA,NA,NA,NA,NA,NA,NA,NA,NA,NA,NA,NA,NA,NA,NA,NA,NA,NA,NA,NA,NA,62.21475,63.31223,58.71547,55.61573,55.40557,54.19312,57.38022,59.99582,63.88873,67.09733,72.24267,73.65996,72.69679,75.49246,87.57697,99.88466,114.02375,128.60348,130.84075,132.45322,131.02322,131.18023,126.0292,121.11222,116.10971,134.09644,123.87817,111.2317,96.86945,93.48399,89.66549,87.6008,86.00124,
ROM.1.0.319.0.UDGG,Romania,01 Based on ESA 2010,General government consolidated gross debt :- Excessive deficit procedure (based on ESA 2010),(Percentage of GDP at current prices (excessive deficit procedure)),NA,NA,NA,NA,NA,NA,NA,NA,NA,NA,NA,NA,NA,NA,NA,NA,NA,NA,NA,NA,NA,NA,NA,NA,NA,NA,NA,NA,NA,NA,NA,NA,NA,NA,NA,6.61183,10.62287,15.05955,16.80056,21.7219,22.48659,25.86944,24.8208,22.10933,18.94525,15.90511,12.42358,11.94916,12.33163,21.77386,28.96143,32.34475,35.37448,37.78126,39.13669,37.71129,37.83388,35.26225,34.61391,35.1854,46.87359,48.59454,48.06383,49.29974,54.84408,59.34673,61.55275,63.37679,
SVN.1.0.319.0.UDGG,Slovenia,01 Based on ESA 2010,General government consolidated gross debt :- Excessive deficit procedure (based on ESA 2010),(Percentage of GDP at current prices (excessive deficit procedure)),NA,NA,NA,NA,NA,NA,NA,NA,NA,NA,NA,NA,NA,NA,NA,NA,NA,NA,NA,NA,NA,NA,NA,NA,NA,NA,NA,NA,NA,NA,NA,NA,NA,NA,NA,18.22805,21.59789,22.09683,22.82054,23.81712,26.08542,26.32398,27.6823,27.02754,27.10052,26.58849,26.20753,22.94336,21.89388,34.94049,38.60721,46.81475,54.07393,70.83629,81.13294,83.41817,79.43037,74.88995,71.00653,66.02044,80.16975,74.81781,72.77335,68.28861,66.38434,65.72007,64.88344,65.1166,
SVK.1.0.319.0.UDGG,Slovakia,01 Based on ESA 2010,General government consolidated gross debt :- Excessive deficit procedure (based on ESA 2010),(Percentage of GDP at current prices (excessive deficit procedure)),NA,NA,NA,NA,NA,NA,NA,NA,NA,NA,NA,NA,NA,NA,NA,NA,NA,NA,NA,NA,NA,NA,NA,NA,NA,NA,NA,NA,NA,NA,NA,NA,NA,NA,NA,21.31246,30.33927,32.82469,33.85241,47.12565,50.59841,51.35083,45.64844,43.63917,41.99687,34.98456,31.53167,30.37273,28.63296,36.40723,40.65362,43.27014,51.68756,54.61072,53.39207,51.59928,52.13561,51.38149,49.27032,48.00963,58.40814,60.21686,57.75619,55.75763,59.70073,61.39244,63.70506,66.85267,
FIN.1.0.319.0.UDGG,Finland,01 Based on ESA 2010,General government consolidated gross debt :- Excessive deficit procedure (based on ESA 2010),(Percentage of GDP at current prices (excessive deficit procedure)),NA,NA,NA,NA,NA,NA,NA,NA,NA,NA,NA,NA,NA,NA,NA,6.50944,6.10664,7.77259,10.97621,11.13408,11.22097,11.50924,13.80674,15.30626,15.13243,15.78997,16.40201,17.61844,16.51293,14.24572,13.80744,21.88095,39.25607,54.19421,56.19804,55.20446,55.36346,52.23538,46.84342,44.06484,45.13953,43.44354,42.64282,45.15602,44.93798,42.1441,40.22423,35.99934,34.71504,44.13019,50.11294,52.02449,57.85615,60.81171,64.81261,68.76427,68.6492,66.58078,65.35823,65.32798,75.31717,73.12593,73.96397,77.04548,82.37129,88.54582,91.16799,93.08034,
SWE.1.0.319.0.UDGG,Sweden,01 Based on ESA 2010,General government consolidated gross debt :- Excessive deficit procedure (based on ESA 2010),(Percentage of GDP at current prices (excessive deficit procedure)),NA,NA,NA,NA,NA,NA,NA,NA,NA,NA,NA,NA,NA,NA,NA,NA,NA,NA,NA,NA,NA,NA,NA,NA,NA,NA,NA,NA,NA,NA,NA,NA,NA,NA,NA,68.76555,69.31659,66.92976,66.135,60.74569,50.44415,51.99239,49.84691,49.45277,48.68294,48.99432,43.93025,39.282,38.0376,41.30058,38.71129,37.79644,38.12471,41.174,46.06647,44.79087,43.17903,41.91275,40.17004,36.01413,40.4816,37.24065,34.40664,32.24377,34.21236,35.08961,36.57578,37.70361,
GBR.1.0.319.0.UDGG,United Kingdom,01 Based on ESA 2010,General government consolidated gross debt :- Excessive deficit procedure (based on ESA 2010),(Percentage of GDP at current prices (excessive deficit procedure)),NA,NA,NA,NA,NA,NA,NA,NA,NA,NA,NA,NA,NA,NA,NA,NA,NA,NA,NA,NA,NA,NA,NA,NA,NA,NA,NA,NA,NA,NA,NA,NA,NA,NA,NA,NA,NA,43.89566,41.78942,40.27545,37.549,34.82385,35.33934,36.64232,39.66641,40.86894,41.88637,42.97658,50.55401,64.47363,75.51817,81.06644,84.09039,84.94834,86.51141,87.34004,87.25096,86.11697,85.58391,84.93671,104.78703,103.44684,97.49263,98.84287,99.84793,102.21461,103.7583,104.94047,
ALB.1.0.319.0.UDGG,Albania,01 Based on ESA 2010,General government consolidated gross debt :- Excessive deficit procedure (based on ESA 2010),(Percentage of GDP at current prices (excessive deficit procedure)),NA,NA,NA,NA,NA,NA,NA,NA,NA,NA,NA,NA,NA,NA,NA,NA,NA,NA,NA,NA,NA,NA,NA,NA,NA,NA,NA,NA,NA,NA,NA,NA,NA,NA,NA,NA,NA,NA,NA,NA,NA,NA,NA,NA,NA,NA,NA,NA,NA,NA,56.95732,59.03233,62.51635,65.45247,69.73032,72.20567,71.66624,68.91264,NA,NA,NA,NA,NA,NA,NA,NA,NA,NA,
MNE.1.0.319.0.UDGG,Montenegro,01 Based on ESA 2010,General government consolidated gross debt :- Excessive deficit procedure (based on ESA 2010),(Percentage of GDP at current prices (excessive deficit procedure)),NA,NA,NA,NA,NA,NA,NA,NA,NA,NA,NA,NA,NA,NA,NA,NA,NA,NA,NA,NA,NA,NA,NA,NA,NA,NA,NA,NA,NA,NA,NA,NA,NA,NA,NA,NA,NA,NA,NA,NA,NA,NA,75.11184,39.94028,44.97368,38.28192,32.36424,27.43499,28.86082,38.23775,40.72065,45.8156,53.62451,58.05502,60.0977,66.9101,64.67715,64.87478,NA,NA,NA,NA,NA,NA,NA,NA,NA,NA,
SRB.1.0.319.0.UDGG,Serbia,01 Based on ESA 2010,General government consolidated gross debt :- Excessive deficit procedure (based on ESA 2010),(Percentage of GDP at current prices (excessive deficit procedure)),NA,NA,NA,NA,NA,NA,NA,NA,NA,NA,NA,NA,NA,NA,NA,NA,NA,NA,NA,NA,NA,NA,NA,NA,NA,NA,NA,NA,NA,NA,NA,NA,NA,NA,NA,NA,NA,NA,NA,NA,179.6227,88.14177,61.42079,55.42584,48.70031,46.50982,33.04427,26.80204,25.75126,29.76095,37.89939,42.94971,52.45243,55.13531,64.675,68.36982,66.20461,56.32846,52.14256,50.51749,55.18988,54.46704,52.89185,48.38521,46.94721,44.3966,45.81703,44.96667,
TUR.1.0.319.0.UDGG,Türkiye,01 Based on ESA 2010,General government consolidated gross debt :- Excessive deficit procedure (based on ESA 2010),(Percentage of GDP at current prices (excessive deficit procedure)),NA,NA,NA,NA,NA,NA,NA,NA,NA,NA,NA,NA,NA,NA,NA,NA,NA,NA,NA,NA,NA,NA,NA,NA,NA,NA,NA,NA,NA,NA,NA,NA,NA,NA,NA,NA,NA,NA,NA,NA,NA,NA,NA,NA,NA,NA,NA,NA,NA,NA,NA,NA,NA,NA,NA,NA,NA,NA,NA,31.19497,38.29748,38.90954,29.43293,28.2407,23.59667,23.78821,25.41438,26.70182,
ISL.1.0.319.0.UDGG,Iceland,01 Based on ESA 2010,General government consolidated gross debt :- Excessive deficit procedure (based on ESA 2010),(Percentage of GDP at current prices (excessive deficit procedure)),NA,NA,NA,NA,NA,NA,NA,NA,NA,NA,NA,NA,NA,NA,NA,NA,NA,NA,NA,NA,NA,NA,NA,NA,NA,NA,NA,NA,NA,NA,NA,NA,NA,NA,NA,56699.39221,54152.50874,51055.37115,43270.98326,75536.70612,74846.68857,82.49558,81306.57402,84072.24208,80058.52883,67751.28844,69826.11843,67446.18269,109.30879,128.20693,131.50072,136.62879,132.20206,121.06513,114.12086,96.31544,81.33502,70.79232,62.25853,65.71752,76.08784,73.58887,66.42357,61.50283,59.56892,46.94086,45.60325,43.83151,
NOR.1.0.319.0.UDGG,Norway,01 Based on ESA 2010,General government consolidated gross debt :- Excessive deficit procedure (based on ESA 2010),(Percentage of GDP at current prices (excessive deficit procedure)),NA,NA,NA,NA,NA,NA,NA,NA,NA,NA,NA,NA,NA,NA,NA,NA,NA,NA,NA,NA,NA,NA,NA,NA,NA,NA,NA,NA,NA,NA,NA,NA,NA,NA,NA,NA,NA,NA,NA,NA,28.66658,27.20059,33.80477,41.76936,42.89182,41.3876,51.78222,48.71215,46.33164,41.31274,41.66473,28.20019,29.21232,29.86279,27.63597,32.09421,35.76736,36.12659,37.53646,38.36429,43.36688,39.82826,35.05479,42.72433,53.15871,NA,47.25322,44.16975,
JPN.1.0.319.0.UDGG,Japan,01 Based on ESA 2010,General government consolidated gross debt :- Excessive deficit procedure (based on ESA 2010),(Percentage of GDP at current prices (excessive deficit procedure)),NA,NA,NA,NA,NA,NA,NA,NA,NA,NA,NA,NA,NA,NA,NA,NA,NA,NA,NA,NA,NA,52.01744,56.91838,62.96789,64.80713,66.9063,72.76576,74.83346,70.86955,64.32133,61.68103,61.1485,65.55317,71.12922,81.71159,92.65785,97.25719,102.83212,114.59209,127.5717,133.65599,142.35813,151.99198,158.18488,167.27109,153.43454,152.10211,150.44847,153.61772,172.85836,178.57883,190.56407,197.14376,201.16629,203.64537,200.14472,202.14519,203.11117,203.72053,206.32592,228.77106,222.68359,227.83119,220.30206,214.48708,206.52512,203.31412,200.07592,
USA.1.0.319.0.UDGG,United States,01 Based on ESA 2010,General government consolidated gross debt :- Excessive deficit procedure (based on ESA 2010),(Percentage of GDP at current prices (excessive deficit procedure)),NA,NA,NA,NA,NA,NA,NA,NA,NA,NA,NA,NA,NA,NA,NA,NA,NA,NA,NA,NA,NA,NA,NA,NA,NA,NA,NA,NA,NA,NA,NA,NA,NA,66.13178,65.87065,65.29881,65.93697,64.1487,61.94781,59.97288,55.236,56.16593,58.61144,61.08318,62.17583,62.66049,62.82923,63.7628,72.4435,85.03448,93.19717,97.58463,101.09979,102.79188,103.02875,103.42804,106.23196,104.49031,106.37852,107.71309,129.81255,124.83207,120.59165,122.25688,123.62137,125.19955,126.39907,129.0214,
EU27.1.0.99.315.UDGGR,European Union,01 Based on ESA 2010,General government consolidated gross debt :- Excessive deficit procedure (based on ESA 2010),(EUR: EU-15 = 100),NA,NA,NA,NA,NA,NA,NA,NA,NA,NA,NA,NA,NA,NA,NA,NA,NA,NA,NA,NA,NA,NA,NA,NA,NA,NA,NA,NA,NA,NA,NA,NA,NA,NA,NA,NA,NA,NA,NA,NA,91.32118,92.19052,92.77674,93.05493,92.62929,92.0549,91.48642,92.13412,93.55536,91.82498,90.46136,89.29221,89.08957,89.24504,87.5459,86.36591,88.44651,88.76299,88.61861,87.64141,88.1333,86.85692,87.80782,87.3799,86.79927,87.89148,88.32274,88.81601,
EU15.1.0.99.315.UDGGR,European Union (15 countries),01 Based on ESA 2010,General government consolidated gross debt :- Excessive deficit procedure (based on ESA 2010),(EUR: EU-15 = 100),NA,NA,NA,NA,NA,NA,NA,NA,NA,NA,NA,NA,NA,NA,NA,NA,NA,NA,NA,NA,NA,NA,NA,NA,NA,NA,NA,NA,NA,NA,NA,NA,NA,NA,NA,NA,NA,NA,NA,NA,100,100,100,100,100,100,100,100,100,100,100,100,100,100,100,100,100,100,100,100,100,100,100,100,100,100,100,100,
EA19.1.0.99.315.UDGGR,Euro area (19 countries),01 Based on ESA 2010,General government consolidated gross debt :- Excessive deficit procedure (based on ESA 2010),(EUR: EU-15 = 100),NA,NA,NA,NA,NA,NA,NA,NA,NA,NA,NA,NA,NA,NA,NA,NA,NA,NA,NA,NA,NA,NA,NA,NA,NA,NA,NA,NA,NA,NA,NA,NA,NA,NA,NA,NA,NA,NA,NA,NA,84.89683,85.43984,85.92615,86.38777,85.71269,85.27111,84.70324,85.34709,87.03559,85.20804,83.68902,82.74896,82.43297,82.59258,81.06957,79.87025,81.82973,82.05319,82.0095,81.13907,81.12147,79.9633,80.83183,79.99268,78.959,79.34542,79.30754,79.38426,
EA20.1.0.99.315.UDGGR,Euro area (20 countries),01 Based on ESA 2010,General government consolidated gross debt :- Excessive deficit procedure (based on ESA 2010),(EUR: EU-15 = 100),NA,NA,NA,NA,NA,NA,NA,NA,NA,NA,NA,NA,NA,NA,NA,NA,NA,NA,NA,NA,NA,NA,NA,NA,NA,NA,NA,NA,NA,NA,NA,NA,NA,NA,NA,NA,NA,NA,NA,NA,85.04371,85.60381,86.09791,86.57181,85.91087,85.48684,84.9183,85.57283,87.27509,85.45955,83.94583,83.02037,82.70944,82.90313,81.3792,80.1772,82.13679,82.35969,82.31394,81.44433,81.43364,80.26666,81.13223,80.2913,79.2487,79.64071,79.6079,79.68495,
EA21.1.0.99.315.UDGGR,Euro area (21 countries),01 Based on ESA 2010,General government consolidated gross debt :- Excessive deficit procedure (based on ESA 2010),(EUR: EU-15 = 100),NA,NA,NA,NA,NA,NA,NA,NA,NA,NA,NA,NA,NA,NA,NA,NA,NA,NA,NA,NA,NA,NA,NA,NA,NA,NA,NA,NA,NA,NA,NA,NA,NA,NA,NA,NA,NA,NA,NA,NA,85.2208,85.77811,86.24478,86.70049,86.02378,85.57796,84.99749,85.64535,87.33766,85.51774,84.00534,83.08016,82.77224,82.9651,81.47554,80.27297,82.25234,82.46634,82.4134,81.54089,81.54128,80.37979,81.25768,80.42541,79.39553,79.836,79.81838,79.91551,
EA12.1.0.99.315.UDGGR,Euro area (12 countries),01 Based on ESA 2010,General government consolidated gross debt :- Excessive deficit procedure (based on ESA 2010),(EUR: EU-15 = 100),NA,NA,NA,NA,NA,NA,NA,NA,NA,NA,NA,NA,NA,NA,NA,NA,NA,NA,NA,NA,NA,NA,NA,NA,NA,NA,NA,NA,NA,NA,NA,NA,NA,NA,NA,NA,NA,NA,NA,NA,84.38429,84.87959,85.35659,85.80272,85.10369,84.6883,84.10158,84.72076,86.3809,84.45265,82.89683,81.90466,81.50541,81.58664,80.04647,78.84996,80.78412,80.99972,80.94704,80.07378,79.93888,78.77633,79.62373,78.76519,77.7065,78.0755,77.99461,78.01605,
BEL.1.0.99.315.UDGGR,Belgium,01 Based on ESA 2010,General government consolidated gross debt :- Excessive deficit procedure (based on ESA 2010),(EUR: EU-15 = 100),NA,NA,NA,NA,NA,NA,NA,NA,NA,NA,NA,NA,NA,NA,NA,NA,NA,NA,NA,NA,NA,NA,NA,NA,NA,NA,NA,NA,NA,NA,NA,NA,NA,NA,NA,NA,NA,NA,NA,NA,4.896,4.86663,4.76586,4.53478,4.32867,4.21178,4.11949,4.11527,4.22903,3.95292,3.70224,3.70577,3.62973,3.59495,3.58071,3.54302,3.69098,3.68172,3.68329,3.67379,3.67383,3.6585,3.76152,3.8186,3.78679,3.90442,3.92022,3.94463,
BGR.1.0.99.315.UDGGR,Bulgaria,01 Based on ESA 2010,General government consolidated gross debt :- Excessive deficit procedure (based on ESA 2010),(EUR: EU-15 = 100),NA,NA,NA,NA,NA,NA,NA,NA,NA,NA,NA,NA,NA,NA,NA,NA,NA,NA,NA,NA,NA,NA,NA,NA,NA,NA,NA,NA,NA,NA,NA,NA,NA,NA,NA,NA,NA,NA,NA,NA,0.17709,0.1743,0.14687,0.12868,0.11291,0.09112,0.07919,0.07252,0.06257,0.05819,0.05951,0.05979,0.0628,0.06197,0.09634,0.09577,0.11555,0.10665,0.09946,0.09656,0.10764,0.11313,0.12545,0.13411,0.14682,0.19529,0.21047,0.23056,
CZE.1.0.99.315.UDGGR,Czech Republic,01 Based on ESA 2010,General government consolidated gross debt :- Excessive deficit procedure (based on ESA 2010),(EUR: EU-15 = 100),NA,NA,NA,NA,NA,NA,NA,NA,NA,NA,NA,NA,NA,NA,NA,NA,NA,NA,NA,NA,NA,NA,NA,NA,NA,NA,NA,NA,NA,NA,NA,NA,NA,NA,NA,NA,NA,NA,NA,NA,0.20129,0.31097,0.36367,0.38844,0.43015,0.44767,0.49011,0.54222,0.54583,0.56706,0.60011,0.59531,0.64346,0.58174,0.54375,0.54811,0.52889,0.55436,0.53969,0.53722,0.58274,0.68649,0.80564,0.80934,0.81423,0.88083,0.90431,0.9387,
DNK.1.0.99.315.UDGGR,Denmark,01 Based on ESA 2010,General government consolidated gross debt :- Excessive deficit procedure (based on ESA 2010),(EUR: EU-15 = 100),NA,NA,NA,NA,NA,NA,NA,NA,NA,NA,NA,NA,NA,NA,NA,NA,NA,NA,NA,NA,NA,NA,NA,NA,NA,NA,NA,NA,NA,NA,NA,NA,NA,NA,NA,NA,NA,NA,NA,NA,1.65565,1.56897,1.57945,1.47396,1.40705,1.19655,1.03849,0.94334,1.11394,1.13868,1.13992,1.18243,1.10789,1.07472,1.07424,0.97773,0.95984,0.9554,0.92672,0.92706,1.00532,0.90458,0.82211,0.76294,0.70464,0.64561,0.61318,0.59232,
DEU.1.0.99.315.UDGGR,Germany,01 Based on ESA 2010,General government consolidated gross debt :- Excessive deficit procedure (based on ESA 2010),(EUR: EU-15 = 100),NA,NA,NA,NA,NA,NA,NA,NA,NA,NA,NA,NA,NA,NA,NA,NA,NA,NA,NA,NA,NA,NA,NA,NA,NA,NA,NA,NA,NA,NA,NA,NA,NA,NA,NA,NA,NA,NA,NA,NA,21.95253,21.63525,21.97306,22.47647,22.34788,22.26553,22.29945,22.16532,21.77524,20.53971,21.53392,20.5095,20.03401,19.25041,18.44446,17.72727,17.77407,17.25497,16.69875,16.28151,16.70248,16.63219,16.65097,16.27577,15.83511,16.00334,16.28965,16.6938,
EST.1.0.99.315.UDGGR,Estonia,01 Based on ESA 2010,General government consolidated gross debt :- Excessive deficit procedure (based on ESA 2010),(EUR: EU-15 = 100),NA,NA,NA,NA,NA,NA,NA,NA,NA,NA,NA,NA,NA,NA,NA,NA,NA,NA,NA,NA,NA,NA,NA,NA,NA,NA,NA,NA,NA,NA,NA,NA,NA,NA,NA,NA,NA,NA,NA,NA,0.00549,0.00585,0.00732,0.00775,0.00757,0.00766,0.00886,0.00878,0.01002,0.01283,0.01197,0.0121,0.01807,0.019,0.01953,0.01829,0.0185,0.01856,0.018,0.0202,0.03785,0.03853,0.04514,0.04787,0.05498,0.05658,0.06325,0.07199,
IRL.1.0.99.315.UDGGR,Ireland,01 Based on ESA 2010,General government consolidated gross debt :- Excessive deficit procedure (based on ESA 2010),(EUR: EU-15 = 100),NA,NA,NA,NA,NA,NA,NA,NA,NA,NA,NA,NA,NA,NA,NA,NA,NA,NA,NA,NA,NA,NA,NA,NA,NA,NA,NA,NA,NA,NA,NA,NA,NA,NA,NA,NA,NA,NA,NA,NA,0.68743,0.69577,0.69399,0.68769,0.65648,0.63303,0.60547,0.64611,1.02745,1.19166,1.46551,1.8049,1.88276,1.86617,1.68627,1.62613,1.63341,1.62715,1.64524,1.59173,1.54515,1.56357,1.44987,1.35671,1.26721,1.18353,1.119,1.10042,
GRC.1.0.99.315.UDGGR,Greece,01 Based on ESA 2010,General government consolidated gross debt :- Excessive deficit procedure (based on ESA 2010),(EUR: EU-15 = 100),NA,NA,NA,NA,NA,NA,NA,NA,NA,NA,NA,NA,NA,NA,NA,NA,NA,NA,NA,NA,NA,NA,NA,NA,NA,NA,NA,NA,NA,NA,NA,NA,NA,NA,NA,NA,NA,NA,NA,NA,2.57909,2.76595,2.8317,2.87419,2.98961,3.05204,3.12474,3.28448,3.41673,3.42646,3.35897,3.38897,2.73495,2.78538,2.66673,2.54104,2.60152,2.61322,2.73252,2.66053,2.4955,2.42095,2.3852,2.28376,2.14537,2.04634,1.96541,1.87113,
ESP.1.0.99.315.UDGGR,Spain,01 Based on ESA 2010,General government consolidated gross debt :- Excessive deficit procedure (based on ESA 2010),(EUR: EU-15 = 100),NA,NA,NA,NA,NA,NA,NA,NA,NA,NA,NA,NA,NA,NA,NA,NA,NA,NA,NA,NA,NA,NA,NA,NA,NA,NA,NA,NA,NA,NA,NA,NA,NA,NA,NA,NA,NA,NA,NA,NA,6.51758,6.43042,6.34611,6.0612,5.84905,5.61237,5.42822,5.2661,5.6859,6.48203,6.59613,7.0688,8.31743,8.89399,8.99742,8.98781,9.33064,9.58018,9.68217,9.60333,9.58167,9.50321,9.74875,9.7472,9.52621,9.5754,9.48387,9.40787,
FRA.1.0.99.315.UDGGR,France,01 Based on ESA 2010,General government consolidated gross debt :- Excessive deficit procedure (based on ESA 2010),(EUR: EU-15 = 100),NA,NA,NA,NA,NA,NA,NA,NA,NA,NA,NA,NA,NA,NA,NA,NA,NA,NA,NA,NA,NA,NA,NA,NA,NA,NA,NA,NA,NA,NA,NA,NA,NA,NA,NA,NA,NA,NA,NA,NA,15.31275,15.40505,15.97197,16.79143,17.01735,17.13711,16.71261,17.37093,17.92924,18.51938,17.49923,17.41064,17.17461,17.3835,17.17229,17.22225,17.84045,18.31078,18.57401,18.72562,18.95006,18.80679,19.15676,19.20047,19.43421,19.51175,19.47581,19.53792,
HRV.1.0.99.315.UDGGR,Croatia,01 Based on ESA 2010,General government consolidated gross debt :- Excessive deficit procedure (based on ESA 2010),(EUR: EU-15 = 100),NA,NA,NA,NA,NA,NA,NA,NA,NA,NA,NA,NA,NA,NA,NA,NA,NA,NA,NA,NA,NA,NA,NA,NA,NA,NA,NA,NA,NA,NA,NA,NA,NA,NA,NA,NA,NA,NA,NA,NA,0.14688,0.16397,0.17177,0.18404,0.19819,0.21573,0.21506,0.22574,0.2395,0.25152,0.25681,0.27141,0.27647,0.31055,0.30963,0.30696,0.30706,0.3065,0.30444,0.30526,0.31217,0.30336,0.3004,0.29862,0.28971,0.29529,0.30036,0.30069,
ITA.1.0.99.315.UDGGR,Italy,01 Based on ESA 2010,General government consolidated gross debt :- Excessive deficit procedure (based on ESA 2010),(EUR: EU-15 = 100),NA,NA,NA,NA,NA,NA,NA,NA,NA,NA,NA,NA,NA,NA,NA,NA,NA,NA,NA,NA,NA,NA,NA,NA,NA,NA,NA,NA,NA,NA,NA,NA,NA,NA,NA,NA,NA,NA,NA,NA,23.55313,24.10074,23.72516,23.29236,22.89996,22.70276,22.94418,22.97074,22.44196,20.9393,19.52406,18.78314,18.42969,18.53445,18.28323,18.08598,18.63946,18.8759,19.09424,18.94718,18.34059,17.86247,17.91778,17.75717,17.44093,17.45609,17.21131,16.95162,
CYP.1.0.99.315.UDGGR,Cyprus,01 Based on ESA 2010,General government consolidated gross debt :- Excessive deficit procedure (based on ESA 2010),(EUR: EU-15 = 100),NA,NA,NA,NA,NA,NA,NA,NA,NA,NA,NA,NA,NA,NA,NA,NA,NA,NA,NA,NA,NA,NA,NA,NA,NA,NA,NA,NA,NA,NA,NA,NA,NA,NA,NA,NA,NA,NA,NA,NA,0.1062,0.11449,0.12276,0.13113,0.13742,0.13832,0.1345,0.13348,0.11555,0.12252,0.11881,0.13202,0.14742,0.16936,0.1645,0.16154,0.16557,0.15855,0.17579,0.1694,0.18081,0.16473,0.1539,0.14265,0.12823,0.11321,0.10344,0.09372,
LVA.1.0.99.315.UDGGR,Latvia,01 Based on ESA 2010,General government consolidated gross debt :- Excessive deficit procedure (based on ESA 2010),(EUR: EU-15 = 100),NA,NA,NA,NA,NA,NA,NA,NA,NA,NA,NA,NA,NA,NA,NA,NA,NA,NA,NA,NA,NA,NA,NA,NA,NA,NA,NA,NA,NA,NA,NA,NA,NA,NA,NA,NA,NA,NA,NA,NA,0.01759,0.02214,0.02068,0.02233,0.02443,0.02337,0.02404,0.02649,0.05822,0.07918,0.08757,0.08473,0.08334,0.07952,0.0814,0.07332,0.08327,0.08489,0.08631,0.08792,0.09155,0.09846,0.10395,0.10876,0.11052,0.11375,0.118,0.12876,
LTU.1.0.99.315.UDGGR,Lithuania,01 Based on ESA 2010,General government consolidated gross debt :- Excessive deficit procedure (based on ESA 2010),(EUR: EU-15 = 100),NA,NA,NA,NA,NA,NA,NA,NA,NA,NA,NA,NA,NA,NA,NA,NA,NA,NA,NA,NA,NA,NA,NA,NA,NA,NA,NA,NA,NA,NA,NA,NA,NA,NA,NA,NA,NA,NA,NA,NA,0.05067,0.05406,0.0556,0.05376,0.05107,0.0528,0.05747,0.06311,0.06145,0.08568,0.10317,0.11066,0.11893,0.1175,0.12295,0.12813,0.12582,0.13383,0.12263,0.13747,0.16406,0.16335,0.16659,0.17065,0.1763,0.18753,0.21486,0.23464,
LUX.1.0.99.315.UDGGR,Luxembourg,01 Based on ESA 2010,General government consolidated gross debt :- Excessive deficit procedure (based on ESA 2010),(EUR: EU-15 = 100),NA,NA,NA,NA,NA,NA,NA,NA,NA,NA,NA,NA,NA,NA,NA,NA,NA,NA,NA,NA,NA,NA,NA,NA,NA,NA,NA,NA,NA,NA,NA,NA,NA,NA,NA,NA,NA,NA,NA,NA,0.02997,0.0309,0.03077,0.03088,0.03311,0.03434,0.03882,0.0417,0.07552,0.06793,0.08225,0.07802,0.08696,0.09538,0.09388,0.0923,0.08971,0.1026,0.10054,0.10936,0.11256,0.11744,0.12384,0.1254,0.13307,0.1336,0.14649,0.15125,
HUN.1.0.99.315.UDGGR,Hungary,01 Based on ESA 2010,General government consolidated gross debt :- Excessive deficit procedure (based on ESA 2010),(EUR: EU-15 = 100),NA,NA,NA,NA,NA,NA,NA,NA,NA,NA,NA,NA,NA,NA,NA,NA,NA,NA,NA,NA,NA,NA,NA,NA,NA,NA,NA,NA,NA,NA,NA,NA,NA,NA,NA,NA,NA,NA,NA,NA,0.48737,0.55699,0.67744,0.67058,0.75767,0.7713,0.86239,0.91044,0.94611,0.87099,0.80389,0.69334,0.69503,0.68393,0.65979,0.67635,0.71251,0.73837,0.74734,0.73933,0.75079,0.76255,0.7899,0.89111,0.85551,0.95029,1.00441,1.04907,
MLT.1.0.99.315.UDGGR,Malta,01 Based on ESA 2010,General government consolidated gross debt :- Excessive deficit procedure (based on ESA 2010),(EUR: EU-15 = 100),NA,NA,NA,NA,NA,NA,NA,NA,NA,NA,NA,NA,NA,NA,NA,NA,NA,NA,NA,NA,NA,NA,NA,NA,NA,NA,NA,NA,NA,NA,NA,NA,NA,NA,NA,NA,NA,NA,NA,NA,0.04618,0.05073,0.04836,0.05174,0.05175,0.05144,0.04807,0.04907,0.04951,0.04726,0.04534,0.04612,0.04399,0.04578,0.04507,0.04539,0.04703,0.0462,0.04537,0.0449,0.04985,0.05517,0.05859,0.06075,0.06243,0.06426,0.06473,0.06535,
NLD.1.0.99.315.UDGGR,Netherlands,01 Based on ESA 2010,General government consolidated gross debt :- Excessive deficit procedure (based on ESA 2010),(EUR: EU-15 = 100),NA,NA,NA,NA,NA,NA,NA,NA,NA,NA,NA,NA,NA,NA,NA,NA,NA,NA,NA,NA,NA,NA,NA,NA,NA,NA,NA,NA,NA,NA,NA,NA,NA,NA,NA,NA,NA,NA,NA,NA,4.11063,4.05694,4.0516,4.06675,4.00042,3.91671,3.66104,3.64905,4.56639,4.041,3.85151,3.82034,3.87917,3.87773,3.78106,3.59938,3.57017,3.40012,3.24838,3.10134,3.10227,2.99336,3.11851,2.97903,2.88657,2.95197,3.09762,3.06886,
AUT.1.0.99.315.UDGGR,Austria,01 Based on ESA 2010,General government consolidated gross debt :- Excessive deficit procedure (based on ESA 2010),(EUR: EU-15 = 100),NA,NA,NA,NA,NA,NA,NA,NA,NA,NA,NA,NA,NA,NA,NA,NA,NA,NA,NA,NA,NA,NA,NA,NA,NA,NA,NA,NA,NA,NA,NA,NA,NA,NA,NA,NA,NA,NA,NA,NA,2.46296,2.50342,2.50775,2.42443,2.37848,2.49901,2.50976,2.54268,2.61847,2.63104,2.49949,2.44374,2.35378,2.29555,2.33225,2.36265,2.41638,2.34922,2.28772,2.20384,2.25051,2.22541,2.27591,2.2993,2.32223,2.35733,2.35915,2.38009,
POL.1.0.99.315.UDGGR,Poland,01 Based on ESA 2010,General government consolidated gross debt :- Excessive deficit procedure (based on ESA 2010),(EUR: EU-15 = 100),NA,NA,NA,NA,NA,NA,NA,NA,NA,NA,NA,NA,NA,NA,NA,NA,NA,NA,NA,NA,NA,NA,NA,NA,NA,NA,NA,NA,NA,NA,NA,NA,NA,NA,NA,NA,NA,NA,NA,NA,1.23085,1.41388,1.39139,1.32845,1.54608,1.70579,1.82668,2.01318,1.86663,1.89582,1.98073,1.82824,1.94446,1.94351,1.69663,1.74797,1.86518,1.951,1.92739,1.92763,2.08598,2.04064,2.09477,2.41138,2.76746,3.11933,3.41151,3.64873,
PRT.1.0.99.315.UDGGR,Portugal,01 Based on ESA 2010,General government consolidated gross debt :- Excessive deficit procedure (based on ESA 2010),(EUR: EU-15 = 100),NA,NA,NA,NA,NA,NA,NA,NA,NA,NA,NA,NA,NA,NA,NA,NA,NA,NA,NA,NA,NA,NA,NA,NA,NA,NA,NA,NA,NA,NA,NA,NA,NA,NA,NA,NA,NA,NA,NA,NA,1.21095,1.32226,1.41291,1.47773,1.53251,1.63377,1.69529,1.74647,1.74478,1.74844,1.82548,1.9126,1.94304,1.93618,1.90195,1.89614,1.99126,1.99345,1.98709,1.95338,1.91772,1.78302,1.75878,1.62037,1.59244,1.55093,1.50946,1.4793,
ROM.1.0.99.315.UDGGR,Romania,01 Based on ESA 2010,General government consolidated gross debt :- Excessive deficit procedure (based on ESA 2010),(EUR: EU-15 = 100),NA,NA,NA,NA,NA,NA,NA,NA,NA,NA,NA,NA,NA,NA,NA,NA,NA,NA,NA,NA,NA,NA,NA,NA,NA,NA,NA,NA,NA,NA,NA,NA,NA,NA,NA,NA,NA,NA,NA,NA,0.13108,0.18529,0.17771,0.16325,0.17655,0.17683,0.17422,0.19302,0.21356,0.31058,0.37317,0.41796,0.44324,0.46277,0.4842,0.47916,0.51059,0.52153,0.56615,0.61151,0.72854,0.77424,0.87147,0.97521,1.14015,1.2582,1.338,1.412,
SVN.1.0.99.315.UDGGR,Slovenia,01 Based on ESA 2010,General government consolidated gross debt :- Excessive deficit procedure (based on ESA 2010),(EUR: EU-15 = 100),NA,NA,NA,NA,NA,NA,NA,NA,NA,NA,NA,NA,NA,NA,NA,NA,NA,NA,NA,NA,NA,NA,NA,NA,NA,NA,NA,NA,NA,NA,NA,NA,NA,NA,NA,NA,NA,NA,NA,NA,0.09542,0.10244,0.11081,0.10995,0.11143,0.10969,0.11353,0.10974,0.10663,0.14249,0.14142,0.16381,0.17419,0.22135,0.25072,0.25904,0.25885,0.25826,0.25836,0.24937,0.26656,0.25882,0.2683,0.27062,0.26308,0.26119,0.25941,0.26189,
SVK.1.0.99.315.UDGGR,Slovakia,01 Based on ESA 2010,General government consolidated gross debt :- Excessive deficit procedure (based on ESA 2010),(EUR: EU-15 = 100),NA,NA,NA,NA,NA,NA,NA,NA,NA,NA,NA,NA,NA,NA,NA,NA,NA,NA,NA,NA,NA,NA,NA,NA,NA,NA,NA,NA,NA,NA,NA,NA,NA,NA,NA,NA,NA,NA,NA,NA,0.19098,0.21056,0.20403,0.20838,0.22533,0.19952,0.21518,0.23567,0.25331,0.26542,0.2839,0.29486,0.34162,0.35342,0.33893,0.33457,0.34657,0.35318,0.35599,0.35603,0.3919,0.40792,0.41163,0.42619,0.45695,0.47339,0.48925,0.51186,
FIN.1.0.99.315.UDGGR,Finland,01 Based on ESA 2010,General government consolidated gross debt :- Excessive deficit procedure (based on ESA 2010),(EUR: EU-15 = 100),NA,NA,NA,NA,NA,NA,NA,NA,NA,NA,NA,NA,NA,NA,NA,NA,NA,NA,NA,NA,NA,NA,NA,NA,NA,NA,NA,NA,NA,NA,NA,NA,NA,NA,NA,NA,NA,NA,NA,NA,1.07126,1.06627,1.0457,1.08482,1.07016,0.98984,0.96252,0.9219,0.8702,0.91278,0.95805,0.97824,1.03927,1.07294,1.10622,1.166,1.20608,1.21041,1.21308,1.22217,1.26654,1.20941,1.27583,1.30141,1.33637,1.40078,1.41663,1.42916,
SWE.1.0.99.315.UDGGR,Sweden,01 Based on ESA 2010,General government consolidated gross debt :- Excessive deficit procedure (based on ESA 2010),(EUR: EU-15 = 100),NA,NA,NA,NA,NA,NA,NA,NA,NA,NA,NA,NA,NA,NA,NA,NA,NA,NA,NA,NA,NA,NA,NA,NA,NA,NA,NA,NA,NA,NA,NA,NA,NA,NA,NA,NA,NA,NA,NA,NA,2.39415,2.37632,2.34229,2.32976,2.28801,2.17879,2.09704,1.88656,1.53164,1.52411,1.55819,1.49477,1.48325,1.53327,1.61176,1.66361,1.61717,1.57599,1.49791,1.35776,1.43865,1.30863,1.16625,1.10451,1.12175,1.20122,1.23295,1.25968,
GBR.1.0.99.315.UDGGR,United Kingdom,01 Based on ESA 2010,General government consolidated gross debt :- Excessive deficit procedure (based on ESA 2010),(EUR: EU-15 = 100),NA,NA,NA,NA,NA,NA,NA,NA,NA,NA,NA,NA,NA,NA,NA,NA,NA,NA,NA,NA,NA,NA,NA,NA,NA,NA,NA,NA,NA,NA,NA,NA,NA,NA,NA,NA,NA,NA,NA,NA,11.56592,11.17513,10.72166,10.39356,11.20125,11.93636,12.76289,12.44934,10.97352,12.88456,14.40506,15.41815,15.90345,15.80538,17.26753,18.50869,16.63888,16.46889,16.62833,17.6414,17.61715,19.01047,18.38791,19.36736,20.46711,20.07767,20.15927,20.13195,
ALB.1.0.99.315.UDGGR,Albania,01 Based on ESA 2010,General government consolidated gross debt :- Excessive deficit procedure (based on ESA 2010),(EUR: EU-15 = 100),NA,NA,NA,NA,NA,NA,NA,NA,NA,NA,NA,NA,NA,NA,NA,NA,NA,NA,NA,NA,NA,NA,NA,NA,NA,NA,NA,NA,NA,NA,NA,NA,NA,NA,NA,NA,NA,NA,NA,NA,NA,NA,NA,NA,NA,NA,NA,NA,NA,NA,0.05239,0.05291,0.05319,0.05474,0.05786,0.0613,0.06424,0.06622,NA,NA,NA,NA,NA,NA,NA,NA,NA,NA,
MNE.1.0.99.315.UDGGR,Montenegro,01 Based on ESA 2010,General government consolidated gross debt :- Excessive deficit procedure (based on ESA 2010),(EUR: EU-15 = 100),NA,NA,NA,NA,NA,NA,NA,NA,NA,NA,NA,NA,NA,NA,NA,NA,NA,NA,NA,NA,NA,NA,NA,NA,NA,NA,NA,NA,NA,NA,NA,NA,NA,NA,NA,NA,NA,NA,NA,NA,NA,NA,0.01702,0.00963,0.01136,0.00999,0.00971,0.01009,0.01155,0.01298,0.01291,0.01411,0.01524,0.01676,0.01718,0.01951,0.02074,0.02232,NA,NA,NA,NA,NA,NA,NA,NA,NA,NA,
MKD.1.0.99.315.UDGGR,North Macedonia,01 Based on ESA 2010,General government consolidated gross debt :- Excessive deficit procedure (based on ESA 2010),(EUR: EU-15 = 100),NA,NA,NA,NA,NA,NA,NA,NA,NA,NA,NA,NA,NA,NA,NA,NA,NA,NA,NA,NA,NA,NA,NA,NA,NA,NA,NA,NA,NA,NA,NA,NA,NA,NA,NA,NA,NA,NA,NA,NA,0.03243,0.03177,0.0283,0.02531,0.02376,0.02643,0.02317,0.01957,0.01786,0.01821,0.01739,0.01992,0.02291,0.02406,0.02711,0.02787,0.03143,0.03207,NA,NA,NA,NA,NA,NA,NA,NA,NA,NA,
SRB.1.0.99.315.UDGGR,Serbia,01 Based on ESA 2010,General government consolidated gross debt :- Excessive deficit procedure (based on ESA 2010),(EUR: EU-15 = 100),NA,NA,NA,NA,NA,NA,NA,NA,NA,NA,NA,NA,NA,NA,NA,NA,NA,NA,NA,NA,NA,NA,NA,NA,NA,NA,NA,NA,NA,NA,NA,NA,NA,NA,NA,NA,NA,NA,NA,NA,0.24609,0.22826,0.19046,0.17455,0.14515,0.14718,0.12946,0.12151,0.11332,0.11209,0.12353,0.14676,0.16407,0.17917,0.19249,0.20378,0.20519,0.19056,0.18671,0.19103,0.19247,0.20252,0.21798,0.22529,0.2299,0.22182,0.22702,0.23222,
TUR.1.0.99.315.UDGGR,Türkiye,01 Based on ESA 2010,General government consolidated gross debt :- Excessive deficit procedure (based on ESA 2010),(EUR: EU-15 = 100),NA,NA,NA,NA,NA,NA,NA,NA,NA,NA,NA,NA,NA,NA,NA,NA,NA,NA,NA,NA,NA,NA,NA,NA,NA,NA,NA,NA,NA,NA,NA,NA,NA,NA,NA,NA,NA,NA,NA,NA,NA,NA,NA,NA,NA,NA,NA,NA,NA,NA,NA,NA,NA,NA,NA,NA,NA,NA,NA,1.61137,1.53714,1.26236,1.46441,1.4497,1.68347,1.67439,2.12803,2.6059,
ISL.1.0.99.315.UDGGR,Iceland,01 Based on ESA 2010,General government consolidated gross debt :- Excessive deficit procedure (based on ESA 2010),(EUR: EU-15 = 100),NA,NA,NA,NA,NA,NA,NA,NA,NA,NA,NA,NA,NA,NA,NA,NA,NA,NA,NA,NA,NA,NA,NA,NA,NA,NA,NA,NA,NA,NA,NA,NA,NA,NA,NA,NA,NA,NA,NA,NA,118.76261,0.12411,136.80835,132.01378,140.81247,139.94762,128.7192,141.33159,0.13319,0.13251,0.14786,0.14607,0.13046,0.13144,0.12929,0.12838,0.14163,0.12263,0.10808,0.11628,0.10347,0.11043,0.11216,0.11057,0.11141,0.0891,0.08981,0.08744,
NOR.1.0.99.315.UDGGR,Norway,01 Based on ESA 2010,General government consolidated gross debt :- Excessive deficit procedure (based on ESA 2010),(EUR: EU-15 = 100),NA,NA,NA,NA,NA,NA,NA,NA,NA,NA,NA,NA,NA,NA,NA,NA,NA,NA,NA,NA,NA,NA,NA,NA,NA,NA,NA,NA,NA,NA,NA,NA,NA,NA,NA,NA,NA,NA,NA,NA,0.90983,0.90622,1.1972,1.27559,1.39901,1.48326,1.95187,2.00322,1.63261,1.40947,1.4439,0.99451,1.08861,0.98244,0.82375,0.87113,1.03218,1.02125,1.11642,1.13892,1.0605,1.18773,1.28257,1.24756,1.42596,NA,1.3387,1.23776,
JPN.1.0.99.315.UDGGR,Japan,01 Based on ESA 2010,General government consolidated gross debt :- Excessive deficit procedure (based on ESA 2010),(EUR: EU-15 = 100),NA,NA,NA,NA,NA,NA,NA,NA,NA,NA,NA,NA,NA,NA,NA,NA,NA,NA,NA,NA,NA,NA,NA,NA,NA,NA,NA,NA,NA,NA,NA,NA,NA,NA,NA,NA,NA,NA,NA,NA,118.19883,113.01036,107.4676,98.3411,96.06884,84.6703,72.52747,68.00683,83.81837,73.7772,85.19846,90.67038,78.61597,62.01389,61.41173,67.61233,74.17501,68.78207,73.73791,75.89129,71.28751,65.12957,61.4038,53.71254,49.03985,41.9869,39.80239,38.29595,
USA.1.0.99.315.UDGGR,United States,01 Based on ESA 2010,General government consolidated gross debt :- Excessive deficit procedure (based on ESA 2010),(EUR: EU-15 = 100),NA,NA,NA,NA,NA,NA,NA,NA,NA,NA,NA,NA,NA,NA,NA,NA,NA,NA,NA,NA,NA,NA,NA,NA,NA,NA,NA,NA,NA,NA,NA,NA,NA,NA,NA,NA,NA,NA,NA,NA,105.88593,114.45844,100.90848,87.73718,83.66235,98.78649,91.23674,85.82925,99.21201,97.26411,106.65484,111.92553,111.65084,109.09002,123.89088,140.21069,154.34845,138.24193,153.59793,161.99093,160.86037,173.85336,190.92856,190.38431,204.93181,184.81731,187.81691,190.61186,
EU27.1.0.99.327.UDGGR,European Union,01 Based on ESA 2010,General government consolidated gross debt :- Excessive deficit procedure (based on ESA 2010),(EUR: EU-27 = 100),NA,NA,NA,NA,NA,NA,NA,NA,NA,NA,NA,NA,NA,NA,NA,NA,NA,NA,NA,NA,NA,NA,NA,NA,NA,NA,NA,NA,NA,NA,NA,NA,NA,NA,NA,NA,NA,NA,NA,NA,100,100,100,100,100,100,100,100,100,100,100,100,100,100,100,100,100,100,100,100,100,100,100,100,100,100,100,100,
EU15.1.0.99.327.UDGGR,European Union (15 countries),01 Based on ESA 2010,General government consolidated gross debt :- Excessive deficit procedure (based on ESA 2010),(EUR: EU-27 = 100),NA,NA,NA,NA,NA,NA,NA,NA,NA,NA,NA,NA,NA,NA,NA,NA,NA,NA,NA,NA,NA,NA,NA,NA,NA,NA,NA,NA,NA,NA,NA,NA,NA,NA,NA,NA,NA,NA,NA,NA,109.50363,108.47103,107.78564,107.46341,107.95721,108.63083,109.30584,108.53743,106.88858,108.90283,110.54444,111.99186,112.24658,112.05105,114.22579,115.78643,113.06268,112.65957,112.84312,114.10131,113.4645,115.13188,113.88507,114.44279,115.20834,113.77668,113.22113,112.59231,
EA19.1.0.99.327.UDGGR,Euro area (19 countries),01 Based on ESA 2010,General government consolidated gross debt :- Excessive deficit procedure (based on ESA 2010),(EUR: EU-27 = 100),NA,NA,NA,NA,NA,NA,NA,NA,NA,NA,NA,NA,NA,NA,NA,NA,NA,NA,NA,NA,NA,NA,NA,NA,NA,NA,NA,NA,NA,NA,NA,NA,NA,NA,NA,NA,NA,NA,NA,NA,92.96511,92.67747,92.61604,92.83524,92.53303,92.63072,92.58559,92.63354,93.03111,92.79396,92.51356,92.6721,92.52819,92.54585,92.60236,92.47891,92.51889,92.44077,92.54207,92.58074,92.04407,92.06325,92.05539,91.54586,90.96735,90.27658,89.7929,89.38057,
EA20.1.0.99.327.UDGGR,Euro area (20 countries),01 Based on ESA 2010,General government consolidated gross debt :- Excessive deficit procedure (based on ESA 2010),(EUR: EU-27 = 100),NA,NA,NA,NA,NA,NA,NA,NA,NA,NA,NA,NA,NA,NA,NA,NA,NA,NA,NA,NA,NA,NA,NA,NA,NA,NA,NA,NA,NA,NA,NA,NA,NA,NA,NA,NA,NA,NA,NA,NA,93.12595,92.85533,92.80118,93.03301,92.74698,92.86506,92.82066,92.87855,93.2871,93.06787,92.79745,92.97605,92.83852,92.89383,92.95604,92.83432,92.86606,92.78607,92.88561,92.92904,92.39827,92.41252,92.3975,91.8876,91.30112,90.61256,90.13297,89.71913,
EA21.1.0.99.327.UDGGR,Euro area (21 countries),01 Based on ESA 2010,General government consolidated gross debt :- Excessive deficit procedure (based on ESA 2010),(EUR: EU-27 = 100),NA,NA,NA,NA,NA,NA,NA,NA,NA,NA,NA,NA,NA,NA,NA,NA,NA,NA,NA,NA,NA,NA,NA,NA,NA,NA,NA,NA,NA,NA,NA,NA,NA,NA,NA,NA,NA,NA,NA,NA,93.31987,93.04439,92.95949,93.1713,92.86887,92.96405,92.90722,92.95726,93.35398,93.13124,92.86324,93.04302,92.90901,92.96327,93.06608,92.94521,92.99671,92.90623,92.99785,93.03922,92.5204,92.54276,92.54037,92.04108,91.47027,90.83475,90.37127,89.97872,
EA12.1.0.99.327.UDGGR,Euro area (12 countries),01 Based on ESA 2010,General government consolidated gross debt :- Excessive deficit procedure (based on ESA 2010),(EUR: EU-27 = 100),NA,NA,NA,NA,NA,NA,NA,NA,NA,NA,NA,NA,NA,NA,NA,NA,NA,NA,NA,NA,NA,NA,NA,NA,NA,NA,NA,NA,NA,NA,NA,NA,NA,NA,NA,NA,NA,NA,NA,NA,92.40386,92.06976,92.00214,92.20653,91.87556,91.99761,91.92794,91.95373,92.33132,91.97133,91.63784,91.72655,91.48704,91.41868,91.43371,91.29756,91.33669,91.25394,91.34316,91.36523,90.70225,90.69667,90.67954,90.14109,89.52437,88.83171,88.30638,87.84008,
BEL.1.0.99.327.UDGGR,Belgium,01 Based on ESA 2010,General government consolidated gross debt :- Excessive deficit procedure (based on ESA 2010),(EUR: EU-27 = 100),NA,NA,NA,NA,NA,NA,NA,NA,NA,NA,NA,NA,NA,NA,NA,NA,NA,NA,NA,NA,NA,NA,NA,NA,NA,NA,NA,NA,NA,NA,NA,NA,NA,NA,NA,NA,NA,NA,NA,NA,5.36129,5.27889,5.13691,4.87323,4.67311,4.57529,4.50284,4.4666,4.52035,4.30484,4.09262,4.15016,4.07425,4.02818,4.09009,4.10234,4.17312,4.14781,4.15634,4.19184,4.16849,4.2121,4.28381,4.37011,4.3627,4.44232,4.43851,4.44135,
BGR.1.0.99.327.UDGGR,Bulgaria,01 Based on ESA 2010,General government consolidated gross debt :- Excessive deficit procedure (based on ESA 2010),(EUR: EU-27 = 100),NA,NA,NA,NA,NA,NA,NA,NA,NA,NA,NA,NA,NA,NA,NA,NA,NA,NA,NA,NA,NA,NA,NA,NA,NA,NA,NA,NA,NA,NA,NA,NA,NA,NA,NA,NA,NA,NA,NA,NA,0.19392,0.18906,0.1583,0.13829,0.12189,0.09899,0.08656,0.07871,0.06688,0.06337,0.06579,0.06696,0.07049,0.06944,0.11004,0.11089,0.13065,0.12015,0.11223,0.11018,0.12214,0.13024,0.14287,0.15348,0.16915,0.22219,0.2383,0.25959,
CZE.1.0.99.327.UDGGR,Czech Republic,01 Based on ESA 2010,General government consolidated gross debt :- Excessive deficit procedure (based on ESA 2010),(EUR: EU-27 = 100),NA,NA,NA,NA,NA,NA,NA,NA,NA,NA,NA,NA,NA,NA,NA,NA,NA,NA,NA,NA,NA,NA,NA,NA,NA,NA,NA,NA,NA,NA,NA,NA,NA,NA,NA,NA,NA,NA,NA,NA,0.22042,0.33731,0.39199,0.41743,0.46438,0.4863,0.53571,0.58851,0.58343,0.61755,0.66339,0.66669,0.72227,0.65185,0.6211,0.63464,0.59798,0.62454,0.609,0.61298,0.6612,0.79037,0.91751,0.92623,0.93806,1.00218,1.02387,1.0569,
DNK.1.0.99.327.UDGGR,Denmark,01 Based on ESA 2010,General government consolidated gross debt :- Excessive deficit procedure (based on ESA 2010),(EUR: EU-27 = 100),NA,NA,NA,NA,NA,NA,NA,NA,NA,NA,NA,NA,NA,NA,NA,NA,NA,NA,NA,NA,NA,NA,NA,NA,NA,NA,NA,NA,NA,NA,NA,NA,NA,NA,NA,NA,NA,NA,NA,NA,1.81299,1.70187,1.70242,1.58397,1.51902,1.29982,1.13513,1.02388,1.19067,1.24005,1.26012,1.32422,1.24357,1.20423,1.22706,1.13208,1.08522,1.07635,1.04574,1.05779,1.14068,1.04146,0.93626,0.87313,0.8118,0.73456,0.69425,0.66691,
DEU.1.0.99.327.UDGGR,Germany,01 Based on ESA 2010,General government consolidated gross debt :- Excessive deficit procedure (based on ESA 2010),(EUR: EU-27 = 100),NA,NA,NA,NA,NA,NA,NA,NA,NA,NA,NA,NA,NA,NA,NA,NA,NA,NA,NA,NA,NA,NA,NA,NA,NA,NA,NA,NA,NA,NA,NA,NA,NA,NA,NA,NA,NA,NA,NA,NA,24.03882,23.46798,23.68381,24.15398,24.12614,24.18723,24.3746,24.05767,23.27524,22.36833,23.80455,22.96897,22.48749,21.57028,21.06833,20.52578,20.09584,19.43938,18.84339,18.57742,18.95139,19.14895,18.96297,18.62644,18.24337,18.20807,18.44333,18.79593,
EST.1.0.99.327.UDGGR,Estonia,01 Based on ESA 2010,General government consolidated gross debt :- Excessive deficit procedure (based on ESA 2010),(EUR: EU-27 = 100),NA,NA,NA,NA,NA,NA,NA,NA,NA,NA,NA,NA,NA,NA,NA,NA,NA,NA,NA,NA,NA,NA,NA,NA,NA,NA,NA,NA,NA,NA,NA,NA,NA,NA,NA,NA,NA,NA,NA,NA,0.00601,0.00634,0.00789,0.00833,0.00817,0.00832,0.00969,0.00952,0.01071,0.01397,0.01323,0.01355,0.02029,0.02129,0.0223,0.02118,0.02092,0.02091,0.02031,0.02305,0.04295,0.04436,0.05141,0.05478,0.06334,0.06438,0.07161,0.08105,
IRL.1.0.99.327.UDGGR,Ireland,01 Based on ESA 2010,General government consolidated gross debt :- Excessive deficit procedure (based on ESA 2010),(EUR: EU-27 = 100),NA,NA,NA,NA,NA,NA,NA,NA,NA,NA,NA,NA,NA,NA,NA,NA,NA,NA,NA,NA,NA,NA,NA,NA,NA,NA,NA,NA,NA,NA,NA,NA,NA,NA,NA,NA,NA,NA,NA,NA,0.75276,0.75471,0.74803,0.73901,0.70872,0.68766,0.66181,0.70127,1.09823,1.29775,1.62004,2.02134,2.11334,2.09107,1.92615,1.88283,1.84678,1.83314,1.85654,1.81619,1.7532,1.80017,1.65119,1.55266,1.45993,1.34658,1.26694,1.23899,
GRC.1.0.99.327.UDGGR,Greece,01 Based on ESA 2010,General government consolidated gross debt :- Excessive deficit procedure (based on ESA 2010),(EUR: EU-27 = 100),NA,NA,NA,NA,NA,NA,NA,NA,NA,NA,NA,NA,NA,NA,NA,NA,NA,NA,NA,NA,NA,NA,NA,NA,NA,NA,NA,NA,NA,NA,NA,NA,NA,NA,NA,NA,NA,NA,NA,NA,2.8242,3.00025,3.05217,3.08871,3.2275,3.31545,3.41552,3.5649,3.6521,3.73152,3.71315,3.79537,3.06989,3.12105,3.0461,2.94218,2.94134,2.94404,3.08346,3.0357,2.83151,2.78728,2.71638,2.6136,2.47164,2.32826,2.22525,2.10675,
ESP.1.0.99.327.UDGGR,Spain,01 Based on ESA 2010,General government consolidated gross debt :- Excessive deficit procedure (based on ESA 2010),(EUR: EU-27 = 100),NA,NA,NA,NA,NA,NA,NA,NA,NA,NA,NA,NA,NA,NA,NA,NA,NA,NA,NA,NA,NA,NA,NA,NA,NA,NA,NA,NA,NA,NA,NA,NA,NA,NA,NA,NA,NA,NA,NA,NA,7.13699,6.97514,6.84019,6.51358,6.31448,6.09676,5.93336,5.71569,6.07758,7.05911,7.29166,7.91648,9.33604,9.96581,10.27737,10.40666,10.54947,10.79299,10.92566,10.95752,10.87179,10.94122,11.10237,11.15497,10.97499,10.89457,10.73774,10.59254,
FRA.1.0.99.327.UDGGR,France,01 Based on ESA 2010,General government consolidated gross debt :- Excessive deficit procedure (based on ESA 2010),(EUR: EU-27 = 100),NA,NA,NA,NA,NA,NA,NA,NA,NA,NA,NA,NA,NA,NA,NA,NA,NA,NA,NA,NA,NA,NA,NA,NA,NA,NA,NA,NA,NA,NA,NA,NA,NA,NA,NA,NA,NA,NA,NA,NA,16.76802,16.71001,17.21549,18.04464,18.37145,18.61619,18.26786,18.85396,19.16431,20.16813,19.34443,19.4985,19.27791,19.4784,19.61518,19.94103,20.17089,20.62885,20.9595,21.36618,21.50159,21.65262,21.81669,21.97356,22.38983,22.19982,22.05073,21.99819,
HRV.1.0.99.327.UDGGR,Croatia,01 Based on ESA 2010,General government consolidated gross debt :- Excessive deficit procedure (based on ESA 2010),(EUR: EU-27 = 100),NA,NA,NA,NA,NA,NA,NA,NA,NA,NA,NA,NA,NA,NA,NA,NA,NA,NA,NA,NA,NA,NA,NA,NA,NA,NA,NA,NA,NA,NA,NA,NA,NA,NA,NA,NA,NA,NA,NA,NA,0.16084,0.17786,0.18514,0.19777,0.21396,0.23435,0.23507,0.24501,0.25599,0.27391,0.28389,0.30396,0.31033,0.34798,0.35368,0.35541,0.34716,0.3453,0.34354,0.34831,0.3542,0.34926,0.34211,0.34175,0.33377,0.33597,0.34007,0.33856,
ITA.1.0.99.327.UDGGR,Italy,01 Based on ESA 2010,General government consolidated gross debt :- Excessive deficit procedure (based on ESA 2010),(EUR: EU-27 = 100),NA,NA,NA,NA,NA,NA,NA,NA,NA,NA,NA,NA,NA,NA,NA,NA,NA,NA,NA,NA,NA,NA,NA,NA,NA,NA,NA,NA,NA,NA,NA,NA,NA,NA,NA,NA,NA,NA,NA,NA,25.79154,26.14232,25.57231,25.03076,24.72216,24.6622,25.07933,24.93185,23.98789,22.8035,21.58276,21.03558,20.6867,20.76805,20.88417,20.94111,21.07428,21.26551,21.54653,21.61898,20.81006,20.5654,20.40568,20.3218,20.0934,19.86096,19.48684,19.08622,
CYP.1.0.99.327.UDGGR,Cyprus,01 Based on ESA 2010,General government consolidated gross debt :- Excessive deficit procedure (based on ESA 2010),(EUR: EU-27 = 100),NA,NA,NA,NA,NA,NA,NA,NA,NA,NA,NA,NA,NA,NA,NA,NA,NA,NA,NA,NA,NA,NA,NA,NA,NA,NA,NA,NA,NA,NA,NA,NA,NA,NA,NA,NA,NA,NA,NA,NA,0.1163,0.12418,0.13232,0.14091,0.14835,0.15026,0.14702,0.14488,0.12351,0.13343,0.13134,0.14785,0.16547,0.18977,0.1879,0.18705,0.1872,0.17862,0.19837,0.19329,0.20516,0.18966,0.17527,0.16326,0.14773,0.12881,0.11712,0.10552,
LVA.1.0.99.327.UDGGR,Latvia,01 Based on ESA 2010,General government consolidated gross debt :- Excessive deficit procedure (based on ESA 2010),(EUR: EU-27 = 100),NA,NA,NA,NA,NA,NA,NA,NA,NA,NA,NA,NA,NA,NA,NA,NA,NA,NA,NA,NA,NA,NA,NA,NA,NA,NA,NA,NA,NA,NA,NA,NA,NA,NA,NA,NA,NA,NA,NA,NA,0.01926,0.02401,0.02229,0.024,0.02638,0.02539,0.02627,0.02875,0.06223,0.08623,0.0968,0.09489,0.09354,0.08911,0.09298,0.0849,0.09415,0.09564,0.09739,0.10032,0.10388,0.11336,0.11839,0.12447,0.12733,0.12942,0.1336,0.14497,
LTU.1.0.99.327.UDGGR,Lithuania,01 Based on ESA 2010,General government consolidated gross debt :- Excessive deficit procedure (based on ESA 2010),(EUR: EU-27 = 100),NA,NA,NA,NA,NA,NA,NA,NA,NA,NA,NA,NA,NA,NA,NA,NA,NA,NA,NA,NA,NA,NA,NA,NA,NA,NA,NA,NA,NA,NA,NA,NA,NA,NA,NA,NA,NA,NA,NA,NA,0.05549,0.05864,0.05993,0.05777,0.05514,0.05736,0.06282,0.0685,0.06568,0.09331,0.11405,0.12393,0.13349,0.13166,0.14044,0.14835,0.14225,0.15077,0.13838,0.15685,0.18615,0.18807,0.18972,0.19529,0.20312,0.21337,0.24327,0.26419,
LUX.1.0.99.327.UDGGR,Luxembourg,01 Based on ESA 2010,General government consolidated gross debt :- Excessive deficit procedure (based on ESA 2010),(EUR: EU-27 = 100),NA,NA,NA,NA,NA,NA,NA,NA,NA,NA,NA,NA,NA,NA,NA,NA,NA,NA,NA,NA,NA,NA,NA,NA,NA,NA,NA,NA,NA,NA,NA,NA,NA,NA,NA,NA,NA,NA,NA,NA,0.03282,0.03351,0.03317,0.03318,0.03575,0.0373,0.04243,0.04526,0.08072,0.07398,0.09092,0.08738,0.09761,0.10687,0.10724,0.10688,0.10143,0.11559,0.11346,0.12478,0.12772,0.13521,0.14104,0.14351,0.15331,0.15201,0.16586,0.1703,
HUN.1.0.99.327.UDGGR,Hungary,01 Based on ESA 2010,General government consolidated gross debt :- Excessive deficit procedure (based on ESA 2010),(EUR: EU-27 = 100),NA,NA,NA,NA,NA,NA,NA,NA,NA,NA,NA,NA,NA,NA,NA,NA,NA,NA,NA,NA,NA,NA,NA,NA,NA,NA,NA,NA,NA,NA,NA,NA,NA,NA,NA,NA,NA,NA,NA,NA,0.53368,0.60417,0.73019,0.72063,0.81796,0.83787,0.94264,0.98817,1.01128,0.94853,0.88866,0.77649,0.78015,0.76635,0.75365,0.78312,0.80558,0.83185,0.84333,0.84359,0.85188,0.87794,0.89958,1.01982,0.98562,1.0812,1.13721,1.18117,
MLT.1.0.99.327.UDGGR,Malta,01 Based on ESA 2010,General government consolidated gross debt :- Excessive deficit procedure (based on ESA 2010),(EUR: EU-27 = 100),NA,NA,NA,NA,NA,NA,NA,NA,NA,NA,NA,NA,NA,NA,NA,NA,NA,NA,NA,NA,NA,NA,NA,NA,NA,NA,NA,NA,NA,NA,NA,NA,NA,NA,NA,NA,NA,NA,NA,NA,0.05057,0.05503,0.05213,0.0556,0.05587,0.05588,0.05255,0.05326,0.05292,0.05147,0.05013,0.05165,0.04938,0.05129,0.05148,0.05256,0.05317,0.05205,0.0512,0.05123,0.05657,0.06351,0.06673,0.06952,0.07193,0.07312,0.07328,0.07358,
NLD.1.0.99.327.UDGGR,Netherlands,01 Based on ESA 2010,General government consolidated gross debt :- Excessive deficit procedure (based on ESA 2010),(EUR: EU-27 = 100),NA,NA,NA,NA,NA,NA,NA,NA,NA,NA,NA,NA,NA,NA,NA,NA,NA,NA,NA,NA,NA,NA,NA,NA,NA,NA,NA,NA,NA,NA,NA,NA,NA,NA,NA,NA,NA,NA,NA,NA,4.50129,4.40061,4.36704,4.37027,4.31874,4.25476,4.00173,3.96059,4.88095,4.40076,4.25763,4.27847,4.35424,4.34504,4.31894,4.16759,4.03653,3.83057,3.66557,3.53867,3.51998,3.44631,3.55151,3.40928,3.32557,3.35866,3.50716,3.4553,
AUT.1.0.99.327.UDGGR,Austria,01 Based on ESA 2010,General government consolidated gross debt :- Excessive deficit procedure (based on ESA 2010),(EUR: EU-27 = 100),NA,NA,NA,NA,NA,NA,NA,NA,NA,NA,NA,NA,NA,NA,NA,NA,NA,NA,NA,NA,NA,NA,NA,NA,NA,NA,NA,NA,NA,NA,NA,NA,NA,NA,NA,NA,NA,NA,NA,NA,2.69703,2.71548,2.70299,2.60538,2.56775,2.7147,2.74332,2.75976,2.79884,2.86527,2.76305,2.73679,2.64204,2.57218,2.66403,2.73562,2.73202,2.64662,2.58154,2.51461,2.55353,2.56216,2.59193,2.63139,2.6754,2.68209,2.67106,2.6798,
POL.1.0.99.327.UDGGR,Poland,01 Based on ESA 2010,General government consolidated gross debt :- Excessive deficit procedure (based on ESA 2010),(EUR: EU-27 = 100),NA,NA,NA,NA,NA,NA,NA,NA,NA,NA,NA,NA,NA,NA,NA,NA,NA,NA,NA,NA,NA,NA,NA,NA,NA,NA,NA,NA,NA,NA,NA,NA,NA,NA,NA,NA,NA,NA,NA,NA,1.34782,1.53365,1.49972,1.4276,1.66911,1.85302,1.99667,2.18506,1.99521,2.0646,2.18959,2.04748,2.18259,2.17772,1.93799,2.02391,2.10882,2.19799,2.17493,2.19945,2.36685,2.34943,2.38563,2.75966,3.18835,3.54907,3.86254,4.10819,
PRT.1.0.99.327.UDGGR,Portugal,01 Based on ESA 2010,General government consolidated gross debt :- Excessive deficit procedure (based on ESA 2010),(EUR: EU-27 = 100),NA,NA,NA,NA,NA,NA,NA,NA,NA,NA,NA,NA,NA,NA,NA,NA,NA,NA,NA,NA,NA,NA,NA,NA,NA,NA,NA,NA,NA,NA,NA,NA,NA,NA,NA,NA,NA,NA,NA,NA,1.32603,1.43427,1.52291,1.58802,1.65446,1.77478,1.85306,1.89557,1.86497,1.9041,2.01796,2.14195,2.18099,2.16951,2.17252,2.19548,2.25137,2.24581,2.24229,2.22883,2.17593,2.05282,2.00299,1.85439,1.83463,1.7646,1.70903,1.66557,
ROM.1.0.99.327.UDGGR,Romania,01 Based on ESA 2010,General government consolidated gross debt :- Excessive deficit procedure (based on ESA 2010),(EUR: EU-27 = 100),NA,NA,NA,NA,NA,NA,NA,NA,NA,NA,NA,NA,NA,NA,NA,NA,NA,NA,NA,NA,NA,NA,NA,NA,NA,NA,NA,NA,NA,NA,NA,NA,NA,NA,NA,NA,NA,NA,NA,NA,0.14353,0.20098,0.19154,0.17543,0.1906,0.19209,0.19043,0.2095,0.22827,0.33823,0.41251,0.46808,0.49752,0.51854,0.55308,0.5548,0.57728,0.58755,0.63886,0.69775,0.82663,0.8914,0.99247,1.11605,1.31354,1.43153,1.5149,1.5898,
SVN.1.0.99.327.UDGGR,Slovenia,01 Based on ESA 2010,General government consolidated gross debt :- Excessive deficit procedure (based on ESA 2010),(EUR: EU-27 = 100),NA,NA,NA,NA,NA,NA,NA,NA,NA,NA,NA,NA,NA,NA,NA,NA,NA,NA,NA,NA,NA,NA,NA,NA,NA,NA,NA,NA,NA,NA,NA,NA,NA,NA,NA,NA,NA,NA,NA,NA,0.10449,0.11111,0.11944,0.11816,0.12029,0.11915,0.1241,0.11911,0.11398,0.15517,0.15634,0.18346,0.19552,0.24803,0.28639,0.29994,0.29266,0.29096,0.29155,0.28453,0.30245,0.29798,0.30555,0.30971,0.30309,0.29718,0.2937,0.29486,
SVK.1.0.99.327.UDGGR,Slovakia,01 Based on ESA 2010,General government consolidated gross debt :- Excessive deficit procedure (based on ESA 2010),(EUR: EU-27 = 100),NA,NA,NA,NA,NA,NA,NA,NA,NA,NA,NA,NA,NA,NA,NA,NA,NA,NA,NA,NA,NA,NA,NA,NA,NA,NA,NA,NA,NA,NA,NA,NA,NA,NA,NA,NA,NA,NA,NA,NA,0.20913,0.22839,0.21991,0.22394,0.24326,0.21674,0.2352,0.25579,0.27076,0.28905,0.31384,0.33022,0.38346,0.39602,0.38715,0.38739,0.39185,0.39789,0.40171,0.40624,0.44467,0.46964,0.46878,0.48774,0.52644,0.53861,0.55394,0.57632,
FIN.1.0.99.327.UDGGR,Finland,01 Based on ESA 2010,General government consolidated gross debt :- Excessive deficit procedure (based on ESA 2010),(EUR: EU-27 = 100),NA,NA,NA,NA,NA,NA,NA,NA,NA,NA,NA,NA,NA,NA,NA,NA,NA,NA,NA,NA,NA,NA,NA,NA,NA,NA,NA,NA,NA,NA,NA,NA,NA,NA,NA,NA,NA,NA,NA,NA,1.17307,1.15659,1.12712,1.16578,1.15531,1.07527,1.05209,1.0006,0.93015,0.99404,1.05907,1.09555,1.16654,1.20225,1.26359,1.35007,1.36363,1.36364,1.36888,1.39451,1.43707,1.39242,1.45298,1.48937,1.5396,1.59377,1.60392,1.60913,
SWE.1.0.99.327.UDGGR,Sweden,01 Based on ESA 2010,General government consolidated gross debt :- Excessive deficit procedure (based on ESA 2010),(EUR: EU-27 = 100),NA,NA,NA,NA,NA,NA,NA,NA,NA,NA,NA,NA,NA,NA,NA,NA,NA,NA,NA,NA,NA,NA,NA,NA,NA,NA,NA,NA,NA,NA,NA,NA,NA,NA,NA,NA,NA,NA,NA,NA,2.62168,2.57762,2.52466,2.50364,2.47007,2.36684,2.29219,2.04762,1.63715,1.6598,1.72249,1.67402,1.6649,1.71804,1.84104,1.92624,1.82841,1.7755,1.69029,1.54923,1.63236,1.50665,1.32819,1.26403,1.29235,1.3667,1.39596,1.4183,
GBR.1.0.99.327.UDGGR,United Kingdom,01 Based on ESA 2010,General government consolidated gross debt :- Excessive deficit procedure (based on ESA 2010),(EUR: EU-27 = 100),NA,NA,NA,NA,NA,NA,NA,NA,NA,NA,NA,NA,NA,NA,NA,NA,NA,NA,NA,NA,NA,NA,NA,NA,NA,NA,NA,NA,NA,NA,NA,NA,NA,NA,NA,NA,NA,NA,NA,NA,12.6651,12.12178,11.55641,11.16928,12.09256,12.96657,13.95059,13.51219,11.72944,14.03165,15.92399,17.26707,17.85108,17.71009,19.72397,21.43056,18.81236,18.55378,18.76393,20.12906,19.98921,21.88711,20.94109,22.16454,23.57981,22.8437,22.82455,22.66703,
ALB.1.0.99.327.UDGGR,Albania,01 Based on ESA 2010,General government consolidated gross debt :- Excessive deficit procedure (based on ESA 2010),(EUR: EU-27 = 100),NA,NA,NA,NA,NA,NA,NA,NA,NA,NA,NA,NA,NA,NA,NA,NA,NA,NA,NA,NA,NA,NA,NA,NA,NA,NA,NA,NA,NA,NA,NA,NA,NA,NA,NA,NA,NA,NA,NA,NA,NA,NA,NA,NA,NA,NA,NA,NA,NA,NA,0.05792,0.05926,0.05971,0.06133,0.06609,0.07098,0.07263,0.0746,NA,NA,NA,NA,NA,NA,NA,NA,NA,NA,
MNE.1.0.99.327.UDGGR,Montenegro,01 Based on ESA 2010,General government consolidated gross debt :- Excessive deficit procedure (based on ESA 2010),(EUR: EU-27 = 100),NA,NA,NA,NA,NA,NA,NA,NA,NA,NA,NA,NA,NA,NA,NA,NA,NA,NA,NA,NA,NA,NA,NA,NA,NA,NA,NA,NA,NA,NA,NA,NA,NA,NA,NA,NA,NA,NA,NA,NA,NA,NA,0.01834,0.01035,0.01226,0.01085,0.01061,0.01095,0.01234,0.01413,0.01427,0.01581,0.0171,0.01878,0.01962,0.02259,0.02345,0.02515,NA,NA,NA,NA,NA,NA,NA,NA,NA,NA,
MKD.1.0.99.327.UDGGR,North Macedonia,01 Based on ESA 2010,General government consolidated gross debt :- Excessive deficit procedure (based on ESA 2010),(EUR: EU-27 = 100),NA,NA,NA,NA,NA,NA,NA,NA,NA,NA,NA,NA,NA,NA,NA,NA,NA,NA,NA,NA,NA,NA,NA,NA,NA,NA,NA,NA,NA,NA,NA,NA,NA,NA,NA,NA,NA,NA,NA,NA,0.03551,0.03446,0.03051,0.0272,0.02565,0.02871,0.02532,0.02124,0.01909,0.01983,0.01922,0.02231,0.02572,0.02696,0.03097,0.03226,0.03553,0.03613,NA,NA,NA,NA,NA,NA,NA,NA,NA,NA,
SRB.1.0.99.327.UDGGR,Serbia,01 Based on ESA 2010,General government consolidated gross debt :- Excessive deficit procedure (based on ESA 2010),(EUR: EU-27 = 100),NA,NA,NA,NA,NA,NA,NA,NA,NA,NA,NA,NA,NA,NA,NA,NA,NA,NA,NA,NA,NA,NA,NA,NA,NA,NA,NA,NA,NA,NA,NA,NA,NA,NA,NA,NA,NA,NA,NA,NA,0.26948,0.2476,0.20529,0.18758,0.15671,0.15989,0.14151,0.13188,0.12112,0.12207,0.13655,0.16435,0.18416,0.20076,0.21987,0.23595,0.232,0.21468,0.21069,0.21797,0.21838,0.23317,0.24825,0.25783,0.26487,0.25238,0.25704,0.26146,
TUR.1.0.99.327.UDGGR,Türkiye,01 Based on ESA 2010,General government consolidated gross debt :- Excessive deficit procedure (based on ESA 2010),(EUR: EU-27 = 100),NA,NA,NA,NA,NA,NA,NA,NA,NA,NA,NA,NA,NA,NA,NA,NA,NA,NA,NA,NA,NA,NA,NA,NA,NA,NA,NA,NA,NA,NA,NA,NA,NA,NA,NA,NA,NA,NA,NA,NA,NA,NA,NA,NA,NA,NA,NA,NA,NA,NA,NA,NA,NA,NA,NA,NA,NA,NA,NA,1.83859,1.7441,1.45338,1.66774,1.65908,1.9395,1.90506,2.40938,2.93405,
ISL.1.0.99.327.UDGGR,Iceland,01 Based on ESA 2010,General government consolidated gross debt :- Excessive deficit procedure (based on ESA 2010),(EUR: EU-27 = 100),NA,NA,NA,NA,NA,NA,NA,NA,NA,NA,NA,NA,NA,NA,NA,NA,NA,NA,NA,NA,NA,NA,NA,NA,NA,NA,NA,NA,NA,NA,NA,NA,NA,NA,NA,NA,NA,NA,NA,NA,130.04937,0.13462,147.45975,141.8665,152.01721,152.02626,140.6976,153.39768,0.14236,0.14431,0.16345,0.16358,0.14644,0.14728,0.14768,0.14865,0.16014,0.13815,0.12196,0.13267,0.1174,0.12714,0.12773,0.12654,0.12835,0.10138,0.10168,0.09846,
NOR.1.0.99.327.UDGGR,Norway,01 Based on ESA 2010,General government consolidated gross debt :- Excessive deficit procedure (based on ESA 2010),(EUR: EU-27 = 100),NA,NA,NA,NA,NA,NA,NA,NA,NA,NA,NA,NA,NA,NA,NA,NA,NA,NA,NA,NA,NA,NA,NA,NA,NA,NA,NA,NA,NA,NA,NA,NA,NA,NA,NA,NA,NA,NA,NA,NA,0.9963,0.98298,1.29041,1.37079,1.51033,1.61128,2.13351,2.17424,1.74508,1.53496,1.59615,1.11377,1.22193,1.10084,0.94093,1.00865,1.16702,1.15053,1.2598,1.29952,1.20329,1.36746,1.46066,1.42774,1.64282,NA,1.51569,1.39362,
JPN.1.0.99.327.UDGGR,Japan,01 Based on ESA 2010,General government consolidated gross debt :- Excessive deficit procedure (based on ESA 2010),(EUR: EU-27 = 100),NA,NA,NA,NA,NA,NA,NA,NA,NA,NA,NA,NA,NA,NA,NA,NA,NA,NA,NA,NA,NA,NA,NA,NA,NA,NA,NA,NA,NA,NA,NA,NA,NA,NA,NA,NA,NA,NA,NA,NA,129.432,122.5835,115.83464,105.6807,103.71324,91.97805,79.27677,73.81287,89.59226,80.34546,94.18216,101.54344,88.24374,69.48722,70.14804,78.28591,83.86426,77.48958,83.20815,86.59295,80.88602,74.9849,69.92976,61.47013,56.498,47.7713,45.06471,43.1183,
USA.1.0.99.327.UDGGR,United States,01 Based on ESA 2010,General government consolidated gross debt :- Excessive deficit procedure (based on ESA 2010),(EUR: EU-27 = 100),NA,NA,NA,NA,NA,NA,NA,NA,NA,NA,NA,NA,NA,NA,NA,NA,NA,NA,NA,NA,NA,NA,NA,NA,NA,NA,NA,NA,NA,NA,NA,NA,NA,NA,NA,NA,NA,NA,NA,NA,115.94894,124.15425,108.76485,94.28536,90.31954,107.31258,99.72708,93.15686,106.04631,105.92337,117.90099,125.34748,125.32425,122.23651,141.51533,162.34496,174.51049,155.74277,173.32469,184.83378,182.5194,200.16064,217.43913,217.88113,236.09854,210.27899,212.64843,214.6143,
EU27.1.0.0.0.ADGGU,European Union,01 Based on ESA 2010,"Impact of nominal GDP change on gross public debt, % EDP GDP :- Excessive deficit procedure (based on ESA 2010)",(Percentage of gross domestic product at current prices (excessive deficit procedure)),NA,NA,NA,NA,NA,NA,NA,NA,NA,NA,NA,NA,NA,NA,NA,NA,NA,NA,NA,NA,NA,NA,NA,NA,NA,NA,NA,NA,NA,NA,NA,NA,NA,NA,NA,NA,NA,NA,NA,NA,NA,-3.02419,-2.29962,-1.73935,-2.92926,-2.82799,-3.70991,-3.78355,-1.952,2.97042,-2.71275,-2.55121,-0.42294,-0.95827,-2.04379,-3.1869,-2.26838,-3.46223,-2.80584,-2.84211,3.16256,-7.4821,-7.52786,-5.30915,-3.50488,-3.43107,-2.96934,-3.20155,
EU15.1.0.0.0.ADGGU,European Union (15 countries),01 Based on ESA 2010,"Impact of nominal GDP change on gross public debt, % EDP GDP :- Excessive deficit procedure (based on ESA 2010)",(Percentage of gross domestic product at current prices (excessive deficit procedure)),NA,NA,NA,NA,NA,NA,NA,NA,NA,NA,NA,NA,NA,NA,NA,NA,NA,NA,NA,NA,NA,NA,NA,NA,NA,NA,NA,NA,NA,NA,NA,NA,NA,NA,NA,NA,NA,NA,NA,NA,NA,-2.30289,-1.94268,-0.95367,-2.85514,-2.32817,-3.28038,-3.08026,0.18327,3.53466,-2.97579,-2.34304,-1.6968,-0.72513,-3.19729,-4.73774,-0.6202,-2.25972,-2.4721,-2.83305,4.0022,-8.38016,-8.0733,-4.78806,-3.89681,-3.34167,-2.60456,-3.16036,
EA19.1.0.0.0.ADGGU,Euro area (19 countries),01 Based on ESA 2010,"Impact of nominal GDP change on gross public debt, % EDP GDP :- Excessive deficit procedure (based on ESA 2010)",(Percentage of gross domestic product at current prices (excessive deficit procedure)),NA,NA,NA,NA,NA,NA,NA,NA,NA,NA,NA,NA,NA,NA,NA,NA,NA,NA,NA,NA,NA,NA,NA,NA,NA,NA,NA,NA,NA,NA,NA,NA,NA,NA,NA,NA,-2.91902,-1.74339,-2.8461,-3.27661,-3.61984,-3.11991,-2.25246,-1.95639,-2.85284,-2.49323,-3.60785,-3.59412,-1.60691,2.50941,-2.20329,-2.39741,-0.27624,-0.98311,-2.24352,-3.25299,-2.46855,-3.36351,-2.88112,-2.83142,3.84476,-7.81275,-7.90642,-5.62394,-3.33712,-3.27792,-2.76749,-3.2245,
EA20.1.0.0.0.ADGGU,Euro area (20 countries),01 Based on ESA 2010,"Impact of nominal GDP change on gross public debt, % EDP GDP :- Excessive deficit procedure (based on ESA 2010)",(Percentage of gross domestic product at current prices (excessive deficit procedure)),NA,NA,NA,NA,NA,NA,NA,NA,NA,NA,NA,NA,NA,NA,NA,NA,NA,NA,NA,NA,NA,NA,NA,NA,NA,NA,NA,NA,NA,NA,NA,NA,NA,NA,NA,NA,-2.92291,-1.76117,-2.84951,-3.24891,-3.61528,-3.12555,-2.2656,-1.96475,-2.85949,-2.50276,-3.61471,-3.59753,-1.62364,2.5115,-2.17743,-2.38876,-0.27122,-0.98005,-2.23031,-3.24699,-2.47026,-3.36432,-2.88537,-2.83589,3.85563,-7.8318,-7.92536,-5.65856,-3.35171,-3.29168,-2.78278,-3.22589,
EA21.1.0.0.0.ADGGU,Euro area (21 countries),01 Based on ESA 2010,"Impact of nominal GDP change on gross public debt, % EDP GDP :- Excessive deficit procedure (based on ESA 2010)",(Percentage of gross domestic product at current prices (excessive deficit procedure)),NA,NA,NA,NA,NA,NA,NA,NA,NA,NA,NA,NA,NA,NA,NA,NA,NA,NA,NA,NA,NA,NA,NA,NA,NA,NA,NA,NA,NA,NA,NA,NA,NA,NA,NA,NA,-2.86106,-1.76247,-2.88379,-3.23536,-3.62486,-3.13265,-2.27416,-1.97033,-2.86893,-2.51661,-3.62367,-3.6139,-1.64551,2.4925,-2.16886,-2.39842,-0.27594,-0.97076,-2.22231,-3.24807,-2.47667,-3.36884,-2.88864,-2.84882,3.81567,-7.83015,-7.94424,-5.64782,-3.37177,-3.31349,-2.77689,-3.21498,
EA12.1.0.0.0.ADGGU,Euro area (12 countries),01 Based on ESA 2010,"Impact of nominal GDP change on gross public debt, % EDP GDP :- Excessive deficit procedure (based on ESA 2010)",(Percentage of gross domestic product at current prices (excessive deficit procedure)),NA,NA,NA,NA,NA,NA,NA,NA,NA,NA,NA,NA,NA,NA,NA,NA,NA,NA,NA,NA,NA,NA,NA,NA,NA,NA,NA,NA,NA,NA,NA,NA,NA,NA,NA,NA,-2.90035,-1.6699,-2.83416,-3.30889,-3.58944,-3.11714,-2.22585,-1.92241,-2.8187,-2.43807,-3.55277,-3.48417,-1.5197,2.4608,-2.21386,-2.375,-0.22238,-0.9784,-2.24711,-3.26767,-2.47743,-3.33731,-2.83008,-2.80938,3.96342,-7.84065,-7.9326,-5.58979,-3.33915,-3.28158,-2.75089,-3.23475,
BEL.1.0.0.0.ADGGU,Belgium,01 Based on ESA 2010,"Impact of nominal GDP change on gross public debt, % EDP GDP :- Excessive deficit procedure (based on ESA 2010)",(Percentage of gross domestic product at current prices (excessive deficit procedure)),NA,NA,NA,NA,NA,NA,NA,NA,NA,NA,NA,NA,NA,NA,NA,NA,NA,NA,NA,NA,NA,NA,NA,NA,NA,NA,NA,NA,NA,NA,NA,NA,NA,NA,NA,NA,-2.33052,-5.65832,-4.55484,-4.76914,-6.33279,-3.30424,-3.54148,-2.98263,-5.3592,-4.14442,-4.42708,-4.91883,-2.02053,1.07395,-4.26407,-4.10576,-2.43631,-1.76718,-2.68336,-2.71518,-3.1893,-3.56383,-3.59264,-4.16821,3.30608,-9.30776,-10.77026,-6.8993,-2.98539,-3.5773,-3.04699,-3.324,
BGR.1.0.0.0.ADGGU,Bulgaria,01 Based on ESA 2010,"Impact of nominal GDP change on gross public debt, % EDP GDP :- Excessive deficit procedure (based on ESA 2010)",(Percentage of gross domestic product at current prices (excessive deficit procedure)),NA,NA,NA,NA,NA,NA,NA,NA,NA,NA,NA,NA,NA,NA,NA,NA,NA,NA,NA,NA,NA,NA,NA,NA,NA,NA,NA,NA,NA,NA,NA,NA,NA,NA,NA,NA,-32.02365,-216.4051,-27.13726,3.77332,-8.30888,-6.53115,-5.83544,-3.57675,-4.80449,-4.41947,-3.26824,-3.24974,-2.09473,-0.05949,-0.31128,-1.17631,-0.27804,0.07849,-0.38259,-1.63526,-1.57082,-2.07848,-1.56874,-1.88379,-0.21502,-3.25341,-4.08242,-2.00932,-2.24169,-2.31195,-1.27768,-1.36115,
CZE.1.0.0.0.ADGGU,Czech Republic,01 Based on ESA 2010,"Impact of nominal GDP change on gross public debt, % EDP GDP :- Excessive deficit procedure (based on ESA 2010)",(Percentage of gross domestic product at current prices (excessive deficit procedure)),NA,NA,NA,NA,NA,NA,NA,NA,NA,NA,NA,NA,NA,NA,NA,NA,NA,NA,NA,NA,NA,NA,NA,NA,NA,NA,NA,NA,NA,NA,NA,NA,NA,NA,NA,NA,-1.70575,-0.82341,-1.04228,-0.60221,-0.83261,-1.25083,-0.94326,-1.16787,-2.31361,-1.72663,-1.89543,-2.33274,-1.22545,0.65693,-0.72488,-0.55922,-0.22035,-0.5323,-2.10704,-2.44555,-1.55837,-2.35269,-1.82877,-2.22215,0.30702,-2.80338,-4.28351,-3.38504,-2.08805,-2.52113,-1.9062,-2.41964,
DNK.1.0.0.0.ADGGU,Denmark,01 Based on ESA 2010,"Impact of nominal GDP change on gross public debt, % EDP GDP :- Excessive deficit procedure (based on ESA 2010)",(Percentage of gross domestic product at current prices (excessive deficit procedure)),NA,NA,NA,NA,NA,NA,NA,NA,NA,NA,NA,NA,NA,NA,NA,NA,NA,NA,NA,NA,NA,NA,NA,NA,NA,NA,NA,NA,NA,NA,NA,NA,NA,NA,NA,NA,NA,NA,NA,NA,NA,-1.8066,-1.39139,-0.9587,-2.25808,-2.33693,-2.22258,-1.10254,-1.08462,1.64782,-1.97962,-0.88915,-1.17264,-1.07253,-1.07844,-1.19837,-1.5118,-1.67692,-0.96559,-1.00535,-0.37823,-4.01239,-3.89113,0.51791,-1.5649,-1.3552,-0.87311,-1.04333,
DEU.1.0.0.0.ADGGU,Germany,01 Based on ESA 2010,"Impact of nominal GDP change on gross public debt, % EDP GDP :- Excessive deficit procedure (based on ESA 2010)",(Percentage of gross domestic product at current prices (excessive deficit procedure)),NA,NA,NA,NA,NA,NA,NA,NA,NA,NA,NA,NA,NA,NA,NA,NA,NA,NA,NA,NA,NA,NA,NA,NA,NA,NA,NA,NA,NA,NA,NA,NA,NA,NA,NA,NA,-0.81491,-1.13319,-1.60364,-1.57177,-1.48545,-1.77727,-0.72676,-0.46586,-1.44283,-0.91258,-2.7795,-3.03069,-1.15751,2.49056,-3.35601,-3.88367,-1.4683,-1.8716,-3.06222,-2.47636,-2.41007,-2.82582,-1.88049,-1.77346,1.47205,-4.2798,-5.22893,-3.50912,-1.57931,-1.9621,-1.87994,-2.47302,
EST.1.0.0.0.ADGGU,Estonia,01 Based on ESA 2010,"Impact of nominal GDP change on gross public debt, % EDP GDP :- Excessive deficit procedure (based on ESA 2010)",(Percentage of gross domestic product at current prices (excessive deficit procedure)),NA,NA,NA,NA,NA,NA,NA,NA,NA,NA,NA,NA,NA,NA,NA,NA,NA,NA,NA,NA,NA,NA,NA,NA,NA,NA,NA,NA,NA,NA,NA,NA,NA,NA,NA,NA,-1.76787,-1.46145,-0.71095,-0.33594,-0.79754,-0.5936,-0.53124,-0.59655,-0.59132,-0.71197,-0.77626,-0.81408,-0.05097,0.82213,-0.32962,-0.95456,-0.56479,-0.62628,-0.6751,-0.35513,-0.57286,-0.89573,-0.75735,-0.6076,0.19899,-2.18225,-2.46047,-1.02681,-0.75642,-0.99994,-1.18943,-1.28069,
IRL.1.0.0.0.ADGGU,Ireland,01 Based on ESA 2010,"Impact of nominal GDP change on gross public debt, % EDP GDP :- Excessive deficit procedure (based on ESA 2010)",(Percentage of gross domestic product at current prices (excessive deficit procedure)),NA,NA,NA,NA,NA,NA,NA,NA,NA,NA,NA,NA,NA,NA,NA,NA,NA,NA,NA,NA,NA,NA,NA,NA,NA,NA,NA,NA,NA,NA,NA,NA,NA,NA,NA,NA,-7.04537,-9.32433,-8.44462,-6.84836,-6.74109,-4.05431,-3.43406,-2.03254,-2.03954,-2.30979,-2.05886,-1.45868,1.25142,4.45484,0.8363,-2.92154,-2.17262,-4.08707,-10.37532,-26.69383,-0.97934,-7.64455,-5.2098,-4.8255,-2.62719,-8.46523,-7.27895,-0.32832,-2.82644,-4.55138,-0.25006,-1.71199,
GRC.1.0.0.0.ADGGU,Greece,01 Based on ESA 2010,"Impact of nominal GDP change on gross public debt, % EDP GDP :- Excessive deficit procedure (based on ESA 2010)",(Percentage of gross domestic product at current prices (excessive deficit procedure)),NA,NA,NA,NA,NA,NA,NA,NA,NA,NA,NA,NA,NA,NA,NA,NA,NA,NA,NA,NA,NA,NA,NA,NA,NA,NA,NA,NA,NA,NA,NA,NA,NA,NA,NA,NA,-8.87035,-9.82187,-8.38249,-5.93884,-5.65958,-8.32622,-7.97421,-9.41417,-8.17333,-3.17832,-10.00962,-6.88371,-4.14307,2.08862,6.167,14.61605,16.55251,7.1733,2.09186,0.7385,0.94182,-3.0249,-3.26378,-4.66042,19.28782,-19.32465,-21.38077,-13.98611,-8.36185,-7.21184,-6.62147,-5.81072,
ESP.1.0.0.0.ADGGU,Spain,01 Based on ESA 2010,"Impact of nominal GDP change on gross public debt, % EDP GDP :- Excessive deficit procedure (based on ESA 2010)",(Percentage of gross domestic product at current prices (excessive deficit procedure)),NA,NA,NA,NA,NA,NA,NA,NA,NA,NA,NA,NA,NA,NA,NA,NA,NA,NA,NA,NA,NA,NA,NA,NA,NA,NA,NA,NA,NA,NA,NA,NA,NA,NA,NA,NA,-3.61335,-3.78614,-4.23377,-4.157,-4.91726,-4.40547,-3.51719,-3.3792,-3.18128,-3.32443,-3.24211,-2.62767,-1.11966,1.45598,-0.20475,0.4768,2.1964,0.90045,-1.28004,-4.62744,-3.27223,-4.10314,-3.52742,-3.298,10.76695,-10.2589,-11.80536,-8.89728,-6.37091,-5.59226,-4.86601,-4.33111,
FRA.1.0.0.0.ADGGU,France,01 Based on ESA 2010,"Impact of nominal GDP change on gross public debt, % EDP GDP :- Excessive deficit procedure (based on ESA 2010)",(Percentage of gross domestic product at current prices (excessive deficit procedure)),NA,NA,NA,NA,NA,NA,NA,NA,NA,NA,NA,NA,NA,NA,NA,NA,NA,NA,NA,NA,NA,NA,NA,NA,NA,NA,NA,NA,NA,NA,NA,NA,NA,NA,NA,NA,-1.5377,-2.00599,-2.60804,-2.1735,-3.2668,-2.20739,-1.81385,-1.66071,-2.84388,-2.50279,-3.1017,-3.1,-1.71501,1.95335,-2.53652,-2.76415,-1.11114,-1.38738,-1.46557,-2.08232,-1.32172,-2.56378,-2.67022,-3.11299,4.82392,-8.69672,-6.20002,-7.06704,-3.78339,-2.23774,-2.90249,-3.55391,
HRV.1.0.0.0.ADGGU,Croatia,01 Based on ESA 2010,"Impact of nominal GDP change on gross public debt, % EDP GDP :- Excessive deficit procedure (based on ESA 2010)",(Percentage of gross domestic product at current prices (excessive deficit procedure)),NA,NA,NA,NA,NA,NA,NA,NA,NA,NA,NA,NA,NA,NA,NA,NA,NA,NA,NA,NA,NA,NA,NA,NA,NA,NA,NA,NA,NA,NA,NA,NA,NA,NA,NA,NA,-2.15207,-3.01035,-2.36609,-0.58042,-1.99311,-2.46324,-3.28588,-3.34661,-2.78605,-2.81418,-3.42661,-3.34644,-2.62293,1.63544,0.20612,-0.87124,0.5462,-0.41265,0.34311,-1.98779,-2.78495,-3.45299,-3.62412,-3.56746,5.81309,-11.26345,-10.72253,-10.01845,-4.76706,-4.36246,-3.94406,-2.87489,
ITA.1.0.0.0.ADGGU,Italy,01 Based on ESA 2010,"Impact of nominal GDP change on gross public debt, % EDP GDP :- Excessive deficit procedure (based on ESA 2010)",(Percentage of gross domestic product at current prices (excessive deficit procedure)),NA,-3.60693,-3.36479,-3.8033,-2.49955,-1.99225,-2.34254,-3.21029,-2.55105,-3.27781,-3.99216,-3.01852,-3.55499,-7.83543,-10.21469,-6.17577,-11.14717,-9.64145,-8.05825,-10.51729,-11.2288,-8.99379,-8.65289,-8.66453,-8.43483,-7.92337,-7.5832,-7.13833,-8.66696,-7.84628,-8.59642,-7.75185,-4.75261,-3.01962,-6.0639,-8.65257,-6.50419,-5.14048,-4.71218,-3.51007,-6.10319,-5.30815,-3.7544,-3.32092,-4.18119,-2.91482,-4.13794,-4.05255,-1.38507,3.98152,-2.429,-2.82446,1.78477,0.90375,-1.1776,-2.22115,-3.28735,-3.05008,-2.50156,-1.95806,10.7484,-14.45312,-11.35319,-9.34148,-3.60614,-3.34261,-3.31265,-3.478,
CYP.1.0.0.0.ADGGU,Cyprus,01 Based on ESA 2010,"Impact of nominal GDP change on gross public debt, % EDP GDP :- Excessive deficit procedure (based on ESA 2010)",(Percentage of gross domestic product at current prices (excessive deficit procedure)),NA,NA,NA,NA,NA,NA,NA,NA,NA,NA,NA,NA,NA,NA,NA,NA,NA,NA,NA,NA,NA,NA,NA,NA,NA,NA,NA,NA,NA,NA,NA,NA,NA,NA,NA,NA,-1.87755,-2.39993,-4.15641,-3.89395,-4.60652,-4.06505,-2.24905,-4.61861,-4.71313,-4.26901,-4.71883,-5.17854,-4.3875,0.84269,-2.32719,-1.20101,1.30017,6.8032,3.45302,-2.91767,-6.2781,-6.83571,-6.61551,-6.85665,4.23735,-14.62633,-12.90669,-6.89812,-4.76494,-2.94628,-2.51484,-2.41799,
LVA.1.0.0.0.ADGGU,Latvia,01 Based on ESA 2010,"Impact of nominal GDP change on gross public debt, % EDP GDP :- Excessive deficit procedure (based on ESA 2010)",(Percentage of gross domestic product at current prices (excessive deficit procedure)),NA,NA,NA,NA,NA,NA,NA,NA,NA,NA,NA,NA,NA,NA,NA,NA,NA,NA,NA,NA,NA,NA,NA,NA,NA,NA,NA,NA,NA,NA,NA,NA,NA,NA,NA,NA,-1.93001,-1.83034,-1.13077,-0.37212,-1.11171,-1.04852,-1.41818,-1.48077,-2.06359,-2.87277,-2.42721,-2.56285,-0.70341,5.12955,1.63547,-3.55554,-4.38655,-1.70899,-1.52928,-1.73038,-1.17801,-2.43657,-3.06025,-1.83128,0.44451,-4.17325,-4.83663,-3.90405,-1.18922,-2.55171,-2.04684,-1.73469,
LTU.1.0.0.0.ADGGU,Lithuania,01 Based on ESA 2010,"Impact of nominal GDP change on gross public debt, % EDP GDP :- Excessive deficit procedure (based on ESA 2010)",(Percentage of gross domestic product at current prices (excessive deficit procedure)),NA,NA,NA,NA,NA,NA,NA,NA,NA,NA,NA,NA,NA,NA,NA,NA,NA,NA,NA,NA,NA,NA,NA,NA,NA,NA,NA,NA,NA,NA,NA,NA,NA,NA,NA,NA,-2.28804,-2.36538,-1.51901,0.399,-1.03417,-1.35896,-1.508,-1.94843,-1.82151,-2.36809,-2.21503,-2.99978,-1.77264,3.08423,-0.69614,-4.02055,-2.44874,-1.86949,-1.63951,-1.12106,-1.50794,-3.25121,-3.12785,-2.22945,-0.7261,-5.21412,-6.6991,-3.7306,-2.19827,-2.37098,-2.38592,-2.29644,
LUX.1.0.0.0.ADGGU,Luxembourg,01 Based on ESA 2010,"Impact of nominal GDP change on gross public debt, % EDP GDP :- Excessive deficit procedure (based on ESA 2010)",(Percentage of gross domestic product at current prices (excessive deficit procedure)),NA,NA,NA,NA,NA,NA,NA,NA,NA,NA,NA,NA,NA,NA,NA,NA,NA,NA,NA,NA,NA,NA,NA,NA,NA,NA,NA,NA,NA,NA,NA,NA,NA,NA,NA,NA,-0.50406,-0.75286,-0.40818,-1.06789,-0.85656,-0.28052,-0.34477,-0.34537,-0.51748,-0.54084,-0.90588,-0.7557,-0.47885,0.35915,-1.20831,-0.82724,-0.87602,-1.09067,-1.16676,-0.94935,-0.77669,-0.66058,-0.73331,-0.74287,-0.72185,-2.86852,-1.16357,-1.63279,-1.16416,-0.98043,-1.13721,-1.2128,
HUN.1.0.0.0.ADGGU,Hungary,01 Based on ESA 2010,"Impact of nominal GDP change on gross public debt, % EDP GDP :- Excessive deficit procedure (based on ESA 2010)",(Percentage of gross domestic product at current prices (excessive deficit procedure)),NA,NA,NA,NA,NA,NA,NA,NA,NA,NA,NA,NA,NA,NA,NA,NA,NA,NA,NA,NA,NA,NA,NA,NA,NA,NA,NA,NA,NA,NA,NA,NA,NA,NA,NA,NA,-15.17389,-13.7016,-9.54939,-6.21253,-7.60315,-7.48218,-6.07001,-4.84903,-5.46164,-3.87213,-4.35754,-3.52971,-3.61919,2.07633,-2.73605,-2.9954,-1.18849,-3.67798,-5.8419,-4.71821,-2.76757,-5.73859,-6.97311,-6.29662,-1.15479,-9.5634,-12.00701,-9.12731,-5.64415,-4.68562,-4.05833,-3.73155,
MLT.1.0.0.0.ADGGU,Malta,01 Based on ESA 2010,"Impact of nominal GDP change on gross public debt, % EDP GDP :- Excessive deficit procedure (based on ESA 2010)",(Percentage of gross domestic product at current prices (excessive deficit procedure)),NA,NA,NA,NA,NA,NA,NA,NA,NA,NA,NA,NA,NA,NA,NA,NA,NA,NA,NA,NA,NA,NA,NA,NA,NA,NA,NA,NA,NA,NA,NA,NA,NA,NA,NA,NA,-1.69598,-2.20795,-2.86688,-2.55097,-4.49023,-2.11366,-3.36565,-3.47661,-1.96476,-3.32758,-3.12438,-4.44161,-4.55916,-0.50031,-5.52782,-1.57966,-4.11678,-5.24546,-5.94459,-7.56512,-3.25764,-7.08638,-3.80637,-2.59996,0.63296,-6.78396,-3.60385,-7.06273,-4.48578,-2.69052,-2.65399,-2.52544,
NLD.1.0.0.0.ADGGU,Netherlands,01 Based on ESA 2010,"Impact of nominal GDP change on gross public debt, % EDP GDP :- Excessive deficit procedure (based on ESA 2010)",(Percentage of gross domestic product at current prices (excessive deficit procedure)),NA,NA,NA,NA,NA,NA,NA,NA,NA,NA,NA,NA,NA,NA,NA,NA,NA,NA,NA,NA,NA,NA,NA,NA,NA,NA,NA,NA,NA,NA,NA,NA,NA,NA,NA,NA,-3.23499,-4.70333,-4.19667,-3.78098,-4.15982,-3.32636,-1.96449,-1.13655,-1.56435,-1.95435,-2.90056,-2.5541,-1.87443,1.82144,-1.12585,-1.16733,-0.20637,-0.7245,-1.2932,-1.9749,-1.86082,-2.48756,-2.58873,-2.64018,0.77647,-4.49844,-5.19682,-2.59617,-2.91929,-2.14992,-1.77403,-1.63545,
AUT.1.0.0.0.ADGGU,Austria,01 Based on ESA 2010,"Impact of nominal GDP change on gross public debt, % EDP GDP :- Excessive deficit procedure (based on ESA 2010)",(Percentage of gross domestic product at current prices (excessive deficit procedure)),NA,NA,NA,NA,NA,NA,NA,NA,NA,NA,NA,NA,NA,NA,NA,NA,NA,NA,NA,NA,NA,NA,NA,NA,NA,NA,NA,NA,NA,NA,NA,NA,NA,NA,NA,NA,-2.125,-2.27953,-2.45299,-2.46858,-2.95026,-2.11617,-1.70707,-1.59544,-2.76089,-3.08546,-3.54501,-3.93165,-2.17342,1.3533,-2.13558,-3.83201,-2.21756,-1.18837,-2.22781,-2.98163,-3.26943,-2.64122,-3.28813,-2.35092,2.87313,-5.30626,-7.91214,-4.65318,-2.55786,-2.91959,-2.11781,-3.05316,
POL.1.0.0.0.ADGGU,Poland,01 Based on ESA 2010,"Impact of nominal GDP change on gross public debt, % EDP GDP :- Excessive deficit procedure (based on ESA 2010)",(Percentage of gross domestic product at current prices (excessive deficit procedure)),NA,NA,NA,NA,NA,NA,NA,NA,NA,NA,NA,NA,NA,NA,NA,NA,NA,NA,NA,NA,NA,NA,NA,NA,NA,NA,NA,NA,NA,NA,NA,NA,NA,NA,NA,NA,-9.51935,-7.30124,-5.86174,-3.84107,-3.83917,-1.55172,-1.34046,-1.72333,-4.32405,-2.52978,-3.46733,-4.59541,-3.47692,-2.88448,-2.27554,-4.20257,-1.96892,-0.5164,-2.40767,-2.80799,-1.5431,-3.54769,-3.54096,-3.46738,-0.93717,-6.34852,-7.51103,-4.49153,-3.43121,-3.40833,-3.78115,-3.49352,
PRT.1.0.0.0.ADGGU,Portugal,01 Based on ESA 2010,"Impact of nominal GDP change on gross public debt, % EDP GDP :- Excessive deficit procedure (based on ESA 2010)",(Percentage of gross domestic product at current prices (excessive deficit procedure)),NA,NA,NA,NA,NA,NA,NA,NA,NA,NA,NA,NA,NA,NA,NA,NA,NA,NA,NA,NA,NA,NA,NA,NA,NA,NA,NA,NA,NA,NA,NA,NA,NA,NA,NA,NA,-3.50997,-4.93684,-4.75743,-3.83623,-3.80165,-2.93789,-2.72875,-1.44317,-2.59357,-2.6679,-3.34914,-3.87137,-1.46909,1.58646,-2.16381,2.00675,5.263,-1.61015,-1.89704,-4.58219,-4.9125,-6.12485,-5.83338,-5.35982,7.77242,-9.57658,-13.94552,-10.85996,-6.49565,-5.17486,-3.93536,-3.7365,
ROM.1.0.0.0.ADGGU,Romania,01 Based on ESA 2010,"Impact of nominal GDP change on gross public debt, % EDP GDP :- Excessive deficit procedure (based on ESA 2010)",(Percentage of gross domestic product at current prices (excessive deficit procedure)),NA,NA,NA,NA,NA,NA,NA,NA,NA,NA,NA,NA,NA,NA,NA,NA,NA,NA,NA,NA,NA,NA,NA,NA,NA,NA,NA,NA,NA,NA,NA,NA,NA,NA,NA,NA,-2.19303,-5.87896,-4.68279,-5.52193,-6.91537,-6.99516,-5.92579,-5.12745,-4.76821,-2.78527,-2.59394,-2.42023,-2.52649,0.20699,-0.38387,-2.30748,-1.76922,-0.58353,-2.10515,-2.39712,-1.98454,-4.41998,-3.7528,-3.48722,-0.12665,-4.83609,-6.96955,-6.22879,-4.72023,-4.4994,-4.19116,-4.16212,
SVN.1.0.0.0.ADGGU,Slovenia,01 Based on ESA 2010,"Impact of nominal GDP change on gross public debt, % EDP GDP :- Excessive deficit procedure (based on ESA 2010)",(Percentage of gross domestic product at current prices (excessive deficit procedure)),NA,NA,NA,NA,NA,NA,NA,NA,NA,NA,NA,NA,NA,NA,NA,NA,NA,NA,NA,NA,NA,NA,NA,NA,NA,NA,NA,NA,NA,NA,NA,NA,NA,NA,NA,NA,-2.34237,-2.63592,-2.13679,-2.47292,-2.01209,-2.74793,-2.64123,-2.29488,-2.01521,-1.39213,-2.0295,-2.73236,-1.70524,1.16813,-0.21364,-0.76772,1.10561,-0.16157,-2.33706,-2.57761,-3.16733,-4.86792,-4.6733,-3.97231,2.00263,-8.15635,-6.37831,-8.14469,-3.41156,-2.88956,-3.49464,-3.24248,
SVK.1.0.0.0.ADGGU,Slovakia,01 Based on ESA 2010,"Impact of nominal GDP change on gross public debt, % EDP GDP :- Excessive deficit procedure (based on ESA 2010)",(Percentage of gross domestic product at current prices (excessive deficit procedure)),NA,NA,NA,NA,NA,NA,NA,NA,NA,NA,NA,NA,NA,NA,NA,NA,NA,NA,NA,NA,NA,NA,NA,NA,NA,NA,NA,NA,NA,NA,NA,NA,NA,NA,NA,NA,-2.12697,-2.8766,-2.71616,-2.1513,-4.49606,-3.9457,-4.08484,-4.36277,-4.54055,-3.57449,-3.77055,-3.40947,-2.38172,2.0122,-2.47472,-1.6475,-1.23135,-0.63365,-1.36924,-2.53356,-0.78722,-2.04884,-3.02536,-2.22602,0.11549,-4.33998,-4.41835,-6.34836,-2.85573,-2.85803,-2.68279,-2.63819,
FIN.1.0.0.0.ADGGU,Finland,01 Based on ESA 2010,"Impact of nominal GDP change on gross public debt, % EDP GDP :- Excessive deficit procedure (based on ESA 2010)",(Percentage of gross domestic product at current prices (excessive deficit procedure)),NA,NA,NA,NA,NA,NA,NA,NA,NA,NA,NA,NA,NA,NA,NA,NA,-0.77687,-0.54278,-0.75613,-1.51293,-1.52206,-1.29993,-1.27346,-1.43093,-1.63427,-1.24317,-1.12028,-1.21666,-2.06834,-1.76259,-0.79373,0.6451,0.54637,-0.42413,-3.01042,-4.44799,-1.90715,-4.39203,-4.19294,-2.38374,-3.0687,-2.56798,-1.12004,-0.92024,-1.99892,-1.61696,-1.99797,-3.05307,-1.33321,2.39119,-1.50395,-2.41063,-0.70698,-0.88676,-0.69658,-1.33731,-1.76121,-2.7462,-2.06686,-1.81208,0.58892,-3.74733,-4.77303,-1.86126,-0.83412,-1.34374,-2.68189,-2.99432,
SWE.1.0.0.0.ADGGU,Sweden,01 Based on ESA 2010,"Impact of nominal GDP change on gross public debt, % EDP GDP :- Excessive deficit procedure (based on ESA 2010)",(Percentage of gross domestic product at current prices (excessive deficit procedure)),NA,NA,NA,NA,NA,NA,NA,NA,NA,NA,NA,NA,NA,NA,NA,NA,NA,NA,NA,NA,NA,NA,NA,NA,NA,NA,NA,NA,NA,NA,NA,NA,NA,NA,NA,NA,-1.85674,-3.05434,-3.27785,-3.29725,-3.58726,-1.93354,-1.96997,-1.808,-2.17999,-1.68214,-2.99187,-2.58154,-0.92346,0.77512,-2.64419,-1.60185,-0.19969,-0.8064,-1.64845,-2.91004,-1.65044,-1.72063,-1.77835,-1.94831,0.06126,-3.02546,-2.55246,-1.83018,-1.25315,-0.92921,-1.00466,-1.38342,
GBR.1.0.0.0.ADGGU,United Kingdom,01 Based on ESA 2010,"Impact of nominal GDP change on gross public debt, % EDP GDP :- Excessive deficit procedure (based on ESA 2010)",(Percentage of gross domestic product at current prices (excessive deficit procedure)),NA,NA,NA,NA,NA,NA,NA,NA,NA,NA,NA,NA,NA,NA,NA,NA,NA,NA,NA,NA,NA,NA,NA,NA,NA,NA,NA,NA,NA,NA,NA,NA,NA,NA,NA,NA,NA,NA,-1.93761,-1.75358,-2.11563,-1.49417,-1.28563,-1.89939,-1.78473,-2.15133,-2.06908,-1.98803,-1.35425,1.38791,-2.25177,-2.44678,-2.43726,-3.16626,-3.89589,-2.3759,-3.34325,-3.84691,-2.94796,-3.09224,5.1265,-8.92975,-10.35278,-6.06512,-4.76123,-4.87494,-3.34467,-3.34113,
ALB.1.0.0.0.ADGGU,Albania,01 Based on ESA 2010,"Impact of nominal GDP change on gross public debt, % EDP GDP :- Excessive deficit procedure (based on ESA 2010)",(Percentage of gross domestic product at current prices (excessive deficit procedure)),NA,NA,NA,NA,NA,NA,NA,NA,NA,NA,NA,NA,NA,NA,NA,NA,NA,NA,NA,NA,NA,NA,NA,NA,NA,NA,NA,NA,NA,NA,NA,NA,NA,NA,NA,NA,NA,NA,NA,NA,NA,NA,NA,NA,NA,NA,NA,NA,NA,NA,NA,-2.29582,-0.70754,-1.26533,-2.34506,-2.0418,-2.11049,-4.11885,-3.39267,NA,NA,NA,NA,NA,NA,NA,NA,NA,
MNE.1.0.0.0.ADGGU,Montenegro,01 Based on ESA 2010,"Impact of nominal GDP change on gross public debt, % EDP GDP :- Excessive deficit procedure (based on ESA 2010)",(Percentage of gross domestic product at current prices (excessive deficit procedure)),NA,NA,NA,NA,NA,NA,NA,NA,NA,NA,NA,NA,NA,NA,NA,NA,NA,NA,NA,NA,NA,NA,NA,NA,NA,NA,NA,NA,NA,NA,NA,NA,NA,NA,NA,NA,NA,NA,NA,NA,NA,NA,NA,-7.44986,-3.81875,-3.59816,-5.95,-6.27272,-3.65472,1.14384,-1.69909,-1.47704,0.99343,-2.58234,-1.98085,-2.78926,-5.46668,-4.80413,-4.91273,NA,NA,NA,NA,NA,NA,NA,NA,NA,
SRB.1.0.0.0.ADGGU,Serbia,01 Based on ESA 2010,"Impact of nominal GDP change on gross public debt, % EDP GDP :- Excessive deficit procedure (based on ESA 2010)",(Percentage of gross domestic product at current prices (excessive deficit procedure)),NA,NA,NA,NA,NA,NA,NA,NA,NA,NA,NA,NA,NA,NA,NA,NA,NA,NA,NA,NA,NA,NA,NA,NA,NA,NA,NA,NA,NA,NA,NA,NA,NA,NA,NA,NA,NA,NA,NA,NA,NA,-88.27468,-18.67985,-9.21871,-7.37948,-8.32161,-7.18793,-4.88685,-3.52617,-1.23306,-1.85335,-3.77503,-2.26733,-4.01449,-0.57433,-2.18283,-2.9848,-3.41071,-3.55796,-3.50645,-0.83182,-6.81375,-6.45499,-8.14422,-4.61777,-2.9111,-1.8009,-3.80949,
TUR.1.0.0.0.ADGGU,Türkiye,01 Based on ESA 2010,"Impact of nominal GDP change on gross public debt, % EDP GDP :- Excessive deficit procedure (based on ESA 2010)",(Percentage of gross domestic product at current prices (excessive deficit procedure)),NA,NA,NA,NA,NA,NA,NA,NA,NA,NA,NA,NA,NA,NA,NA,NA,NA,NA,NA,NA,NA,NA,NA,NA,NA,NA,NA,NA,NA,NA,NA,NA,NA,NA,NA,NA,NA,NA,NA,NA,NA,NA,NA,NA,NA,NA,NA,NA,NA,NA,NA,NA,NA,NA,NA,NA,NA,NA,NA,NA,-4.48755,-11.80839,-20.03649,-12.78249,-11.08148,-6.90205,-5.41502,-4.73746,
ISL.1.0.0.0.ADGGU,Iceland,01 Based on ESA 2010,"Impact of nominal GDP change on gross public debt, % EDP GDP :- Excessive deficit procedure (based on ESA 2010)",(Percentage of gross domestic product at current prices (excessive deficit procedure)),NA,NA,NA,NA,NA,NA,NA,NA,NA,NA,NA,NA,NA,NA,NA,NA,NA,NA,NA,NA,NA,NA,NA,NA,NA,NA,NA,NA,NA,NA,NA,NA,NA,NA,NA,NA,-3895.72878,-3993.41339,-5478.20972,-3013.80275,-6282.00752,-8523.06206,-4.98935,-2200.65183,-7980.23721,-7395.44259,-8756.35781,-8262.97093,-8330.04545,-1.92119,-5.14954,-6.11901,-6.15527,-7.69412,-7.07521,-11.10013,-8.02128,-3.95686,-5.18926,-3.54072,1.7496,-7.93791,-11.47418,-6.47228,-2.75779,-4.53458,-2.89817,-2.48856,
NOR.1.0.0.0.ADGGU,Norway,01 Based on ESA 2010,"Impact of nominal GDP change on gross public debt, % EDP GDP :- Excessive deficit procedure (based on ESA 2010)",(Percentage of gross domestic product at current prices (excessive deficit procedure)),NA,NA,NA,NA,NA,NA,NA,NA,NA,NA,NA,NA,NA,NA,NA,NA,NA,NA,NA,NA,NA,NA,NA,NA,NA,NA,NA,NA,NA,NA,NA,NA,NA,NA,NA,NA,NA,NA,NA,NA,NA,-1.08563,0.02028,-1.31273,-3.91973,-4.6076,-4.37077,-3.19038,-4.97543,3.24692,-2.67384,-3.10475,-1.66397,-1.09186,-0.71023,0.16698,0.11441,-2.2753,-2.52737,-0.36609,1.42969,-8.5297,-9.76111,4.16407,-0.61565,-1.30263,NA,-1.15412,
JPN.1.0.0.0.ADGGU,Japan,01 Based on ESA 2010,"Impact of nominal GDP change on gross public debt, % EDP GDP :- Excessive deficit procedure (based on ESA 2010)",(Percentage of gross domestic product at current prices (excessive deficit procedure)),NA,NA,NA,NA,NA,NA,NA,NA,NA,NA,NA,NA,NA,NA,NA,NA,NA,NA,NA,NA,NA,NA,-2.47069,-2.19075,-3.72364,-4.46657,-2.97786,-2.79638,-5.22276,-5.07677,-4.74424,-3.50054,-1.44495,-0.39694,-0.69003,-1.3537,-2.6742,-1.38377,2.04561,1.97318,-2.18045,0.97947,1.88534,0.62464,-1.30845,-0.85633,-0.90284,-1.11865,3.16372,10.45742,-3.65204,3.20624,-1.59694,-3.51573,-5.20317,-7.66215,-2.55734,-3.27242,-1.43977,-0.95637,6.6148,-7.77545,-4.31425,-11.51388,-6.31944,-9.54277,-4.48433,-5.52407,
USA.1.0.0.0.ADGGU,United States,01 Based on ESA 2010,"Impact of nominal GDP change on gross public debt, % EDP GDP :- Excessive deficit procedure (based on ESA 2010)",(Percentage of gross domestic product at current prices (excessive deficit procedure)),NA,NA,NA,NA,NA,NA,NA,NA,NA,NA,NA,NA,NA,NA,NA,NA,NA,NA,NA,NA,NA,NA,NA,NA,NA,NA,NA,NA,NA,NA,NA,NA,NA,NA,-3.89025,-3.0394,-3.5053,-3.87763,-3.43482,-3.65567,-3.626,-1.72765,-1.78419,-2.69789,-3.80356,-3.91961,-3.52129,-2.85902,-1.27628,1.46005,-3.2259,-3.2904,-3.92788,-3.75344,-4.2467,-3.86818,-2.80444,-4.37226,-5.28313,-4.36313,0.82995,-12.85979,-11.15849,-7.61799,-6.20296,-5.88361,-6.55138,-5.0415,
EU27.1.0.0.0.ADGGI,European Union,01 Based on ESA 2010,"Snowball effect on gross public debt, % EDP GDP :- Excessive deficit procedure (based on ESA 2010)",(Percentage of gross domestic product at current prices (excessive deficit procedure)),NA,NA,NA,NA,NA,NA,NA,NA,NA,NA,NA,NA,NA,NA,NA,NA,NA,NA,NA,NA,NA,NA,NA,NA,NA,NA,NA,NA,NA,NA,NA,NA,NA,NA,NA,NA,NA,NA,NA,NA,NA,0.61117,1.09626,1.40969,0.03124,0.00264,-0.99233,-1.04086,0.84249,5.69495,-0.04724,0.31412,2.465,1.69658,0.4275,-0.9857,-0.26016,-1.63349,-1.0795,-1.30232,4.58087,-6.12959,-5.93494,-3.59797,-1.64125,-1.53259,-0.91823,-1.06177,
EU15.1.0.0.0.ADGGI,European Union (15 countries),01 Based on ESA 2010,"Snowball effect on gross public debt, % EDP GDP :- Excessive deficit procedure (based on ESA 2010)",(Percentage of gross domestic product at current prices (excessive deficit procedure)),NA,NA,NA,NA,NA,NA,NA,NA,NA,NA,NA,NA,NA,NA,NA,NA,NA,NA,NA,NA,NA,NA,NA,NA,NA,NA,NA,NA,NA,NA,NA,NA,NA,NA,NA,NA,NA,NA,NA,NA,NA,1.15662,1.27498,2.06843,0.00048,0.44489,-0.58845,-0.31728,3.01726,6.21896,-0.19144,0.66803,1.28845,2.02421,-0.62123,-2.44609,1.52272,-0.22721,-0.55671,-1.12957,5.55516,-6.75507,-5.97829,-2.82499,-1.85352,-1.20826,-0.34522,-0.82761,
EA19.1.0.0.0.ADGGI,Euro area (19 countries),01 Based on ESA 2010,"Snowball effect on gross public debt, % EDP GDP :- Excessive deficit procedure (based on ESA 2010)",(Percentage of gross domestic product at current prices (excessive deficit procedure)),NA,NA,NA,NA,NA,NA,NA,NA,NA,NA,NA,NA,NA,NA,NA,NA,NA,NA,NA,NA,NA,NA,NA,NA,NA,NA,NA,NA,NA,NA,NA,NA,NA,NA,NA,NA,2.46102,3.15147,1.65469,0.69221,0.21379,0.60086,1.22245,1.2827,0.19694,0.44285,-0.77483,-0.71334,1.35198,5.34148,0.58086,0.61106,2.76116,1.80267,0.37159,-0.92236,-0.34048,-1.41339,-1.04272,-1.20106,5.34539,-6.37359,-6.23748,-3.8983,-1.45228,-1.36355,-0.69884,-1.05823,
EA20.1.0.0.0.ADGGI,Euro area (20 countries),01 Based on ESA 2010,"Snowball effect on gross public debt, % EDP GDP :- Excessive deficit procedure (based on ESA 2010)",(Percentage of gross domestic product at current prices (excessive deficit procedure)),NA,NA,NA,NA,NA,NA,NA,NA,NA,NA,NA,NA,NA,NA,NA,NA,NA,NA,NA,NA,NA,NA,NA,NA,NA,NA,NA,NA,NA,NA,NA,NA,NA,NA,NA,NA,2.44468,3.12158,1.64049,0.71223,0.21272,0.59007,1.20242,1.2681,0.18496,0.42826,-0.78713,-0.72255,1.32928,5.34041,0.60474,0.618,2.76611,1.80697,0.38819,-0.91174,-0.33812,-1.41121,-1.04497,-1.203,5.35835,-6.39219,-6.25787,-3.93341,-1.46874,-1.38033,-0.71835,-1.06496,
EA21.1.0.0.0.ADGGI,Euro area (21 countries),01 Based on ESA 2010,"Snowball effect on gross public debt, % EDP GDP :- Excessive deficit procedure (based on ESA 2010)",(Percentage of gross domestic product at current prices (excessive deficit procedure)),NA,NA,NA,NA,NA,NA,NA,NA,NA,NA,NA,NA,NA,NA,NA,NA,NA,NA,NA,NA,NA,NA,NA,NA,NA,NA,NA,NA,NA,NA,NA,NA,NA,NA,NA,NA,2.52319,3.12287,1.60436,0.725,0.20363,0.58395,1.19098,1.26,0.17244,0.41054,-0.80078,-0.74492,1.29933,5.31305,0.60505,0.5988,2.7519,1.80782,0.38888,-0.91888,-0.35007,-1.421,-1.05382,-1.22132,5.31321,-6.3959,-6.28471,-3.93055,-1.49812,-1.41007,-0.71899,-1.0606,
EA12.1.0.0.0.ADGGI,Euro area (12 countries),01 Based on ESA 2010,"Snowball effect on gross public debt, % EDP GDP :- Excessive deficit procedure (based on ESA 2010)",(Percentage of gross domestic product at current prices (excessive deficit procedure)),NA,NA,NA,NA,NA,NA,NA,NA,NA,NA,NA,NA,NA,NA,NA,NA,NA,NA,NA,NA,NA,NA,NA,NA,NA,NA,NA,NA,NA,NA,NA,NA,NA,NA,NA,NA,2.51476,3.25886,1.69582,0.67893,0.25927,0.61897,1.2648,1.33449,0.25059,0.52036,-0.69398,-0.5711,1.47674,5.32041,0.59591,0.66113,2.83958,1.82559,0.38069,-0.92787,-0.34109,-1.37687,-0.97872,-1.16748,5.47485,-6.3872,-6.24026,-3.84239,-1.43327,-1.34626,-0.66053,-1.04677,
BEL.1.0.0.0.ADGGI,Belgium,01 Based on ESA 2010,"Snowball effect on gross public debt, % EDP GDP :- Excessive deficit procedure (based on ESA 2010)",(Percentage of gross domestic product at current prices (excessive deficit procedure)),NA,NA,NA,NA,NA,NA,NA,NA,NA,NA,NA,NA,NA,NA,NA,NA,NA,NA,NA,NA,NA,NA,NA,NA,NA,NA,NA,NA,NA,NA,NA,NA,NA,NA,NA,NA,6.2426,2.15644,2.91435,2.16713,0.3814,3.26723,2.2977,2.43408,-0.50127,0.26053,-0.28385,-0.88962,2.009,5.02788,-0.62289,-0.51683,1.12459,1.58367,0.60895,0.26801,-0.41595,-1.15133,-1.41497,-2.16008,5.27407,-7.61211,-9.2115,-4.95915,-0.80373,-1.35279,-0.60599,-0.625,
BGR.1.0.0.0.ADGGI,Bulgaria,01 Based on ESA 2010,"Snowball effect on gross public debt, % EDP GDP :- Excessive deficit procedure (based on ESA 2010)",(Percentage of gross domestic product at current prices (excessive deficit procedure)),NA,NA,NA,NA,NA,NA,NA,NA,NA,NA,NA,NA,NA,NA,NA,NA,NA,NA,NA,NA,NA,NA,NA,NA,NA,NA,NA,NA,NA,NA,NA,NA,NA,NA,NA,NA,-16.33871,-209.92484,-23.52645,7.32839,-4.24074,-2.35839,-3.62579,-1.40034,-2.95981,-2.86286,-1.97927,-2.13313,-1.25652,0.66558,0.38395,-0.45909,0.51738,0.84058,0.47717,-0.71621,-0.6888,-1.27069,-0.90624,-1.3254,0.30926,-2.76787,-3.69591,-1.51485,-1.72445,-1.49001,-0.09941,-0.08403,
CZE.1.0.0.0.ADGGI,Czech Republic,01 Based on ESA 2010,"Snowball effect on gross public debt, % EDP GDP :- Excessive deficit procedure (based on ESA 2010)",(Percentage of gross domestic product at current prices (excessive deficit procedure)),NA,NA,NA,NA,NA,NA,NA,NA,NA,NA,NA,NA,NA,NA,NA,NA,NA,NA,NA,NA,NA,NA,NA,NA,NA,NA,NA,NA,NA,NA,NA,NA,NA,NA,NA,NA,-0.59119,0.21588,0.01914,0.3024,-0.07572,-0.33235,0.14646,-0.13137,-1.24125,-0.6531,-0.86724,-1.26748,-0.23443,1.88149,0.56557,0.73549,1.18387,0.78737,-0.82481,-1.39216,-0.65412,-1.62787,-1.10483,-1.54093,1.05071,-2.08124,-3.17208,-2.09891,-0.7565,-1.21771,-0.60281,-1.11715,
DNK.1.0.0.0.ADGGI,Denmark,01 Based on ESA 2010,"Snowball effect on gross public debt, % EDP GDP :- Excessive deficit procedure (based on ESA 2010)",(Percentage of gross domestic product at current prices (excessive deficit procedure)),NA,NA,NA,NA,NA,NA,NA,NA,NA,NA,NA,NA,NA,NA,NA,NA,NA,NA,NA,NA,NA,NA,NA,NA,NA,NA,NA,NA,NA,NA,NA,NA,NA,NA,NA,NA,NA,NA,NA,NA,NA,1.44988,1.59576,1.68986,0.11998,-0.45519,-0.5643,0.41111,0.32505,3.44461,-0.21382,0.92013,0.46719,0.48527,0.27471,0.06121,-0.45124,-0.91368,-0.16155,-0.26604,0.14004,-3.5164,-3.18675,1.2011,-0.78346,-0.54959,-0.08098,-0.2628,
DEU.1.0.0.0.ADGGI,Germany,01 Based on ESA 2010,"Snowball effect on gross public debt, % EDP GDP :- Excessive deficit procedure (based on ESA 2010)",(Percentage of gross domestic product at current prices (excessive deficit procedure)),NA,NA,NA,NA,NA,NA,NA,NA,NA,NA,NA,NA,NA,NA,NA,NA,NA,NA,NA,NA,NA,NA,NA,NA,NA,NA,NA,NA,NA,NA,NA,NA,NA,NA,NA,NA,2.64721,2.26258,1.74723,1.52243,1.68595,1.23799,2.24779,2.43822,1.3402,1.81751,-0.0914,-0.36821,1.51103,5.10443,-0.91453,-1.40889,0.82461,-0.06095,-1.46908,-1.08625,-1.2243,-1.79108,-0.95484,-0.98042,2.1209,-3.68898,-4.52662,-2.6358,-0.52068,-0.85371,-0.72155,-1.26876,
EST.1.0.0.0.ADGGI,Estonia,01 Based on ESA 2010,"Snowball effect on gross public debt, % EDP GDP :- Excessive deficit procedure (based on ESA 2010)",(Percentage of gross domestic product at current prices (excessive deficit procedure)),NA,NA,NA,NA,NA,NA,NA,NA,NA,NA,NA,NA,NA,NA,NA,NA,NA,NA,NA,NA,NA,NA,NA,NA,NA,NA,NA,NA,NA,NA,NA,NA,NA,NA,NA,NA,-1.1945,-1.09408,-0.12865,0.03581,-0.51236,-0.35441,-0.27181,-0.36675,-0.3725,-0.52334,-0.60826,-0.6452,0.16023,1.01389,-0.23397,-0.85422,-0.44923,-0.54227,-0.5985,-0.2885,-0.52869,-0.85378,-0.71688,-0.57002,0.26934,-2.11866,-2.34945,-0.66596,-0.16994,-0.51461,-0.55518,-0.47303,
IRL.1.0.0.0.ADGGI,Ireland,01 Based on ESA 2010,"Snowball effect on gross public debt, % EDP GDP :- Excessive deficit procedure (based on ESA 2010)",(Percentage of gross domestic product at current prices (excessive deficit procedure)),NA,NA,NA,NA,NA,NA,NA,NA,NA,NA,NA,NA,NA,NA,NA,NA,NA,NA,NA,NA,NA,NA,NA,NA,NA,NA,NA,NA,NA,NA,NA,NA,NA,NA,NA,NA,-2.64902,-5.62292,-5.10473,-4.48831,-4.79879,-2.6152,-2.11536,-0.81352,-0.94285,-1.28717,-1.05824,-0.45137,2.53451,6.47018,3.67484,0.41042,1.9592,0.15609,-6.59117,-24.14651,1.29338,-5.72877,-3.62662,-3.55601,-1.62504,-7.73042,-6.6424,0.31959,-2.24379,-4.08641,0.27178,-1.12883,
GRC.1.0.0.0.ADGGI,Greece,01 Based on ESA 2010,"Snowball effect on gross public debt, % EDP GDP :- Excessive deficit procedure (based on ESA 2010)",(Percentage of gross domestic product at current prices (excessive deficit procedure)),NA,NA,NA,NA,NA,NA,NA,NA,NA,NA,NA,NA,NA,NA,NA,NA,NA,NA,NA,NA,NA,NA,NA,NA,NA,NA,NA,NA,NA,NA,NA,NA,NA,NA,NA,NA,1.62893,-1.22873,-0.41792,1.94502,1.4489,-1.8381,-2.24553,-4.38189,-3.26664,1.62367,-5.51916,-2.31774,0.73807,7.19781,12.27594,22.28234,21.97266,11.33749,6.10727,4.32022,4.15882,0.11303,0.10137,-1.68873,22.24354,-16.87144,-18.88716,-10.59827,-4.88752,-4.05465,-3.40514,-2.6606,
ESP.1.0.0.0.ADGGI,Spain,01 Based on ESA 2010,"Snowball effect on gross public debt, % EDP GDP :- Excessive deficit procedure (based on ESA 2010)",(Percentage of gross domestic product at current prices (excessive deficit procedure)),NA,NA,NA,NA,NA,NA,NA,NA,NA,NA,NA,NA,NA,NA,NA,NA,NA,NA,NA,NA,NA,NA,NA,NA,NA,NA,NA,NA,NA,NA,NA,NA,NA,NA,NA,NA,1.41788,0.75034,-0.16777,-0.74545,-1.75389,-1.43596,-0.88803,-1.07954,-1.19258,-1.57886,-1.63331,-1.04916,0.45725,3.16662,1.69258,2.96227,5.22285,4.46433,2.25295,-1.55802,-0.49156,-1.57217,-1.08631,-1.04621,12.99212,-8.14068,-9.4959,-6.52367,-3.93772,-3.20279,-2.38739,-1.7872,
FRA.1.0.0.0.ADGGI,France,01 Based on ESA 2010,"Snowball effect on gross public debt, % EDP GDP :- Excessive deficit procedure (based on ESA 2010)",(Percentage of gross domestic product at current prices (excessive deficit procedure)),NA,NA,NA,NA,NA,NA,NA,NA,NA,NA,NA,NA,NA,NA,NA,NA,NA,NA,NA,NA,NA,NA,NA,NA,NA,NA,NA,NA,NA,NA,NA,NA,NA,NA,NA,NA,2.07693,1.54502,0.77792,0.90455,-0.30749,0.84518,1.21425,1.21532,-0.04272,0.21253,-0.49825,-0.41174,1.15782,4.49909,0.00386,-0.04873,1.51976,0.94365,0.73135,-0.05145,0.57945,-0.77383,-0.90146,-1.59716,6.10608,-7.30922,-4.28088,-5.18231,-1.7348,-0.01264,-0.32017,-0.77003,
HRV.1.0.0.0.ADGGI,Croatia,01 Based on ESA 2010,"Snowball effect on gross public debt, % EDP GDP :- Excessive deficit procedure (based on ESA 2010)",(Percentage of gross domestic product at current prices (excessive deficit procedure)),NA,NA,NA,NA,NA,NA,NA,NA,NA,NA,NA,NA,NA,NA,NA,NA,NA,NA,NA,NA,NA,NA,NA,NA,NA,NA,NA,NA,NA,NA,NA,NA,NA,NA,NA,NA,-0.72445,-1.62972,-0.8755,1.06644,0.15749,-0.20937,-1.64613,-1.69307,-1.03242,-1.04724,-1.79683,-1.7039,-0.86007,3.82134,2.56124,1.7614,3.56775,2.65049,3.73662,1.41453,0.28069,-0.82111,-1.3352,-1.37789,7.79244,-9.72788,-9.3478,-8.38433,-3.21372,-2.96467,-2.56614,-1.56779,
ITA.1.0.0.0.ADGGI,Italy,01 Based on ESA 2010,"Snowball effect on gross public debt, % EDP GDP :- Excessive deficit procedure (based on ESA 2010)",(Percentage of gross domestic product at current prices (excessive deficit procedure)),NA,NA,NA,NA,NA,NA,NA,NA,NA,NA,NA,NA,NA,NA,NA,NA,NA,NA,NA,NA,NA,NA,NA,NA,NA,NA,NA,NA,NA,NA,NA,NA,NA,NA,NA,2.43008,4.52616,3.97894,3.1198,2.85883,-0.00065,0.735,1.66617,1.61968,0.39895,1.56955,0.27725,0.67559,3.52319,8.36878,1.82683,1.79529,6.9034,5.69379,3.37301,1.87413,0.59908,0.69502,1.11909,1.37962,14.16909,-11.03365,-7.26856,-5.71161,0.27587,0.51674,0.81217,0.74733,
CYP.1.0.0.0.ADGGI,Cyprus,01 Based on ESA 2010,"Snowball effect on gross public debt, % EDP GDP :- Excessive deficit procedure (based on ESA 2010)",(Percentage of gross domestic product at current prices (excessive deficit procedure)),NA,NA,NA,NA,NA,NA,NA,NA,NA,NA,NA,NA,NA,NA,NA,NA,NA,NA,NA,NA,NA,NA,NA,NA,NA,NA,NA,NA,NA,NA,NA,NA,NA,NA,NA,NA,0.38826,-0.06397,-1.24133,-1.02904,-1.42388,-0.8838,0.71802,-1.42445,-1.73979,-1.09609,-1.76008,-2.35697,-1.75409,3.16445,-0.36636,0.94371,4.6425,10.03762,6.76542,0.21204,-3.64633,-4.35693,-4.26589,-4.68066,6.27591,-12.93356,-11.6016,-5.67614,-3.54809,-1.80385,-1.3069,-1.21891,
LVA.1.0.0.0.ADGGI,Latvia,01 Based on ESA 2010,"Snowball effect on gross public debt, % EDP GDP :- Excessive deficit procedure (based on ESA 2010)",(Percentage of gross domestic product at current prices (excessive deficit procedure)),NA,NA,NA,NA,NA,NA,NA,NA,NA,NA,NA,NA,NA,NA,NA,NA,NA,NA,NA,NA,NA,NA,NA,NA,NA,NA,NA,NA,NA,NA,NA,NA,NA,NA,NA,NA,-0.58882,-0.93522,-0.46688,0.28136,-0.15172,-0.12419,-0.67464,-0.6879,-1.289,-2.30296,-1.94761,-2.16586,-0.09823,6.71836,3.45249,-1.67441,-2.64217,-0.13878,-0.12053,-0.41979,-0.06005,-1.42035,-2.25811,-1.07696,1.16911,-3.63041,-4.32902,-3.17897,-0.09863,-1.44585,-0.70162,-0.32166,
LTU.1.0.0.0.ADGGI,Lithuania,01 Based on ESA 2010,"Snowball effect on gross public debt, % EDP GDP :- Excessive deficit procedure (based on ESA 2010)",(Percentage of gross domestic product at current prices (excessive deficit procedure)),NA,NA,NA,NA,NA,NA,NA,NA,NA,NA,NA,NA,NA,NA,NA,NA,NA,NA,NA,NA,NA,NA,NA,NA,NA,NA,NA,NA,NA,NA,NA,NA,NA,NA,NA,NA,-1.45867,-1.63703,-0.39121,1.86269,0.69733,0.14413,-0.20329,-0.7142,-0.9276,-1.60234,-1.51501,-2.33745,-1.11756,4.31952,1.14817,-2.16743,-0.46712,-0.10055,0.06359,0.48442,-0.08267,-2.0616,-2.16784,-1.30194,-0.01148,-4.73854,-6.3528,-3.14231,-1.40089,-1.47825,-1.2388,-1.02697,
LUX.1.0.0.0.ADGGI,Luxembourg,01 Based on ESA 2010,"Snowball effect on gross public debt, % EDP GDP :- Excessive deficit procedure (based on ESA 2010)",(Percentage of gross domestic product at current prices (excessive deficit procedure)),NA,NA,NA,NA,NA,NA,NA,NA,NA,NA,NA,NA,NA,NA,NA,NA,NA,NA,NA,NA,NA,NA,NA,NA,NA,NA,NA,NA,NA,NA,NA,NA,NA,NA,NA,NA,-0.07275,-0.38224,-0.00864,-0.66867,-0.52196,0.02698,-0.07817,-0.10371,-0.33124,-0.34947,-0.69037,-0.47505,-0.13128,0.72158,-0.79671,-0.32627,-0.39842,-0.59267,-0.7618,-0.57445,-0.4068,-0.29114,-0.38467,-0.41576,-0.50124,-2.72162,-1.01096,-1.34563,-0.85864,-0.64509,-0.63977,-0.62163,
HUN.1.0.0.0.ADGGI,Hungary,01 Based on ESA 2010,"Snowball effect on gross public debt, % EDP GDP :- Excessive deficit procedure (based on ESA 2010)",(Percentage of gross domestic product at current prices (excessive deficit procedure)),NA,NA,NA,NA,NA,NA,NA,NA,NA,NA,NA,NA,NA,NA,NA,NA,NA,NA,NA,NA,NA,NA,NA,NA,NA,NA,NA,NA,NA,NA,NA,NA,NA,NA,NA,NA,-6.15894,-5.27616,-2.49809,0.4728,-2.32401,-2.78321,-2.07041,-0.8162,-1.12845,0.18846,-0.51032,0.50226,0.4399,6.58726,1.36217,1.14548,3.37449,0.83291,-1.8814,-1.27985,0.31148,-3.09559,-4.6514,-4.0838,1.15487,-7.32503,-9.16992,-4.42917,-0.77191,-0.88179,-0.17017,-0.04409,
MLT.1.0.0.0.ADGGI,Malta,01 Based on ESA 2010,"Snowball effect on gross public debt, % EDP GDP :- Excessive deficit procedure (based on ESA 2010)",(Percentage of gross domestic product at current prices (excessive deficit procedure)),NA,NA,NA,NA,NA,NA,NA,NA,NA,NA,NA,NA,NA,NA,NA,NA,NA,NA,NA,NA,NA,NA,NA,NA,NA,NA,NA,NA,NA,NA,NA,NA,NA,NA,NA,NA,0.25134,0.21806,-0.00078,1.27035,-0.41987,1.61682,0.50994,0.06244,1.74287,0.47913,0.60385,-0.9509,-1.25924,2.69962,-2.54472,1.53716,-1.18475,-2.48756,-3.31844,-5.29929,-1.2253,-5.40638,-2.38809,-1.34193,1.82288,-5.77687,-2.69308,-6.03237,-3.33393,-1.47232,-1.34009,-1.22285,
NLD.1.0.0.0.ADGGI,Netherlands,01 Based on ESA 2010,"Snowball effect on gross public debt, % EDP GDP :- Excessive deficit procedure (based on ESA 2010)",(Percentage of gross domestic product at current prices (excessive deficit procedure)),NA,NA,NA,NA,NA,NA,NA,NA,NA,NA,NA,NA,NA,NA,NA,NA,NA,NA,NA,NA,NA,NA,NA,NA,NA,NA,NA,NA,NA,NA,NA,NA,NA,NA,NA,NA,1.76009,-0.05446,0.16131,0.25812,-0.72123,-0.31585,0.72909,1.33926,0.84511,0.29832,-0.81475,-0.48674,0.26453,3.92388,0.75371,0.68995,1.53375,0.95467,0.2259,-0.6346,-0.67278,-1.4682,-1.68307,-1.86333,1.46959,-3.95545,-4.62831,-1.91768,-2.21241,-1.43875,-1.07516,-0.83342,
AUT.1.0.0.0.ADGGI,Austria,01 Based on ESA 2010,"Snowball effect on gross public debt, % EDP GDP :- Excessive deficit procedure (based on ESA 2010)",(Percentage of gross domestic product at current prices (excessive deficit procedure)),NA,NA,NA,NA,NA,NA,NA,NA,NA,NA,NA,NA,NA,NA,NA,NA,NA,NA,NA,NA,NA,NA,NA,NA,NA,NA,NA,NA,NA,NA,NA,NA,NA,NA,NA,NA,1.83363,1.33002,1.14346,0.9864,0.63279,1.51444,1.77043,1.61077,0.29201,0.18093,-0.37257,-0.74674,0.80195,4.56361,0.82789,-0.98903,0.56886,1.46852,0.23731,-0.62988,-1.17334,-0.79374,-1.65506,-0.91969,4.22328,-4.20114,-6.96462,-3.4523,-1.07214,-1.30773,-0.35942,-1.19988,
POL.1.0.0.0.ADGGI,Poland,01 Based on ESA 2010,"Snowball effect on gross public debt, % EDP GDP :- Excessive deficit procedure (based on ESA 2010)",(Percentage of gross domestic product at current prices (excessive deficit procedure)),NA,NA,NA,NA,NA,NA,NA,NA,NA,NA,NA,NA,NA,NA,NA,NA,NA,NA,NA,NA,NA,NA,NA,NA,NA,NA,NA,NA,NA,NA,NA,NA,NA,NA,NA,NA,-5.07299,-2.84134,-1.89918,-0.93559,-0.8441,1.54758,1.52652,1.22525,-1.62823,-0.07414,-1.10749,-2.42117,-1.36986,-0.43836,0.22382,-1.6602,0.71107,2.02664,-0.43986,-1.05714,0.16144,-1.98677,-2.11681,-2.10913,0.35273,-5.25448,-5.98383,-2.41984,-1.23521,-0.90043,-0.98582,-0.55885,
PRT.1.0.0.0.ADGGI,Portugal,01 Based on ESA 2010,"Snowball effect on gross public debt, % EDP GDP :- Excessive deficit procedure (based on ESA 2010)",(Percentage of gross domestic product at current prices (excessive deficit procedure)),NA,NA,NA,NA,NA,NA,NA,NA,NA,NA,NA,NA,NA,NA,NA,NA,NA,NA,NA,NA,NA,NA,NA,NA,NA,NA,NA,NA,NA,NA,NA,NA,NA,NA,NA,NA,1.31899,-1.10525,-1.61751,-0.89066,-0.79427,0.05044,0.10701,1.21525,-0.02618,-0.10011,-0.56664,-0.90522,1.64242,4.56799,0.75262,6.27268,10.09091,3.15872,2.91534,-0.04867,-0.81696,-2.39132,-2.51344,-2.4567,10.60634,-7.21263,-12.05666,-8.80587,-4.44765,-3.23054,-1.9377,-1.67521,
ROM.1.0.0.0.ADGGI,Romania,01 Based on ESA 2010,"Snowball effect on gross public debt, % EDP GDP :- Excessive deficit procedure (based on ESA 2010)",(Percentage of gross domestic product at current prices (excessive deficit procedure)),NA,NA,NA,NA,NA,NA,NA,NA,NA,NA,NA,NA,NA,NA,NA,NA,NA,NA,NA,NA,NA,NA,NA,NA,NA,NA,NA,NA,NA,NA,NA,NA,NA,NA,NA,NA,-0.40601,-1.45702,-0.7001,-0.46791,-2.96721,-3.55198,-3.46814,-3.48174,-3.3099,-1.54175,-1.75467,-1.71648,-1.8039,2.10819,1.42523,-0.37299,0.26987,1.31944,-0.477,-0.91872,-0.67096,-3.34173,-2.63123,-2.33088,1.26627,-3.37541,-5.44874,-4.19751,-2.28873,-1.65494,-1.17749,-1.12743,
SVN.1.0.0.0.ADGGI,Slovenia,01 Based on ESA 2010,"Snowball effect on gross public debt, % EDP GDP :- Excessive deficit procedure (based on ESA 2010)",(Percentage of gross domestic product at current prices (excessive deficit procedure)),NA,NA,NA,NA,NA,NA,NA,NA,NA,NA,NA,NA,NA,NA,NA,NA,NA,NA,NA,NA,NA,NA,NA,NA,NA,NA,NA,NA,NA,NA,NA,NA,NA,NA,NA,NA,-0.30331,-0.30114,0.02101,-0.14748,0.38478,-0.40129,-0.44363,-0.33648,-0.31986,0.17168,-0.63021,-1.46473,-0.58909,2.5051,1.44188,1.14679,3.15553,2.44819,0.9669,0.70119,-0.09404,-2.33017,-2.64413,-2.34191,3.58323,-6.92181,-5.25105,-6.90626,-2.11787,-1.61314,-2.1652,-1.86322,
SVK.1.0.0.0.ADGGI,Slovakia,01 Based on ESA 2010,"Snowball effect on gross public debt, % EDP GDP :- Excessive deficit procedure (based on ESA 2010)",(Percentage of gross domestic product at current prices (excessive deficit procedure)),NA,NA,NA,NA,NA,NA,NA,NA,NA,NA,NA,NA,NA,NA,NA,NA,NA,NA,NA,NA,NA,NA,NA,NA,NA,NA,NA,NA,NA,NA,NA,NA,NA,NA,NA,NA,0.36898,-0.48385,-0.16576,1.23898,-0.44953,0.04907,-0.5173,-1.828,-2.34409,-1.83588,-2.30646,-1.99179,-1.02897,3.47063,-1.18803,-0.10219,0.5494,1.26647,0.55599,-0.7808,0.89517,-0.61241,-1.68525,-0.99383,1.28671,-3.26119,-3.38252,-5.19245,-1.43492,-1.30883,-1.01405,-0.79801,
FIN.1.0.0.0.ADGGI,Finland,01 Based on ESA 2010,"Snowball effect on gross public debt, % EDP GDP :- Excessive deficit procedure (based on ESA 2010)",(Percentage of gross domestic product at current prices (excessive deficit procedure)),NA,NA,NA,NA,NA,NA,NA,NA,NA,NA,NA,NA,NA,NA,NA,NA,-0.17933,0.17871,0.01504,-0.62413,-0.56442,-0.26654,-0.09717,-0.00762,-0.05774,0.48568,0.50826,0.38125,-0.5119,-0.35946,0.57854,2.48463,3.02452,3.88885,1.01333,-0.61066,2.15553,-0.33295,-0.77936,0.51646,-0.35655,-0.01427,0.90974,0.89568,-0.30686,-0.00582,-0.50486,-1.6364,0.06343,3.7195,-0.10238,-0.92825,0.81016,0.4597,0.60725,-0.117,-0.61109,-1.70395,-1.08974,-0.95973,1.25901,-3.23882,-4.21053,-0.69901,0.73911,0.29863,-0.82091,-0.96653,
SWE.1.0.0.0.ADGGI,Sweden,01 Based on ESA 2010,"Snowball effect on gross public debt, % EDP GDP :- Excessive deficit procedure (based on ESA 2010)",(Percentage of gross domestic product at current prices (excessive deficit procedure)),NA,NA,NA,NA,NA,NA,NA,NA,NA,NA,NA,NA,NA,NA,NA,NA,NA,NA,NA,NA,NA,NA,NA,NA,NA,NA,NA,NA,NA,NA,NA,NA,NA,NA,NA,NA,3.29579,1.93995,1.05462,0.54474,-0.2576,0.71835,0.94445,0.30105,-0.29934,0.12806,-1.22959,-0.88321,0.68152,2.08701,-1.54612,-0.36651,0.8045,0.05435,-0.98205,-2.36125,-1.18443,-1.29717,-1.32658,-1.55133,0.33869,-2.79804,-2.0413,-1.11324,-0.57507,-0.3161,-0.3638,-0.71011,
GBR.1.0.0.0.ADGGI,United Kingdom,01 Based on ESA 2010,"Snowball effect on gross public debt, % EDP GDP :- Excessive deficit procedure (based on ESA 2010)",(Percentage of gross domestic product at current prices (excessive deficit procedure)),NA,NA,NA,NA,NA,NA,NA,NA,NA,NA,NA,NA,NA,NA,NA,NA,NA,NA,NA,NA,NA,NA,NA,NA,NA,NA,NA,NA,NA,NA,NA,NA,NA,NA,NA,NA,NA,NA,1.58033,1.2581,0.72481,1.01595,0.91996,0.31494,0.39416,0.10821,0.19866,0.45937,1.10247,3.51885,0.87063,0.97184,0.75812,-0.12999,-1.0457,0.12999,-0.72936,-1.00563,-0.32054,-0.74862,7.26607,-6.10742,-6.02248,-2.77218,-1.75619,-1.47886,0.10453,0.09714,
ALB.1.0.0.0.ADGGI,Albania,01 Based on ESA 2010,"Snowball effect on gross public debt, % EDP GDP :- Excessive deficit procedure (based on ESA 2010)",(Percentage of gross domestic product at current prices (excessive deficit procedure)),NA,NA,NA,NA,NA,NA,NA,NA,NA,NA,NA,NA,NA,NA,NA,NA,NA,NA,NA,NA,NA,NA,NA,NA,NA,NA,NA,NA,NA,NA,NA,NA,NA,NA,NA,NA,NA,NA,NA,NA,NA,NA,NA,NA,NA,NA,NA,NA,NA,NA,NA,0.84559,2.42466,1.93934,0.51234,0.63282,0.32578,-2.09841,NA,NA,NA,NA,NA,NA,NA,NA,NA,NA,
SRB.1.0.0.0.ADGGI,Serbia,01 Based on ESA 2010,"Snowball effect on gross public debt, % EDP GDP :- Excessive deficit procedure (based on ESA 2010)",(Percentage of gross domestic product at current prices (excessive deficit procedure)),NA,NA,NA,NA,NA,NA,NA,NA,NA,NA,NA,NA,NA,NA,NA,NA,NA,NA,NA,NA,NA,NA,NA,NA,NA,NA,NA,NA,NA,NA,NA,NA,NA,NA,NA,NA,NA,NA,NA,NA,NA,NA,NA,NA,NA,NA,NA,NA,NA,NA,NA,NA,NA,NA,NA,0.70425,-0.18758,-0.96843,-1.51,-1.598,1.06767,-5.23775,-5.1501,-6.54977,-2.86191,-1.10042,-0.00685,-1.99821,
TUR.1.0.0.0.ADGGI,Türkiye,01 Based on ESA 2010,"Snowball effect on gross public debt, % EDP GDP :- Excessive deficit procedure (based on ESA 2010)",(Percentage of gross domestic product at current prices (excessive deficit procedure)),NA,NA,NA,NA,NA,NA,NA,NA,NA,NA,NA,NA,NA,NA,NA,NA,NA,NA,NA,NA,NA,NA,NA,NA,NA,NA,NA,NA,NA,NA,NA,NA,NA,NA,NA,NA,NA,NA,NA,NA,NA,NA,NA,NA,NA,NA,NA,NA,NA,NA,NA,NA,NA,NA,NA,NA,NA,NA,NA,NA,-1.69255,-8.87886,-15.84141,-9.09711,-7.29648,-2.3848,-1.27038,-0.69345,
ISL.1.0.0.0.ADGGI,Iceland,01 Based on ESA 2010,"Snowball effect on gross public debt, % EDP GDP :- Excessive deficit procedure (based on ESA 2010)",(Percentage of gross domestic product at current prices (excessive deficit procedure)),NA,NA,NA,NA,NA,NA,NA,NA,NA,NA,NA,NA,NA,NA,NA,NA,NA,NA,NA,NA,NA,NA,NA,NA,NA,NA,NA,NA,NA,NA,NA,NA,NA,NA,NA,NA,NA,NA,-5474.31999,-3006.26722,-6275.19816,-8513.85716,0.58826,-2194.31561,-7973.85266,-7390.06385,-8750.27652,-8256.71333,-8318.579,10.10118,2.70764,2.46841,2.60782,0.30717,-0.38632,-4.44303,-2.10726,1.71316,-0.26941,0.79326,5.79041,-4.00355,-5.59464,-0.85968,1.87626,-0.2618,0.52124,0.8588,
NOR.1.0.0.0.ADGGI,Norway,01 Based on ESA 2010,"Snowball effect on gross public debt, % EDP GDP :- Excessive deficit procedure (based on ESA 2010)",(Percentage of gross domestic product at current prices (excessive deficit procedure)),NA,NA,NA,NA,NA,NA,NA,NA,NA,NA,NA,NA,NA,NA,NA,NA,NA,NA,NA,NA,NA,NA,NA,NA,NA,NA,NA,NA,NA,NA,NA,NA,NA,NA,NA,NA,NA,NA,NA,NA,NA,0.88569,1.8553,0.5153,-2.44194,-3.01562,-1.99555,-0.58873,-2.96733,4.64134,-1.51112,-2.04802,-0.82869,-0.33167,0.02668,0.89133,0.73663,-1.75402,-2.00484,0.19657,1.94999,-8.21156,-9.29538,5.18468,0.84399,0.1794,NA,0.16338,
JPN.1.0.0.0.ADGGI,Japan,01 Based on ESA 2010,"Snowball effect on gross public debt, % EDP GDP :- Excessive deficit procedure (based on ESA 2010)",(Percentage of gross domestic product at current prices (excessive deficit procedure)),NA,NA,NA,NA,NA,NA,NA,NA,NA,NA,NA,NA,NA,NA,NA,NA,NA,NA,NA,NA,NA,NA,1.00114,1.6254,0.25839,-0.47677,0.96465,1.10204,-1.54253,-1.59967,-1.35711,-0.21042,1.81967,2.81909,2.48603,1.8829,0.53922,1.81139,5.30117,5.22016,0.91485,3.93488,4.66646,3.15502,1.04045,0.8078,0.77646,0.69122,5.07203,12.38878,-1.7939,5.1305,0.32168,-1.62164,-3.36608,-5.92328,-0.87114,-1.68341,0.04861,0.47133,8.07107,-6.39129,-3.00471,-10.31213,-5.09266,NA,-3.20799,-4.20791,
USA.1.0.0.0.ADGGI,United States,01 Based on ESA 2010,"Snowball effect on gross public debt, % EDP GDP :- Excessive deficit procedure (based on ESA 2010)",(Percentage of gross domestic product at current prices (excessive deficit procedure)),NA,NA,NA,NA,NA,NA,NA,NA,NA,NA,NA,NA,NA,NA,NA,NA,NA,NA,NA,NA,NA,NA,NA,NA,NA,NA,NA,NA,NA,NA,NA,NA,NA,NA,1.91447,3.00641,2.29836,1.65219,1.73174,1.06086,0.79781,2.506,2.24551,1.35055,0.04197,-0.00319,0.45475,1.20387,2.65705,5.66989,0.99684,1.05297,0.31476,0.2287,-0.34428,-0.12916,1.04219,-0.52615,-1.34576,-0.325,4.57415,-9.32672,-7.49708,-3.28343,-1.47703,-1.22968,-1.7214,-0.11152,
EU27.1.0.0.0.UDGGS,European Union,01 Based on ESA 2010,Stock-flow adjustment on general government consolidated gross debt :- Excessive deficit procedure (based on ESA 2010),"Mrd ECU/EUR, Standard aggregation",NA,NA,NA,NA,NA,NA,NA,NA,NA,NA,NA,NA,NA,NA,NA,NA,NA,NA,NA,NA,NA,NA,NA,NA,NA,NA,NA,NA,NA,NA,NA,NA,NA,NA,NA,NA,NA,NA,NA,NA,NA,22.70096,-53.61563,-15.19267,46.50696,50.1868,9.55198,59.39755,287.43492,172.70931,169.73163,19.15616,124.69152,-2.26725,-24.51655,-87.13075,-17.76227,-2.41598,47.06883,36.52603,305.99258,-8.65384,-27.09974,-18.73346,82.73104,245.22692,180.73726,129.86356,
EU15.1.0.0.0.UDGGS,European Union (15 countries),01 Based on ESA 2010,Stock-flow adjustment on general government consolidated gross debt :- Excessive deficit procedure (based on ESA 2010),"Mrd ECU/EUR, Standard aggregation",NA,NA,NA,NA,NA,NA,NA,NA,NA,NA,NA,NA,NA,NA,NA,NA,NA,NA,NA,NA,NA,NA,NA,NA,NA,NA,NA,NA,NA,NA,NA,NA,NA,NA,NA,NA,NA,NA,NA,NA,NA,10.11354,-86.05213,-44.69483,59.72332,79.88179,31.62095,-25.34854,141.69621,280.53442,277.30445,111.62601,86.48144,-54.44461,145.22866,3.30204,-351.00348,-80.04996,34.59105,141.90952,192.71962,158.38914,-197.57958,48.44871,198.3724,85.60554,167.5787,108.15952,
EA19.1.0.0.0.UDGGS,Euro area (19 countries),01 Based on ESA 2010,Stock-flow adjustment on general government consolidated gross debt :- Excessive deficit procedure (based on ESA 2010),"Mrd ECU/EUR, Standard aggregation",NA,NA,NA,NA,NA,NA,NA,NA,NA,NA,NA,NA,NA,NA,NA,NA,NA,NA,NA,NA,NA,NA,NA,NA,NA,NA,NA,NA,NA,NA,NA,NA,NA,NA,NA,NA,18.99178,-113.45988,2.53216,49.96432,-9.7886,7.86244,-42.40869,7.19232,21.89548,39.77842,-1.14233,45.67551,292.02544,158.23738,142.71044,44.5562,114.7807,9.98238,-6.36014,-89.58328,-14.14744,-19.64835,52.11569,32.60048,249.16792,-18.17703,-22.45556,-55.6656,43.89973,180.62446,153.67811,110.27668,
EA20.1.0.0.0.UDGGS,Euro area (20 countries),01 Based on ESA 2010,Stock-flow adjustment on general government consolidated gross debt :- Excessive deficit procedure (based on ESA 2010),"Mrd ECU/EUR, Standard aggregation",NA,NA,NA,NA,NA,NA,NA,NA,NA,NA,NA,NA,NA,NA,NA,NA,NA,NA,NA,NA,NA,NA,NA,NA,NA,NA,NA,NA,NA,NA,NA,NA,NA,NA,NA,NA,18.86873,-112.69043,2.1781,49.25509,-9.73836,7.90023,-42.99273,6.99179,21.54624,40.57552,-1.48327,45.6913,292.96694,158.57162,142.93684,44.3896,114.6439,12.48828,-7.13624,-90.47598,-14.98894,-19.18885,52.23979,33.60538,250.45762,-17.93153,-21.72717,-54.61434,42.91856,180.91506,154.37793,110.11859,
EA21.1.0.0.0.UDGGS,Euro area (21 countries),01 Based on ESA 2010,Stock-flow adjustment on general government consolidated gross debt :- Excessive deficit procedure (based on ESA 2010),"Mrd ECU/EUR, Standard aggregation",NA,NA,NA,NA,NA,NA,NA,NA,NA,NA,NA,NA,NA,NA,NA,NA,NA,NA,NA,NA,NA,NA,NA,NA,NA,NA,NA,NA,NA,NA,NA,NA,NA,NA,NA,NA,16.28831,-111.98651,2.0704,49.96224,-9.25438,8.10083,-44.55741,6.22082,21.32253,39.82476,-1.41964,45.26379,293.04734,157.1744,142.27853,44.0929,115.02381,12.32448,-4.97961,-91.07509,-12.5173,-19.34175,52.45489,34.8083,250.91013,-18.87324,-21.91546,-54.17775,43.02898,186.46011,153.9402,110.39434,
EA12.1.0.0.0.UDGGS,Euro area (12 countries),01 Based on ESA 2010,Stock-flow adjustment on general government consolidated gross debt :- Excessive deficit procedure (based on ESA 2010),"Mrd ECU/EUR, Standard aggregation",NA,NA,NA,NA,NA,NA,NA,NA,NA,NA,NA,NA,NA,NA,NA,NA,NA,NA,NA,NA,NA,NA,NA,NA,NA,NA,NA,NA,NA,NA,NA,NA,NA,NA,NA,NA,18.01021,-113.44856,3.68938,47.25704,-8.25358,8.33414,-39.87767,7.4841,20.46996,41.50017,-1.65408,44.17362,291.88044,155.83049,142.91733,43.32557,109.42691,6.05608,-7.02683,-88.51516,-13.33691,-21.46788,50.85407,29.86096,235.75776,-17.54388,-24.16004,-56.63501,38.3277,179.10311,148.7564,105.40289,
BEL.1.0.0.0.UDGGS,Belgium,01 Based on ESA 2010,Stock-flow adjustment on general government consolidated gross debt :- Excessive deficit procedure (based on ESA 2010),Mrd EURO-BEF,NA,NA,NA,NA,NA,NA,NA,NA,NA,NA,NA,NA,NA,NA,NA,NA,NA,NA,NA,NA,NA,NA,NA,NA,NA,NA,NA,NA,NA,NA,NA,NA,NA,NA,NA,NA,-8.4872,-3.0622,-3.4087,0.4616,1.5337,5.9931,1.6254,-7.3523,1.4543,-1.6742,3.0841,3.2375,23.2706,0.6517,2.0213,8.3614,-1.5069,-2.7524,4.3758,-2.9567,3.585,-1.5023,0.3169,-1.644,6.1552,6.5103,10.18599,12.10089,-0.03302,15.04157,3.38835,1.916,
BGR.1.0.0.0.UDGGS,Bulgaria,01 Based on ESA 2010,Stock-flow adjustment on general government consolidated gross debt :- Excessive deficit procedure (based on ESA 2010),Mrd EURO-BGN,NA,NA,NA,NA,NA,NA,NA,NA,NA,NA,NA,NA,NA,NA,NA,NA,NA,NA,NA,NA,NA,NA,NA,NA,NA,NA,NA,NA,NA,NA,NA,NA,NA,NA,NA,NA,2.1423,6.8204,-0.204,0.707,0.4761,0.1581,-1.5196,-0.7659,-0.2234,-0.7495,0.062,-0.4275,0.0804,-1.3972,-0.6583,-0.2967,0.3799,-0.1638,2.1566,-0.5991,2.4716,-0.1529,0.2151,1.2029,0.4525,-0.9417,-0.18829,0.43658,0.11037,5.54544,-0.43773,0.27575,
CZE.1.0.0.0.UDGGS,Czech Republic,01 Based on ESA 2010,Stock-flow adjustment on general government consolidated gross debt :- Excessive deficit procedure (based on ESA 2010),Mrd CZK,NA,NA,NA,NA,NA,NA,NA,NA,NA,NA,NA,NA,NA,NA,NA,NA,NA,NA,NA,NA,NA,NA,NA,NA,NA,NA,NA,NA,NA,NA,NA,NA,NA,NA,NA,NA,-59.645,-33.614,-29.127,-28.735,-21.781,30.994,-62.078,-94.87,4.192,-63.976,-14.241,55.382,1.436,-33.049,-6.037,22.494,30.319,-19.195,-113.011,-13.81,-48.141,70.574,33.194,22.312,80.107,104.789,214.535,-49.596,91.053,114.006,62.59146,80.23945,
DNK.1.0.0.0.UDGGS,Denmark,01 Based on ESA 2010,Stock-flow adjustment on general government consolidated gross debt :- Excessive deficit procedure (based on ESA 2010),Mrd DKK,NA,NA,NA,NA,NA,NA,NA,NA,NA,NA,NA,NA,NA,NA,NA,NA,NA,NA,NA,NA,NA,NA,NA,NA,NA,NA,NA,NA,NA,NA,NA,NA,NA,NA,NA,NA,NA,NA,NA,NA,NA,-7.1961,26.3438,-15.2459,38.4322,10.8669,22.5848,47.0993,191.8959,53.8855,45.9309,55.208,-62.5583,-15.7251,68.2993,-78.3408,-21.9445,39.9941,3.6394,117.1209,176.8888,64.3762,27.41329,71.39429,105.46367,49.67761,27.5062,26.31029,
DEU.1.0.0.0.UDGGS,Germany,01 Based on ESA 2010,Stock-flow adjustment on general government consolidated gross debt :- Excessive deficit procedure (based on ESA 2010),Mrd EURO-DEM,NA,NA,NA,NA,NA,NA,NA,NA,NA,NA,NA,NA,NA,NA,NA,NA,NA,NA,NA,NA,NA,NA,NA,NA,NA,NA,NA,NA,NA,NA,NA,NA,NA,NA,NA,NA,0.0848,-15.5305,-8.7645,12.8005,-28.5222,-55.4277,-35.5259,3.5309,-8.2001,-7.0464,7.2992,12.0979,61.5684,38.047,198.9258,13.5599,77.4058,-11.0095,26.1105,1.1533,21.1382,-5.0201,18.3151,36.3069,120.9845,37.1577,-8.80182,-43.73129,-52.01482,25.26475,25.26,25.26,
EST.1.0.0.0.UDGGS,Estonia,01 Based on ESA 2010,Stock-flow adjustment on general government consolidated gross debt :- Excessive deficit procedure (based on ESA 2010),Mrd EURO-EEK,NA,NA,NA,NA,NA,NA,NA,NA,NA,NA,NA,NA,NA,NA,NA,NA,NA,NA,NA,NA,NA,NA,NA,NA,NA,NA,NA,NA,NA,NA,NA,NA,NA,NA,NA,NA,0.0351,0.136,-0.0507,-0.1327,-0.0366,0.0475,0.1334,0.205,0.251,0.1644,0.4895,0.442,-0.3038,-0.0354,-0.0114,0.1981,0.6733,0.1335,0.339,-0.0356,-0.0141,-0.1058,-0.1976,0.2956,1.2338,-0.3213,0.84064,-0.24892,1.15876,-0.1429,-0.244,0.03,
IRL.1.0.0.0.UDGGS,Ireland,01 Based on ESA 2010,Stock-flow adjustment on general government consolidated gross debt :- Excessive deficit procedure (based on ESA 2010),Mrd EURO-IEP,NA,NA,NA,NA,NA,NA,NA,NA,NA,NA,NA,NA,NA,NA,NA,NA,NA,NA,NA,NA,NA,NA,NA,NA,NA,NA,NA,NA,NA,NA,NA,NA,NA,NA,NA,NA,-1.1157,1.6245,0.2832,5.1422,1.5608,2.6602,0.308,1.9232,2.3597,3.296,4.4895,3.9843,19.2589,1.5652,-14.2409,22.177,5.4358,-6.2649,-18.9158,-7.1752,-3.1201,-0.3523,4.7468,-1.211,-4.8318,12.0219,-3.003,3.01032,19.61819,5.54949,7.40558,14.10947,
GRC.1.0.0.0.UDGGS,Greece,01 Based on ESA 2010,Stock-flow adjustment on general government consolidated gross debt :- Excessive deficit procedure (based on ESA 2010),Mrd EURO-GRD,NA,NA,NA,NA,NA,NA,NA,NA,NA,NA,NA,NA,NA,NA,NA,NA,NA,NA,NA,NA,NA,NA,NA,NA,NA,NA,NA,NA,NA,NA,NA,NA,NA,NA,NA,NA,3.883,2.723,0.102,2.538,10.152,6.435,-1.408,-3.909,0.671,2.365,-1.2,-1.422,0.235,0.146,3.964,4.301,-68.461,-8.046,-6.268,-17,4.806,4.862,20.04,-0.69,-5.001,-0.022,-1.46,-2.108,-0.957,2.251,5.09576,0.13747,
ESP.1.0.0.0.UDGGS,Spain,01 Based on ESA 2010,Stock-flow adjustment on general government consolidated gross debt :- Excessive deficit procedure (based on ESA 2010),Mrd EURO-ESP,NA,NA,NA,NA,NA,NA,NA,NA,NA,NA,NA,NA,NA,NA,NA,NA,NA,NA,NA,NA,NA,NA,NA,NA,NA,NA,NA,NA,NA,NA,NA,NA,NA,NA,NA,NA,7.8375,-6.3765,-1.8043,8.4245,4.8137,1.1372,2.9059,-4.3793,6.1719,15.0122,19.9751,12.8168,5.228,8.3384,-22.5759,-9.6843,65.6761,21.1869,-3.3558,-28.2844,-15.875,2.5903,-5.3495,-23.8,10.6556,0.3132,11.59647,21.24466,-6.07035,37.32119,24.82,29.65515,
FRA.1.0.0.0.UDGGS,France,01 Based on ESA 2010,Stock-flow adjustment on general government consolidated gross debt :- Excessive deficit procedure (based on ESA 2010),Mrd EURO-FRF,NA,NA,NA,NA,NA,NA,NA,NA,NA,NA,NA,NA,NA,NA,NA,NA,NA,NA,NA,NA,NA,NA,NA,NA,NA,NA,NA,NA,NA,NA,NA,NA,NA,NA,NA,NA,5.3625,-4.0713,4.4859,-0.6602,3.7191,5.9812,9.029,27.2669,13.6407,5.3224,-43.2206,3.6103,50.8528,94.9467,-47.7705,-1.4214,-22.2883,-15.5888,-32.3377,-21.9345,-28.3716,-4.2965,2.8351,8.4364,69.3686,-0.2203,0.96226,-4.31136,33.73057,1.8573,9.133,0,
HRV.1.0.0.0.UDGGS,Croatia,01 Based on ESA 2010,Stock-flow adjustment on general government consolidated gross debt :- Excessive deficit procedure (based on ESA 2010),Mrd EURO-HRK,NA,NA,NA,NA,NA,NA,NA,NA,NA,NA,NA,NA,NA,NA,NA,NA,NA,NA,NA,NA,NA,NA,NA,NA,NA,NA,NA,NA,NA,NA,NA,NA,NA,NA,NA,NA,-0.119,0.7234,-0.1092,-0.4309,-0.0537,-0.2428,-0.407,0.0457,-0.2813,0.2609,-0.3724,-0.0259,0.9929,0.1701,0.9142,-0.1666,-0.1368,2.5059,-0.7761,-0.8927,-0.8415,0.4595,0.1241,1.0049,1.2897,0.2455,0.72839,1.05127,-0.98117,0.29059,0.69983,-0.15809,
ITA.1.0.0.0.UDGGS,Italy,01 Based on ESA 2010,Stock-flow adjustment on general government consolidated gross debt :- Excessive deficit procedure (based on ESA 2010),Mrd EURO-ITL,NA,NA,NA,NA,NA,NA,NA,NA,NA,NA,NA,NA,NA,NA,NA,NA,NA,NA,NA,NA,NA,NA,NA,NA,NA,NA,NA,NA,NA,NA,NA,NA,NA,NA,NA,38.8706,-3.0953,-2.6907,-10.0134,10.6813,-7.8753,24.8323,-22.9208,-10.3379,5.0832,3.7621,9.5644,-1.085,18.739,20.5959,14.309,-5.448,32.6823,35.2611,21.3022,-4.0765,5.6955,0.7385,13.6318,3.7482,5.9047,-54.9694,-84.1307,-47.37202,23.2489,59.50252,41.56287,28.39899,
CYP.1.0.0.0.UDGGS,Cyprus,01 Based on ESA 2010,Stock-flow adjustment on general government consolidated gross debt :- Excessive deficit procedure (based on ESA 2010),Mrd EURO-CYP,NA,NA,NA,NA,NA,NA,NA,NA,NA,NA,NA,NA,NA,NA,NA,NA,NA,NA,NA,NA,NA,NA,NA,NA,NA,NA,NA,NA,NA,NA,NA,NA,NA,NA,NA,NA,0.0564,0.1589,0.2226,0.0461,0.2912,0.4471,0.2033,0.2821,0.2882,0.1143,-0.0675,0.706,-0.6676,0.7588,-0.0571,1.0049,-0.3996,2.0794,-1.2312,0.0472,0.3909,-0.3005,1.6333,-0.1262,2.5721,-1.0471,-0.2375,-0.1351,0.1963,-0.49385,0,0,
LVA.1.0.0.0.UDGGS,Latvia,01 Based on ESA 2010,Stock-flow adjustment on general government consolidated gross debt :- Excessive deficit procedure (based on ESA 2010),Mrd EURO-LVL,NA,NA,NA,NA,NA,NA,NA,NA,NA,NA,NA,NA,NA,NA,NA,NA,NA,NA,NA,NA,NA,NA,NA,NA,NA,NA,NA,NA,NA,NA,NA,NA,NA,NA,NA,NA,0.03681,0.03045,-0.02987,-0.01981,-0.11487,0.05796,-0.1341,0.10621,0.13633,-0.05943,0.00803,0.06696,1.58495,0.66076,0.03809,-0.56577,0.08142,-0.40043,0.25823,-1.0901,1.13164,0.19085,-0.09036,0.37917,0.46588,-0.39075,-0.52452,0.61288,0.49644,0.27901,0.30593,1.10087,
LTU.1.0.0.0.UDGGS,Lithuania,01 Based on ESA 2010,Stock-flow adjustment on general government consolidated gross debt :- Excessive deficit procedure (based on ESA 2010),Mrd EURO-LTL,NA,NA,NA,NA,NA,NA,NA,NA,NA,NA,NA,NA,NA,NA,NA,NA,NA,NA,NA,NA,NA,NA,NA,NA,NA,NA,NA,NA,NA,NA,NA,NA,NA,NA,NA,NA,0.1413,-0.9273,-0.0434,0.3732,-0.1713,-0.3908,-0.1664,-0.1814,-0.2441,0.2253,0.3845,0.221,-0.8556,0.3239,0.7029,-0.3589,0.5888,-0.6531,0.6249,0.7663,-0.4209,1.2456,-0.9792,2.4063,2.3113,0.8555,0.65094,1.38468,1.39962,1.73052,4.75297,3.12,
LUX.1.0.0.0.UDGGS,Luxembourg,01 Based on ESA 2010,Stock-flow adjustment on general government consolidated gross debt :- Excessive deficit procedure (based on ESA 2010),Mrd EURO-LUF,NA,NA,NA,NA,NA,NA,NA,NA,NA,NA,NA,NA,NA,NA,NA,NA,NA,NA,NA,NA,NA,NA,NA,NA,NA,NA,NA,NA,NA,NA,NA,NA,NA,NA,NA,NA,0.42465,0.48021,0.52013,0.65166,1.33796,1.44144,0.55037,0.15869,-0.13547,0.13727,1.04998,1.88409,4.1564,0.0346,1.99088,0.39853,1.73473,1.71453,1.01609,0.84099,0.6374,2.46178,1.79163,3.05233,-0.11404,2.6549,1.60694,0.61946,3.14581,-0.69901,2.43205,0.6832,
HUN.1.0.0.0.UDGGS,Hungary,01 Based on ESA 2010,Stock-flow adjustment on general government consolidated gross debt :- Excessive deficit procedure (based on ESA 2010),Mrd HUF,NA,NA,NA,NA,NA,NA,NA,NA,NA,NA,NA,NA,NA,NA,NA,NA,NA,NA,NA,NA,NA,NA,NA,NA,NA,NA,NA,NA,NA,NA,NA,NA,NA,NA,NA,NA,-134.856,-71.6848,37.9934,95.562,-12.477,8.263,109.51,52.679,-84.983,-506.257,-243.458,-119.543,1649.089,-118.66,78.383,-550.005,-938.853,-19.4155,767.8818,681.8389,-37.1558,251.5166,758.3465,213.1406,3595.2259,-10.3345,2416.838,1024.5922,548.7466,985.3133,-1492.68976,-234.86768,
MLT.1.0.0.0.UDGGS,Malta,01 Based on ESA 2010,Stock-flow adjustment on general government consolidated gross debt :- Excessive deficit procedure (based on ESA 2010),Mrd EURO-MTL,NA,NA,NA,NA,NA,NA,NA,NA,NA,NA,NA,NA,NA,NA,NA,NA,NA,NA,NA,NA,NA,NA,NA,NA,NA,NA,NA,NA,NA,NA,NA,NA,NA,NA,NA,NA,-0.0548,0.1067,-0.0735,0.2651,-0.0688,0.0017,-0.1707,0.0061,-0.0038,-0.0292,-0.2659,-0.007,-0.0005,0.1199,0.1574,0.1758,-0.1881,0.1945,0.0232,0.1052,0.2667,0.3635,0.2119,0.1715,0.034,0.1312,-0.20906,-0.15095,0.00921,0.23068,0.09019,0.1,
NLD.1.0.0.0.UDGGS,Netherlands,01 Based on ESA 2010,Stock-flow adjustment on general government consolidated gross debt :- Excessive deficit procedure (based on ESA 2010),Mrd EURO-NLG,NA,NA,NA,NA,NA,NA,NA,NA,NA,NA,NA,NA,NA,NA,NA,NA,NA,NA,NA,NA,NA,NA,NA,NA,NA,NA,NA,NA,NA,NA,NA,NA,NA,NA,NA,NA,-1.592,-9.099,-0.667,-0.087,-5.231,0.545,-4.999,-4.866,0.138,5.09,-9.885,1.061,86.946,-30.698,-10.125,-6.47,5.91,-4.596,-5.964,-22.68,-6.197,-7.923,-2.631,5.367,10.345,-5.999,30.928,-3.561,1.316,13.75,22.23692,-3.18225,
AUT.1.0.0.0.UDGGS,Austria,01 Based on ESA 2010,Stock-flow adjustment on general government consolidated gross debt :- Excessive deficit procedure (based on ESA 2010),Mrd EURO-ATS,NA,NA,NA,NA,NA,NA,NA,NA,NA,NA,NA,NA,NA,NA,NA,NA,NA,NA,NA,NA,NA,NA,NA,NA,NA,NA,NA,NA,NA,NA,NA,NA,NA,NA,NA,NA,-4.35648,-9.52293,0.2747,5.22175,0.21571,4.396,1.08936,-2.93239,-6.44717,10.126,-0.83636,0.56053,12.59814,12.85369,1.68525,3.24294,-1.20242,-4.20415,10.17838,9.95305,-1.34281,-9.16956,-3.78456,-2.74227,4.1818,-4.75798,1.08799,8.22815,0.47709,1.56386,-0.57914,1.85806,
POL.1.0.0.0.UDGGS,Poland,01 Based on ESA 2010,Stock-flow adjustment on general government consolidated gross debt :- Excessive deficit procedure (based on ESA 2010),Mrd PLN,NA,NA,NA,NA,NA,NA,NA,NA,NA,NA,NA,NA,NA,NA,NA,NA,NA,NA,NA,NA,NA,NA,NA,NA,NA,NA,NA,NA,NA,NA,NA,NA,NA,NA,NA,NA,-0.946,13.999,-13.101,14.304,-20.032,-18.192,8.355,4.645,-20.267,1.6848,6.051,0.547,25.982,-16.655,-15.96,4.075,-34.626,-21.993,-119.43137,2.5274,41.6597,-32.402,23.311,-6.681,128.959,29.325,-2.629,1.007,84.756,38.544,86.88843,44.16663,
PRT.1.0.0.0.UDGGS,Portugal,01 Based on ESA 2010,Stock-flow adjustment on general government consolidated gross debt :- Excessive deficit procedure (based on ESA 2010),Mrd EURO-PTE,NA,NA,NA,NA,NA,NA,NA,NA,NA,NA,NA,NA,NA,NA,NA,NA,NA,NA,NA,NA,NA,NA,NA,NA,NA,NA,NA,NA,NA,NA,NA,NA,NA,NA,NA,NA,-0.1229,-3.444,-3.0398,0.7111,-0.7473,1.8784,2.932,-0.5307,-0.6091,2.6688,0.9966,0.0582,0.8132,1.0943,5.4914,7.7675,5.2488,-2.3317,-6.6735,-2.3712,5.8265,-3.9657,1.0058,1.0154,8.9702,-7.5062,2.41182,-6.43882,10.87534,6.21943,5.72927,5.67653,
ROM.1.0.0.0.UDGGS,Romania,01 Based on ESA 2010,Stock-flow adjustment on general government consolidated gross debt :- Excessive deficit procedure (based on ESA 2010),Mrd RON,NA,NA,NA,NA,NA,NA,NA,NA,NA,NA,NA,NA,NA,NA,NA,NA,NA,NA,NA,NA,NA,NA,NA,NA,NA,NA,NA,NA,NA,NA,NA,NA,NA,NA,NA,NA,0.3005,1.5017,1.1792,3.3206,2.4951,8.1277,4.4815,1.9002,1.2669,-3.0503,-10.3714,-3.4782,-13.5136,-1.5061,2.4718,0.8263,6.082,4.562,15.213,3.2051,-3.0508,-5.6593,2.6789,-3.1324,27.1974,-7.4096,-1.02641,13.61679,17.79018,21.45282,4,4,
SVN.1.0.0.0.UDGGS,Slovenia,01 Based on ESA 2010,Stock-flow adjustment on general government consolidated gross debt :- Excessive deficit procedure (based on ESA 2010),Mrd EURO-SIT,NA,NA,NA,NA,NA,NA,NA,NA,NA,NA,NA,NA,NA,NA,NA,NA,NA,NA,NA,NA,NA,NA,NA,NA,NA,NA,NA,NA,NA,NA,NA,NA,NA,NA,NA,NA,0.55939,0.11087,0.07206,0.07306,0.09513,-0.33368,0.35502,-0.25982,0.02923,-0.14417,0.12206,-0.21274,-0.29621,2.15216,-0.60398,0.8421,0.70327,2.05323,3.02176,0.77958,-1.12817,0.16248,0.76648,-0.16025,2.08918,-0.9397,0.75082,0.68954,0.4219,-0.21777,-0.48389,0.00078,
SVK.1.0.0.0.UDGGS,Slovakia,01 Based on ESA 2010,Stock-flow adjustment on general government consolidated gross debt :- Excessive deficit procedure (based on ESA 2010),Mrd EURO-SKK,NA,NA,NA,NA,NA,NA,NA,NA,NA,NA,NA,NA,NA,NA,NA,NA,NA,NA,NA,NA,NA,NA,NA,NA,NA,NA,NA,NA,NA,NA,NA,NA,NA,NA,NA,NA,0.3188,-0.2146,-0.4354,2.3385,-1.4934,-1.0447,-3.7163,0.0297,0.2479,-3.1648,-1.8327,-0.0049,-1.3018,-1.5517,-0.4971,-0.0656,3.8947,0.5192,-2.3692,-1.6407,-1.0366,0.2634,-0.0829,-0.2266,4.7039,1.079,0.43317,-1.18272,1.8898,0.13566,0.50051,0.52213,
FIN.1.0.0.0.UDGGS,Finland,01 Based on ESA 2010,Stock-flow adjustment on general government consolidated gross debt :- Excessive deficit procedure (based on ESA 2010),Mrd EURO-FIM,NA,NA,NA,NA,NA,NA,NA,NA,NA,NA,NA,NA,NA,NA,NA,NA,1.652,1.919,1.952,1.475,1.787,2.548,2.834,2.123,2.506,3.049,3.486,2.748,4.646,5.349,5.152,5.667,9.742,6.322,-1.246,-2.341,-1.099,0.097,0.574,1.636,15.046,8.462,6.536,8.912,6.343,2.441,7.029,7.37,8.214,8.255,9.242,6.541,8.792,2.687,3.505,6.016,-0.119,0.109,-0.064,2.022,9.139,-2.727,14.456,5.684,4.991,11.481,2.27175,0.89028,
SWE.1.0.0.0.UDGGS,Sweden,01 Based on ESA 2010,Stock-flow adjustment on general government consolidated gross debt :- Excessive deficit procedure (based on ESA 2010),Mrd SEK,NA,NA,NA,NA,NA,NA,NA,NA,NA,NA,NA,NA,NA,NA,NA,NA,NA,NA,NA,NA,NA,NA,NA,NA,NA,NA,NA,NA,NA,NA,NA,NA,NA,NA,NA,NA,-13.718,-18.501,71.163,-33.892,-86.989,121.613,-42.498,4.508,44.158,116.652,4.002,43.315,52.571,52.203,-3.947,9.784,-24.869,84.441,185.315,56.931,38.611,79.688,33.312,-89.183,60.95,-22.748,41.259,-75.336,108.495,33.968,-18.685,0,
GBR.1.0.0.0.UDGGS,United Kingdom,01 Based on ESA 2010,Stock-flow adjustment on general government consolidated gross debt :- Excessive deficit procedure (based on ESA 2010),Mrd GBP,NA,NA,NA,NA,NA,NA,NA,NA,NA,NA,NA,NA,NA,NA,NA,NA,NA,NA,NA,NA,NA,NA,NA,NA,NA,NA,NA,NA,NA,NA,NA,NA,NA,NA,NA,NA,NA,NA,-6.282,8.637,7.765,-12.606,-2.386,-0.354,21.652,6.358,3.977,5.612,59.885,37.991,63.926,8.127,-44.322,-22.697,0.62,-25.025,-0.278,5.386,4.799,-0.287,38.479,-3.574,-8.592,37.778,-10.549,54.298,0,0,
ALB.1.0.0.0.UDGGS,Albania,01 Based on ESA 2010,Stock-flow adjustment on general government consolidated gross debt :- Excessive deficit procedure (based on ESA 2010),(National currency),NA,NA,NA,NA,NA,NA,NA,NA,NA,NA,NA,NA,NA,NA,NA,NA,NA,NA,NA,NA,NA,NA,NA,NA,NA,NA,NA,NA,NA,NA,NA,NA,NA,NA,NA,NA,NA,NA,NA,NA,NA,NA,NA,NA,NA,NA,NA,NA,NA,NA,NA,11.43831,9.64965,-10.1232,20.76011,7.07361,-3.2878,-9.45214,NA,NA,NA,NA,NA,NA,NA,NA,NA,NA,
MNE.1.0.0.0.UDGGS,Montenegro,01 Based on ESA 2010,Stock-flow adjustment on general government consolidated gross debt :- Excessive deficit procedure (based on ESA 2010),Mrd EUR,NA,NA,NA,NA,NA,NA,NA,NA,NA,NA,NA,NA,NA,NA,NA,NA,NA,NA,NA,NA,NA,NA,NA,NA,NA,NA,NA,NA,NA,NA,NA,NA,NA,NA,NA,NA,NA,NA,NA,NA,NA,NA,NA,NA,NA,NA,0.0708,0.2007,0.1405,0.077,0.0122,0.0366,0.0399,0.057,0.0312,0.082,0.0152,-0.0303,NA,NA,NA,NA,NA,NA,NA,NA,NA,NA,
MKD.1.0.0.0.UDGGS,North Macedonia,01 Based on ESA 2010,Stock-flow adjustment on general government consolidated gross debt :- Excessive deficit procedure (based on ESA 2010),Mrd MKD,NA,NA,NA,NA,NA,NA,NA,NA,NA,NA,NA,NA,NA,NA,NA,NA,NA,NA,NA,NA,NA,NA,NA,NA,NA,NA,NA,NA,NA,NA,NA,NA,NA,NA,NA,NA,NA,NA,NA,NA,NA,NA,NA,NA,NA,16.89803,-12.62619,-12.76521,-6.32465,2.03123,-3.16673,12.04607,10.68076,-5.76959,8.22513,-7.71429,8.42201,-10.37886,NA,NA,NA,NA,NA,NA,NA,NA,NA,NA,
SRB.1.0.0.0.UDGGS,Serbia,01 Based on ESA 2010,Stock-flow adjustment on general government consolidated gross debt :- Excessive deficit procedure (based on ESA 2010),Mrd RSD,NA,NA,NA,NA,NA,NA,NA,NA,NA,NA,NA,NA,NA,NA,NA,NA,NA,NA,NA,NA,NA,NA,NA,NA,NA,NA,NA,NA,NA,NA,NA,NA,NA,NA,NA,NA,NA,NA,NA,NA,NA,NA,NA,NA,NA,136.63754,-171.22336,-80.59884,2.74836,39.23342,197.11311,168.19194,222.05878,75.73881,181.14406,114.98644,-15.37297,-267.80512,-0.96559,95.56573,-125.41391,141.53974,139.29453,139.78033,118.2367,-208.76639,0,0,
TUR.1.0.0.0.UDGGS,Türkiye,01 Based on ESA 2010,Stock-flow adjustment on general government consolidated gross debt :- Excessive deficit procedure (based on ESA 2010),Mrd TRY,NA,NA,NA,NA,NA,NA,NA,NA,NA,NA,NA,NA,NA,NA,NA,NA,NA,NA,NA,NA,NA,NA,NA,NA,NA,NA,NA,NA,NA,NA,NA,NA,NA,NA,NA,NA,NA,NA,NA,NA,NA,NA,NA,NA,NA,NA,NA,NA,NA,NA,NA,NA,NA,NA,NA,NA,NA,NA,NA,NA,393.20289,857.34008,1180.29561,1925.7627,1431.42444,2646.87804,2855.81386,3008.68584,
ISL.1.0.0.0.UDGGS,Iceland,01 Based on ESA 2010,Stock-flow adjustment on general government consolidated gross debt :- Excessive deficit procedure (based on ESA 2010),Mrd ISK,NA,NA,NA,NA,NA,NA,NA,NA,NA,NA,NA,NA,NA,NA,NA,NA,NA,NA,NA,NA,NA,NA,NA,NA,NA,NA,NA,NA,NA,NA,NA,NA,NA,NA,NA,NA,NA,NA,-14138.3742,232431.5872,40192.2962,-537154.2071,701073.0029,44037.0255,38881.2186,-52989.4243,134407.6403,82832.307,-947173.1306,201.2112,32.1225,86.1578,-16.095,-85.7176,15.2211,-159.9473,146.1667,-142.1599,-66.4641,170.0971,-5.6427,-84.0796,19.3693,-33.3883,-132.1375,-538.1128,10.56339,5.58655,
NOR.1.0.0.0.UDGGS,Norway,01 Based on ESA 2010,Stock-flow adjustment on general government consolidated gross debt :- Excessive deficit procedure (based on ESA 2010),Mrd NOK,NA,NA,NA,NA,NA,NA,NA,NA,NA,NA,NA,NA,NA,NA,NA,NA,NA,NA,NA,NA,NA,NA,NA,NA,NA,NA,NA,NA,NA,NA,NA,NA,NA,NA,NA,NA,NA,NA,NA,NA,NA,200.448,243.884,267.553,284.0325,356.2445,729.0573,404.9949,554.9916,43.0568,363.73,75.1744,489.82,382.901,220.694,325.788,240.25,255.581,421.268,278.897,33.815,669.555,1756.861,1029.019,1280.458,NA,NA,479.05555,
JPN.1.0.0.0.UDGGS,Japan,01 Based on ESA 2010,Stock-flow adjustment on general government consolidated gross debt :- Excessive deficit procedure (based on ESA 2010),Mrd JPY,NA,NA,NA,NA,NA,NA,NA,NA,NA,NA,NA,NA,NA,NA,NA,NA,NA,NA,NA,NA,NA,NA,10575.4,13173.9,9611.6,18151,27277.7,17057.7,7100.6,-1163.4,18985.1,23110.5,32932.7,18795.6,40106.1,41829.6,13888.5,17779.5,-3570.5,21881.4,6464,10294.5,1786.8,-9171.9,24906.2,-93357.294,-18512.115,-18477.295,-21661.096,-4201.952,1635.783,-1202.534,-238.097,-422.5,11103.2,2861.6,5460.6,6724.5,-2240,2952.5,37640.4,-26589.6,30867.5,10186.5,-7449.5,NA,-5000,0,
USA.1.0.0.0.UDGGS,United States,01 Based on ESA 2010,Stock-flow adjustment on general government consolidated gross debt :- Excessive deficit procedure (based on ESA 2010),Mrd USD,NA,NA,NA,NA,NA,NA,NA,NA,NA,NA,NA,NA,NA,NA,NA,NA,NA,NA,NA,NA,NA,NA,NA,NA,NA,NA,NA,NA,NA,NA,NA,NA,NA,NA,-99.80784,-166.60147,51.55803,0.87291,28.70426,114.68892,-80.31358,84.93786,-118.07072,-143.32479,-108.45038,-7.6318,47.2243,-29.36866,383.47753,-287.53552,-152.21396,-514.89591,-287.22718,-64.29867,-121.66236,-61.54549,40.71874,-352.80776,217.94018,-214.45077,1343.00269,-966.05113,833.15676,370.02442,-138.328,26.51351,-76.06288,-75.06806,
EU27.1.0.99.0.UDGGS,European Union,01 Based on ESA 2010,Stock-flow adjustment on general government consolidated gross debt :- Excessive deficit procedure (based on ESA 2010),"Mrd ECU/EUR, Standard aggregation",NA,NA,NA,NA,NA,NA,NA,NA,NA,NA,NA,NA,NA,NA,NA,NA,NA,NA,NA,NA,NA,NA,NA,NA,NA,NA,NA,NA,NA,NA,NA,NA,NA,NA,NA,NA,NA,NA,NA,NA,NA,22.70096,-53.61563,-15.19267,46.50696,50.1868,9.55198,59.39755,287.43492,172.70931,169.73163,19.15616,124.69152,-2.26725,-24.51655,-87.13075,-17.76227,-2.41598,47.06883,36.52603,305.99258,-8.65384,-27.09974,-18.73346,82.73104,245.22692,180.73726,129.86356,
EU15.1.0.99.0.UDGGS,European Union (15 countries),01 Based on ESA 2010,Stock-flow adjustment on general government consolidated gross debt :- Excessive deficit procedure (based on ESA 2010),"Mrd ECU/EUR, Standard aggregation",NA,NA,NA,NA,NA,NA,NA,NA,NA,NA,NA,NA,NA,NA,NA,NA,NA,NA,NA,NA,NA,NA,NA,NA,NA,NA,NA,NA,NA,NA,NA,NA,NA,NA,NA,NA,NA,NA,NA,NA,NA,10.11354,-86.05213,-44.69483,59.72332,79.88179,31.62095,-25.34854,141.69621,280.53442,277.30445,111.62601,86.48144,-54.44461,145.22866,3.30204,-351.00348,-80.04996,34.59105,141.90952,192.71962,158.38914,-197.57958,48.44871,198.3724,85.60554,167.5787,108.15952,
EA19.1.0.99.0.UDGGS,Euro area (19 countries),01 Based on ESA 2010,Stock-flow adjustment on general government consolidated gross debt :- Excessive deficit procedure (based on ESA 2010),"Mrd ECU/EUR, Standard aggregation",NA,NA,NA,NA,NA,NA,NA,NA,NA,NA,NA,NA,NA,NA,NA,NA,NA,NA,NA,NA,NA,NA,NA,NA,NA,NA,NA,NA,NA,NA,NA,NA,NA,NA,NA,NA,18.99178,-113.45988,2.53216,49.96432,-9.7886,7.86244,-42.40869,7.19232,21.89548,39.77842,-1.14233,45.67551,292.02544,158.23738,142.71044,44.5562,114.7807,9.98238,-6.36014,-89.58328,-14.14744,-19.64835,52.11569,32.60048,249.16792,-18.17703,-22.45556,-55.6656,43.89973,180.62446,153.67811,110.27668,
EA20.1.0.99.0.UDGGS,Euro area (20 countries),01 Based on ESA 2010,Stock-flow adjustment on general government consolidated gross debt :- Excessive deficit procedure (based on ESA 2010),"Mrd ECU/EUR, Standard aggregation",NA,NA,NA,NA,NA,NA,NA,NA,NA,NA,NA,NA,NA,NA,NA,NA,NA,NA,NA,NA,NA,NA,NA,NA,NA,NA,NA,NA,NA,NA,NA,NA,NA,NA,NA,NA,18.86873,-112.69043,2.1781,49.25509,-9.73836,7.90023,-42.99273,6.99179,21.54624,40.57552,-1.48327,45.6913,292.96694,158.57162,142.93684,44.3896,114.6439,12.48828,-7.13624,-90.47598,-14.98894,-19.18885,52.23979,33.60538,250.45762,-17.93153,-21.72717,-54.61434,42.91856,180.91506,154.37793,110.11859,
EA21.1.0.99.0.UDGGS,Euro area (21 countries),01 Based on ESA 2010,Stock-flow adjustment on general government consolidated gross debt :- Excessive deficit procedure (based on ESA 2010),"Mrd ECU/EUR, Standard aggregation",NA,NA,NA,NA,NA,NA,NA,NA,NA,NA,NA,NA,NA,NA,NA,NA,NA,NA,NA,NA,NA,NA,NA,NA,NA,NA,NA,NA,NA,NA,NA,NA,NA,NA,NA,NA,16.28831,-111.98651,2.0704,49.96224,-9.25438,8.10083,-44.55741,6.22082,21.32253,39.82476,-1.41964,45.26379,293.04734,157.1744,142.27853,44.0929,115.02381,12.32448,-4.97961,-91.07509,-12.5173,-19.34175,52.45489,34.8083,250.91013,-18.87324,-21.91546,-54.17775,43.02898,186.46011,153.9402,110.39434,
EA12.1.0.99.0.UDGGS,Euro area (12 countries),01 Based on ESA 2010,Stock-flow adjustment on general government consolidated gross debt :- Excessive deficit procedure (based on ESA 2010),"Mrd ECU/EUR, Standard aggregation",NA,NA,NA,NA,NA,NA,NA,NA,NA,NA,NA,NA,NA,NA,NA,NA,NA,NA,NA,NA,NA,NA,NA,NA,NA,NA,NA,NA,NA,NA,NA,NA,NA,NA,NA,NA,18.01021,-113.44856,3.68938,47.25704,-8.25358,8.33414,-39.87767,7.4841,20.46996,41.50017,-1.65408,44.17362,291.88044,155.83049,142.91733,43.32557,109.42691,6.05608,-7.02683,-88.51516,-13.33691,-21.46788,50.85407,29.86096,235.75776,-17.54388,-24.16004,-56.63501,38.3277,179.10311,148.7564,105.40289,
BEL.1.0.99.0.UDGGS,Belgium,01 Based on ESA 2010,Stock-flow adjustment on general government consolidated gross debt :- Excessive deficit procedure (based on ESA 2010),Mrd ECU/EUR,NA,NA,NA,NA,NA,NA,NA,NA,NA,NA,NA,NA,NA,NA,NA,NA,NA,NA,NA,NA,NA,NA,NA,NA,NA,NA,NA,NA,NA,NA,NA,NA,NA,NA,NA,NA,-18.81654,-7.60336,-0.46983,0.4616,1.5337,5.9931,1.6254,-7.3523,1.4543,-1.6742,3.0841,3.2375,23.2706,0.6517,2.0213,8.3614,-1.5069,-2.7524,4.3758,-2.9567,3.585,-1.5023,0.3169,-1.644,6.1552,6.5103,10.18599,12.10089,-0.03302,15.04157,3.38835,1.916,
BGR.1.0.99.0.UDGGS,Bulgaria,01 Based on ESA 2010,Stock-flow adjustment on general government consolidated gross debt :- Excessive deficit procedure (based on ESA 2010),Mrd ECU/EUR,NA,NA,NA,NA,NA,NA,NA,NA,NA,NA,NA,NA,NA,NA,NA,NA,NA,NA,NA,NA,NA,NA,NA,NA,NA,NA,NA,NA,NA,NA,NA,NA,NA,NA,NA,NA,-2.58041,0.70392,-0.1077,0.70715,0.48398,0.2006,-1.56468,-0.77098,-0.22371,-0.75076,0.06363,-0.42751,0.0804,-1.39722,-0.65831,-0.2967,0.37991,-0.1638,2.15663,-0.59911,2.47164,-0.1529,0.2151,1.20292,0.45251,-0.94171,-0.18829,0.43659,0.11043,5.54505,-0.43773,0.27575,
CZE.1.0.99.0.UDGGS,Czech Republic,01 Based on ESA 2010,Stock-flow adjustment on general government consolidated gross debt :- Excessive deficit procedure (based on ESA 2010),Mrd ECU/EUR,NA,NA,NA,NA,NA,NA,NA,NA,NA,NA,NA,NA,NA,NA,NA,NA,NA,NA,NA,NA,NA,NA,NA,NA,NA,NA,NA,NA,NA,NA,NA,NA,NA,NA,NA,NA,-1.60559,-1.59405,-0.25837,-0.97028,-0.29829,2.37489,-1.87897,-3.59944,1.81368,-0.66743,1.29673,3.25955,-0.54275,-0.61781,2.62367,-1.00094,2.78678,-6.76683,-4.84372,1.22758,-1.77719,6.45457,0.79265,1.7101,0.97192,9.1588,12.23678,-5.41122,1.20415,10.26012,1.90246,3.29246,
DNK.1.0.99.0.UDGGS,Denmark,01 Based on ESA 2010,Stock-flow adjustment on general government consolidated gross debt :- Excessive deficit procedure (based on ESA 2010),Mrd ECU/EUR,NA,NA,NA,NA,NA,NA,NA,NA,NA,NA,NA,NA,NA,NA,NA,NA,NA,NA,NA,NA,NA,NA,NA,NA,NA,NA,NA,NA,NA,NA,NA,NA,NA,NA,NA,NA,NA,NA,NA,NA,NA,-0.63167,3.64188,-2.25532,5.24339,1.19666,3.07475,6.30463,25.82089,7.34681,6.00017,7.72715,-8.85007,-2.08041,9.40171,-10.79942,-2.49326,5.20999,0.13775,15.62021,24.25654,8.74124,3.67917,9.30367,14.05776,6.48185,3.62603,3.51178,
DEU.1.0.99.0.UDGGS,Germany,01 Based on ESA 2010,Stock-flow adjustment on general government consolidated gross debt :- Excessive deficit procedure (based on ESA 2010),Mrd ECU/EUR,NA,NA,NA,NA,NA,NA,NA,NA,NA,NA,NA,NA,NA,NA,NA,NA,NA,NA,NA,NA,NA,NA,NA,NA,NA,NA,NA,NA,NA,NA,NA,NA,NA,NA,NA,NA,-36.07819,-32.58748,3.59506,12.8005,-28.5222,-55.4277,-35.5259,3.5309,-8.2001,-7.0464,7.2992,12.0979,61.5684,38.047,198.9258,13.5599,77.4058,-11.0095,26.1105,1.1533,21.1382,-5.0201,18.3151,36.3069,120.9845,37.1577,-8.80182,-43.73129,-52.01482,25.26475,25.26,25.26,
EST.1.0.99.0.UDGGS,Estonia,01 Based on ESA 2010,Stock-flow adjustment on general government consolidated gross debt :- Excessive deficit procedure (based on ESA 2010),Mrd ECU/EUR,NA,NA,NA,NA,NA,NA,NA,NA,NA,NA,NA,NA,NA,NA,NA,NA,NA,NA,NA,NA,NA,NA,NA,NA,NA,NA,NA,NA,NA,NA,NA,NA,NA,NA,NA,NA,0.02714,0.13081,-0.0452,-0.13432,-0.0366,0.0475,0.1334,0.205,0.251,0.1644,0.4895,0.442,-0.3038,-0.0354,-0.0114,0.1981,0.6733,0.1335,0.339,-0.0356,-0.0141,-0.1058,-0.1976,0.2956,1.2338,-0.3213,0.84064,-0.24892,1.15876,-0.1429,-0.244,0.03,
IRL.1.0.99.0.UDGGS,Ireland,01 Based on ESA 2010,Stock-flow adjustment on general government consolidated gross debt :- Excessive deficit procedure (based on ESA 2010),Mrd ECU/EUR,NA,NA,NA,NA,NA,NA,NA,NA,NA,NA,NA,NA,NA,NA,NA,NA,NA,NA,NA,NA,NA,NA,NA,NA,NA,NA,NA,NA,NA,NA,NA,NA,NA,NA,NA,NA,2.99542,0.1565,-0.57778,5.1422,1.5608,2.6602,0.308,1.9232,2.3597,3.296,4.4895,3.9843,19.2589,1.5652,-14.2409,22.177,5.4358,-6.2649,-18.9158,-7.1752,-3.1201,-0.3523,4.7468,-1.211,-4.8318,12.0219,-3.003,3.01032,19.61819,5.54949,7.40558,14.10947,
GRC.1.0.99.0.UDGGS,Greece,01 Based on ESA 2010,Stock-flow adjustment on general government consolidated gross debt :- Excessive deficit procedure (based on ESA 2010),Mrd ECU/EUR,NA,NA,NA,NA,NA,NA,NA,NA,NA,NA,NA,NA,NA,NA,NA,NA,NA,NA,NA,NA,NA,NA,NA,NA,NA,NA,NA,NA,NA,NA,NA,NA,NA,NA,NA,NA,4.82744,1.9731,-6.53843,2.27363,5.89525,6.435,-1.408,-3.909,0.671,2.365,-1.2,-1.422,0.235,0.146,3.964,4.301,-68.461,-8.046,-6.268,-17,4.806,4.862,20.04,-0.69,-5.001,-0.022,-1.46,-2.108,-0.957,2.251,5.09576,0.13747,
ESP.1.0.99.0.UDGGS,Spain,01 Based on ESA 2010,Stock-flow adjustment on general government consolidated gross debt :- Excessive deficit procedure (based on ESA 2010),Mrd ECU/EUR,NA,NA,NA,NA,NA,NA,NA,NA,NA,NA,NA,NA,NA,NA,NA,NA,NA,NA,NA,NA,NA,NA,NA,NA,NA,NA,NA,NA,NA,NA,NA,NA,NA,NA,NA,NA,-0.99014,-12.75889,0.26248,8.4245,4.8137,1.1372,2.9059,-4.3793,6.1719,15.0122,19.9751,12.8168,5.228,8.3384,-22.5759,-9.6843,65.6761,21.1869,-3.3558,-28.2844,-15.875,2.5903,-5.3495,-23.8,10.6556,0.3132,11.59647,21.24466,-6.07035,37.32119,24.82,29.65515,
FRA.1.0.99.0.UDGGS,France,01 Based on ESA 2010,Stock-flow adjustment on general government consolidated gross debt :- Excessive deficit procedure (based on ESA 2010),Mrd ECU/EUR,NA,NA,NA,NA,NA,NA,NA,NA,NA,NA,NA,NA,NA,NA,NA,NA,NA,NA,NA,NA,NA,NA,NA,NA,NA,NA,NA,NA,NA,NA,NA,NA,NA,NA,NA,NA,-8.45782,-9.77118,11.04543,-0.6602,3.7191,5.9812,9.029,27.2669,13.6407,5.3224,-43.2206,3.6103,50.8528,94.9467,-47.7705,-1.4214,-22.2883,-15.5888,-32.3377,-21.9345,-28.3716,-4.2965,2.8351,8.4364,69.3686,-0.2203,0.96226,-4.31136,33.73057,1.8573,9.133,0,
HRV.1.0.99.0.UDGGS,Croatia,01 Based on ESA 2010,Stock-flow adjustment on general government consolidated gross debt :- Excessive deficit procedure (based on ESA 2010),Mrd ECU/EUR,NA,NA,NA,NA,NA,NA,NA,NA,NA,NA,NA,NA,NA,NA,NA,NA,NA,NA,NA,NA,NA,NA,NA,NA,NA,NA,NA,NA,NA,NA,NA,NA,NA,NA,NA,NA,-0.12305,0.76944,-0.35407,-0.70922,0.05024,0.03779,-0.58404,-0.20053,-0.34924,0.7971,-0.34094,0.01578,0.9415,0.33425,0.22639,-0.1666,-0.1368,2.5059,-0.7761,-0.8927,-0.8415,0.4595,0.1241,1.0049,1.2897,0.2455,0.72839,1.05127,-0.98117,0.29059,0.69983,-0.15809,
ITA.1.0.99.0.UDGGS,Italy,01 Based on ESA 2010,Stock-flow adjustment on general government consolidated gross debt :- Excessive deficit procedure (based on ESA 2010),Mrd ECU/EUR,NA,NA,NA,NA,NA,NA,NA,NA,NA,NA,NA,NA,NA,NA,NA,NA,NA,NA,NA,NA,NA,NA,NA,NA,NA,NA,NA,NA,NA,NA,NA,NA,NA,NA,NA,-4.82426,95.32505,-21.2711,-6.10056,10.6813,-7.8753,24.8323,-22.9208,-10.3379,5.0832,3.7621,9.5644,-1.085,18.739,20.5959,14.309,-5.448,32.6823,35.2611,21.3022,-4.0765,5.6955,0.7385,13.6318,3.7482,5.9047,-54.9694,-84.1307,-47.37202,23.2489,59.50252,41.56287,28.39899,
CYP.1.0.99.0.UDGGS,Cyprus,01 Based on ESA 2010,Stock-flow adjustment on general government consolidated gross debt :- Excessive deficit procedure (based on ESA 2010),Mrd ECU/EUR,NA,NA,NA,NA,NA,NA,NA,NA,NA,NA,NA,NA,NA,NA,NA,NA,NA,NA,NA,NA,NA,NA,NA,NA,NA,NA,NA,NA,NA,NA,NA,NA,NA,NA,NA,NA,0.12077,0.22203,0.21101,0.09356,0.3262,0.441,0.2314,0.11129,0.38331,0.22233,-0.14785,0.59114,-0.6676,0.7588,-0.0571,1.0049,-0.3996,2.0794,-1.2312,0.0472,0.3909,-0.3005,1.6333,-0.1262,2.5721,-1.0471,-0.2375,-0.1351,0.1963,-0.49385,0,0,
LVA.1.0.99.0.UDGGS,Latvia,01 Based on ESA 2010,Stock-flow adjustment on general government consolidated gross debt :- Excessive deficit procedure (based on ESA 2010),Mrd ECU/EUR,NA,NA,NA,NA,NA,NA,NA,NA,NA,NA,NA,NA,NA,NA,NA,NA,NA,NA,NA,NA,NA,NA,NA,NA,NA,NA,NA,NA,NA,NA,NA,NA,NA,NA,NA,NA,0.04319,0.07971,-0.04419,0.06815,-0.1287,0.11099,-0.28873,-0.00566,0.07946,-0.05602,0.00562,0.07025,1.53185,0.63923,0.10239,-0.56577,0.08142,-0.40043,0.25823,-1.0901,1.13164,0.19085,-0.09036,0.37917,0.46588,-0.39075,-0.52452,0.61288,0.49644,0.27901,0.30593,1.10087,
LTU.1.0.99.0.UDGGS,Lithuania,01 Based on ESA 2010,Stock-flow adjustment on general government consolidated gross debt :- Excessive deficit procedure (based on ESA 2010),Mrd ECU/EUR,NA,NA,NA,NA,NA,NA,NA,NA,NA,NA,NA,NA,NA,NA,NA,NA,NA,NA,NA,NA,NA,NA,NA,NA,NA,NA,NA,NA,NA,NA,NA,NA,NA,NA,NA,NA,0.12893,-0.57112,-0.11952,0.59654,0.03404,-0.20947,-0.10099,-0.1813,-0.24449,0.2253,0.3845,0.221,-0.8556,0.3239,0.7029,-0.3589,0.5888,-0.6531,0.6249,0.7663,-0.4209,1.2456,-0.9792,2.4063,2.3113,0.8555,0.65094,1.38468,1.39962,1.73052,4.75297,3.12,
LUX.1.0.99.0.UDGGS,Luxembourg,01 Based on ESA 2010,Stock-flow adjustment on general government consolidated gross debt :- Excessive deficit procedure (based on ESA 2010),Mrd ECU/EUR,NA,NA,NA,NA,NA,NA,NA,NA,NA,NA,NA,NA,NA,NA,NA,NA,NA,NA,NA,NA,NA,NA,NA,NA,NA,NA,NA,NA,NA,NA,NA,NA,NA,NA,NA,NA,0.37846,0.45145,0.53379,0.65166,1.33796,1.44144,0.55037,0.15869,-0.13547,0.13727,1.04998,1.88409,4.1564,0.0346,1.99088,0.39853,1.73473,1.71453,1.01609,0.84099,0.6374,2.46178,1.79163,3.05233,-0.11404,2.6549,1.60694,0.61946,3.14581,-0.69901,2.43205,0.6832,
HUN.1.0.99.0.UDGGS,Hungary,01 Based on ESA 2010,Stock-flow adjustment on general government consolidated gross debt :- Excessive deficit procedure (based on ESA 2010),Mrd ECU/EUR,NA,NA,NA,NA,NA,NA,NA,NA,NA,NA,NA,NA,NA,NA,NA,NA,NA,NA,NA,NA,NA,NA,NA,NA,NA,NA,NA,NA,NA,NA,NA,NA,NA,NA,NA,NA,-3.81128,-2.40147,-2.68839,0.12986,-1.14894,2.40957,1.87633,-4.07713,2.62825,-3.5151,-0.30742,-1.00117,2.71578,-1.28275,-1.83177,-11.56404,2.31799,-1.30427,-2.2554,2.00393,1.55502,0.65798,-0.68426,-2.10082,0.87324,-1.86335,-3.29905,8.3927,-9.07514,12.79285,3.13636,2.05207,
MLT.1.0.99.0.UDGGS,Malta,01 Based on ESA 2010,Stock-flow adjustment on general government consolidated gross debt :- Excessive deficit procedure (based on ESA 2010),Mrd ECU/EUR,NA,NA,NA,NA,NA,NA,NA,NA,NA,NA,NA,NA,NA,NA,NA,NA,NA,NA,NA,NA,NA,NA,NA,NA,NA,NA,NA,NA,NA,NA,NA,NA,NA,NA,NA,NA,-0.02182,0.15629,-0.10677,0.39513,-0.02895,0.05794,-0.31496,-0.09123,-0.02615,0.01102,-0.2659,-0.007,-0.0005,0.1199,0.1574,0.1758,-0.1881,0.1945,0.0232,0.1052,0.2667,0.3635,0.2119,0.1715,0.034,0.1312,-0.20906,-0.15095,0.00921,0.23068,0.09019,0.1,
NLD.1.0.99.0.UDGGS,Netherlands,01 Based on ESA 2010,Stock-flow adjustment on general government consolidated gross debt :- Excessive deficit procedure (based on ESA 2010),Mrd ECU/EUR,NA,NA,NA,NA,NA,NA,NA,NA,NA,NA,NA,NA,NA,NA,NA,NA,NA,NA,NA,NA,NA,NA,NA,NA,NA,NA,NA,NA,NA,NA,NA,NA,NA,NA,NA,NA,-10.54141,-13.81168,1.9604,-0.087,-5.231,0.545,-4.999,-4.866,0.138,5.09,-9.885,1.061,86.946,-30.698,-10.125,-6.47,5.91,-4.596,-5.964,-22.68,-6.197,-7.923,-2.631,5.367,10.345,-5.999,30.928,-3.561,1.316,13.75,22.23692,-3.18225,
AUT.1.0.99.0.UDGGS,Austria,01 Based on ESA 2010,Stock-flow adjustment on general government consolidated gross debt :- Excessive deficit procedure (based on ESA 2010),Mrd ECU/EUR,NA,NA,NA,NA,NA,NA,NA,NA,NA,NA,NA,NA,NA,NA,NA,NA,NA,NA,NA,NA,NA,NA,NA,NA,NA,NA,NA,NA,NA,NA,NA,NA,NA,NA,NA,NA,-8.57303,-11.30374,1.53438,5.22175,0.21571,4.396,1.08936,-2.93239,-6.44717,10.126,-0.83636,0.56053,12.59814,12.85369,1.68525,3.24294,-1.20242,-4.20415,10.17838,9.95305,-1.34281,-9.16956,-3.78456,-2.74227,4.1818,-4.75798,1.08799,8.22815,0.47709,1.56386,-0.57914,1.85806,
POL.1.0.99.0.UDGGS,Poland,01 Based on ESA 2010,Stock-flow adjustment on general government consolidated gross debt :- Excessive deficit procedure (based on ESA 2010),Mrd ECU/EUR,NA,NA,NA,NA,NA,NA,NA,NA,NA,NA,NA,NA,NA,NA,NA,NA,NA,NA,NA,NA,NA,NA,NA,NA,NA,NA,NA,NA,NA,NA,NA,NA,NA,NA,NA,NA,-5.51548,-0.31738,-6.38788,2.55073,0.16707,2.47995,-9.22619,-11.95646,8.83746,6.83984,2.64928,9.18627,-15.61104,-1.08048,1.53904,-21.65927,10.01055,-9.31585,-34.49803,0.82694,2.14352,5.16702,-1.56647,0.99141,11.0146,3.93833,-6.04181,27.45864,26.10207,15.45048,18.07544,10.32646,
PRT.1.0.99.0.UDGGS,Portugal,01 Based on ESA 2010,Stock-flow adjustment on general government consolidated gross debt :- Excessive deficit procedure (based on ESA 2010),Mrd ECU/EUR,NA,NA,NA,NA,NA,NA,NA,NA,NA,NA,NA,NA,NA,NA,NA,NA,NA,NA,NA,NA,NA,NA,NA,NA,NA,NA,NA,NA,NA,NA,NA,NA,NA,NA,NA,NA,0.02428,-5.34807,-2.51848,0.7111,-0.7473,1.8784,2.932,-0.5307,-0.6091,2.6688,0.9966,0.0582,0.8132,1.0943,5.4914,7.7675,5.2488,-2.3317,-6.6735,-2.3712,5.8265,-3.9657,1.0058,1.0154,8.9702,-7.5062,2.41182,-6.43882,10.87534,6.21943,5.72927,5.67653,
ROM.1.0.99.0.UDGGS,Romania,01 Based on ESA 2010,Stock-flow adjustment on general government consolidated gross debt :- Excessive deficit procedure (based on ESA 2010),Mrd ECU/EUR,NA,NA,NA,NA,NA,NA,NA,NA,NA,NA,NA,NA,NA,NA,NA,NA,NA,NA,NA,NA,NA,NA,NA,NA,NA,NA,NA,NA,NA,NA,NA,NA,NA,NA,NA,NA,-0.18781,0.6089,-0.68251,0.18465,-0.85992,1.82503,-1.10197,-1.17636,0.80302,-0.01156,-1.89069,-2.01249,-5.48375,-1.18055,0.3072,-0.4808,0.18719,0.6894,3.2375,0.16208,-0.91354,-2.91341,0.49355,-2.49893,4.09466,-3.26366,-0.28655,1.90784,3.61981,-0.77247,0.88626,0.77545,
SVN.1.0.99.0.UDGGS,Slovenia,01 Based on ESA 2010,Stock-flow adjustment on general government consolidated gross debt :- Excessive deficit procedure (based on ESA 2010),Mrd ECU/EUR,NA,NA,NA,NA,NA,NA,NA,NA,NA,NA,NA,NA,NA,NA,NA,NA,NA,NA,NA,NA,NA,NA,NA,NA,NA,NA,NA,NA,NA,NA,NA,NA,NA,NA,NA,NA,0.56638,-0.05164,0.04285,-0.1511,-0.25708,-0.50224,0.06167,-0.45679,-0.06093,-0.13608,0.1175,-0.21274,-0.29621,2.15216,-0.60398,0.8421,0.70327,2.05323,3.02176,0.77958,-1.12817,0.16248,0.76648,-0.16025,2.08918,-0.9397,0.75082,0.68954,0.4219,-0.21777,-0.48389,0.00078,
SVK.1.0.99.0.UDGGS,Slovakia,01 Based on ESA 2010,Stock-flow adjustment on general government consolidated gross debt :- Excessive deficit procedure (based on ESA 2010),Mrd ECU/EUR,NA,NA,NA,NA,NA,NA,NA,NA,NA,NA,NA,NA,NA,NA,NA,NA,NA,NA,NA,NA,NA,NA,NA,NA,NA,NA,NA,NA,NA,NA,NA,NA,NA,NA,NA,NA,0.11697,0.02261,-1.0954,1.83933,-1.44393,-0.41742,-2.25281,0.12692,1.04333,-2.1527,-0.07162,0.39724,0.73687,-1.5517,-0.4971,-0.0656,3.8947,0.5192,-2.3692,-1.6407,-1.0366,0.2634,-0.0829,-0.2266,4.7039,1.079,0.43317,-1.18272,1.8898,0.13566,0.50051,0.52213,
FIN.1.0.99.0.UDGGS,Finland,01 Based on ESA 2010,Stock-flow adjustment on general government consolidated gross debt :- Excessive deficit procedure (based on ESA 2010),Mrd ECU/EUR,NA,NA,NA,NA,NA,NA,NA,NA,NA,NA,NA,NA,NA,NA,NA,NA,2.36893,2.18871,1.9873,1.70441,2.28979,3.45664,3.00812,3.04208,3.51586,3.43192,3.42764,3.16931,6.35993,6.8473,6.00678,4.32417,6.23944,5.42125,3.70206,-1.42353,-2.08331,-1.57411,0.96292,1.636,15.046,8.462,6.536,8.912,6.343,2.441,7.029,7.37,8.214,8.255,9.242,6.541,8.792,2.687,3.505,6.016,-0.119,0.109,-0.064,2.022,9.139,-2.727,14.456,5.684,4.991,11.481,2.27175,0.89028,
SWE.1.0.99.0.UDGGS,Sweden,01 Based on ESA 2010,Stock-flow adjustment on general government consolidated gross debt :- Excessive deficit procedure (based on ESA 2010),Mrd ECU/EUR,NA,NA,NA,NA,NA,NA,NA,NA,NA,NA,NA,NA,NA,NA,NA,NA,NA,NA,NA,NA,NA,NA,NA,NA,NA,NA,NA,NA,NA,NA,NA,NA,NA,NA,NA,NA,-0.47473,-4.03264,-4.88263,12.22327,-14.35732,6.14237,-2.3693,1.65124,5.85864,6.51963,6.14898,-1.60301,-12.51155,12.3497,18.81479,2.04116,3.21528,4.18623,9.42099,10.52323,-3.75953,2.34963,-4.55928,-12.00425,13.87149,-6.49195,-11.47282,-6.20736,3.79341,14.55398,-0.82948,-0.48899,
GBR.1.0.99.0.UDGGS,United Kingdom,01 Based on ESA 2010,Stock-flow adjustment on general government consolidated gross debt :- Excessive deficit procedure (based on ESA 2010),Mrd ECU/EUR,NA,NA,NA,NA,NA,NA,NA,NA,NA,NA,NA,NA,NA,NA,NA,NA,NA,NA,NA,NA,NA,NA,NA,NA,NA,NA,NA,NA,NA,NA,NA,NA,NA,NA,NA,NA,NA,NA,-43.80248,93.36648,10.39217,-3.7313,-47.44704,-51.57484,28.15134,30.66533,24.05131,-74.22377,-163.49357,105.00742,109.57216,58.53212,-17.31068,-62.60651,133.43278,92.0934,-331.41379,-66.1417,-11.84149,108.4326,-81.16618,173.68373,-165.62589,101.98741,142.19354,-114.5334,16.02575,-0.26615,
ALB.1.0.99.0.UDGGS,Albania,01 Based on ESA 2010,Stock-flow adjustment on general government consolidated gross debt :- Excessive deficit procedure (based on ESA 2010),Mrd ECU/EUR,NA,NA,NA,NA,NA,NA,NA,NA,NA,NA,NA,NA,NA,NA,NA,NA,NA,NA,NA,NA,NA,NA,NA,NA,NA,NA,NA,NA,NA,NA,NA,NA,NA,NA,NA,NA,NA,NA,NA,NA,NA,NA,NA,NA,NA,NA,NA,NA,NA,NA,NA,0.07968,0.04153,-0.09782,0.15022,0.20434,0.09395,0.06625,NA,NA,NA,NA,NA,NA,NA,NA,NA,NA,
MNE.1.0.99.0.UDGGS,Montenegro,01 Based on ESA 2010,Stock-flow adjustment on general government consolidated gross debt :- Excessive deficit procedure (based on ESA 2010),Mrd ECU/EUR,NA,NA,NA,NA,NA,NA,NA,NA,NA,NA,NA,NA,NA,NA,NA,NA,NA,NA,NA,NA,NA,NA,NA,NA,NA,NA,NA,NA,NA,NA,NA,NA,NA,NA,NA,NA,NA,NA,NA,NA,NA,NA,NA,NA,NA,NA,0.0708,0.2007,0.1405,0.077,0.0122,0.0366,0.0399,0.057,0.0312,0.082,0.0152,-0.0303,NA,NA,NA,NA,NA,NA,NA,NA,NA,NA,
MKD.1.0.99.0.UDGGS,North Macedonia,01 Based on ESA 2010,Stock-flow adjustment on general government consolidated gross debt :- Excessive deficit procedure (based on ESA 2010),Mrd ECU/EUR,NA,NA,NA,NA,NA,NA,NA,NA,NA,NA,NA,NA,NA,NA,NA,NA,NA,NA,NA,NA,NA,NA,NA,NA,NA,NA,NA,NA,NA,NA,NA,NA,NA,NA,NA,NA,NA,NA,NA,NA,NA,NA,NA,NA,NA,0.27984,-0.20705,-0.20877,-0.10804,0.03891,-0.06008,0.19612,0.1738,-0.09389,0.13597,-0.13117,0.14398,-0.16941,NA,NA,NA,NA,NA,NA,NA,NA,NA,NA,
SRB.1.0.99.0.UDGGS,Serbia,01 Based on ESA 2010,Stock-flow adjustment on general government consolidated gross debt :- Excessive deficit procedure (based on ESA 2010),Mrd ECU/EUR,NA,NA,NA,NA,NA,NA,NA,NA,NA,NA,NA,NA,NA,NA,NA,NA,NA,NA,NA,NA,NA,NA,NA,NA,NA,NA,NA,NA,NA,NA,NA,NA,NA,NA,NA,NA,NA,NA,NA,NA,NA,NA,NA,NA,NA,0.89301,-1.33383,-1.0399,-0.97856,-0.28559,0.93799,1.66569,0.71008,0.48857,0.35079,0.80887,-0.50346,-1.20773,0.04707,0.93228,-1.06409,1.20315,1.25693,1.23664,1.06047,-1.87091,-0.04079,-0.00364,
TUR.1.0.99.0.UDGGS,Türkiye,01 Based on ESA 2010,Stock-flow adjustment on general government consolidated gross debt :- Excessive deficit procedure (based on ESA 2010),Mrd ECU/EUR,NA,NA,NA,NA,NA,NA,NA,NA,NA,NA,NA,NA,NA,NA,NA,NA,NA,NA,NA,NA,NA,NA,NA,NA,NA,NA,NA,NA,NA,NA,NA,NA,NA,NA,NA,NA,NA,NA,NA,NA,NA,NA,NA,NA,NA,NA,NA,NA,NA,NA,NA,NA,NA,NA,NA,NA,NA,NA,NA,NA,-14.73905,-32.56325,10.8157,-39.52383,11.63458,-30.12061,44.0747,53.97238,
ISL.1.0.99.0.UDGGS,Iceland,01 Based on ESA 2010,Stock-flow adjustment on general government consolidated gross debt :- Excessive deficit procedure (based on ESA 2010),Mrd ECU/EUR,NA,NA,NA,NA,NA,NA,NA,NA,NA,NA,NA,NA,NA,NA,NA,NA,NA,NA,NA,NA,NA,NA,NA,NA,NA,NA,NA,NA,NA,NA,NA,NA,NA,NA,NA,NA,NA,NA,-242.76384,3570.77855,-7.60336,-6817.85175,8273.80939,55.31454,1049.46473,425.99576,-512.09358,1025.82621,-10314.57485,0.51773,2.21829,0.09242,-1.102,0.49922,0.51403,0.2979,3.89961,-1.94948,-1.41633,0.99749,-1.98335,0.29818,-0.36485,-0.11319,-0.05584,-4.09691,0.42008,0.07605,
NOR.1.0.99.0.UDGGS,Norway,01 Based on ESA 2010,Stock-flow adjustment on general government consolidated gross debt :- Excessive deficit procedure (based on ESA 2010),Mrd ECU/EUR,NA,NA,NA,NA,NA,NA,NA,NA,NA,NA,NA,NA,NA,NA,NA,NA,NA,NA,NA,NA,NA,NA,NA,NA,NA,NA,NA,NA,NA,NA,NA,NA,NA,NA,NA,NA,NA,NA,NA,NA,NA,26.75058,37.87888,22.70617,35.84716,47.44019,86.45076,55.4839,39.27791,25.82107,53.64766,10.29685,71.49413,33.87918,18.36789,29.56055,32.28033,17.19154,41.99028,29.5043,-4.97587,73.45778,163.88919,77.57532,99.90996,NA,NA,46.11033,
JPN.1.0.99.0.UDGGS,Japan,01 Based on ESA 2010,Stock-flow adjustment on general government consolidated gross debt :- Excessive deficit procedure (based on ESA 2010),Mrd ECU/EUR,NA,NA,NA,NA,NA,NA,NA,NA,NA,NA,NA,NA,NA,NA,NA,NA,NA,NA,NA,NA,NA,NA,79.67192,209.95276,133.13568,101.17022,213.05933,232.85695,192.5688,-293.88516,-12.61326,301.88499,416.19896,625.05233,375.08166,-40.58627,-169.72145,171.76253,337.47856,1640.29594,-226.37669,-422.7078,-487.62313,-590.32375,-34.72267,-640.08767,-807.69465,-368.32042,1385.55765,-381.80175,1504.41597,738.33936,-1167.12468,-1919.89629,44.15878,825.65495,560.72761,-741.86061,604.83362,319.67544,-65.69267,-504.03529,-499.96608,-887.19363,-403.67085,NA,-108.47166,-34.95928,
USA.1.0.99.0.UDGGS,United States,01 Based on ESA 2010,Stock-flow adjustment on general government consolidated gross debt :- Excessive deficit procedure (based on ESA 2010),Mrd ECU/EUR,NA,NA,NA,NA,NA,NA,NA,NA,NA,NA,NA,NA,NA,NA,NA,NA,NA,NA,NA,NA,NA,NA,NA,NA,NA,NA,NA,NA,NA,NA,NA,NA,NA,NA,-469.23722,-378.07236,229.68176,577.46023,-245.40329,893.52741,371.82723,439.65373,-1249.45185,-1217.77809,-532.03402,881.31928,-703.35281,-743.49633,679.7248,-503.8711,541.30679,37.76803,-476.02585,-613.29499,1673.81594,1678.83076,654.78049,-2634.08738,1033.75997,173.5092,-847.05146,1139.19612,2386.51198,-732.99471,1915.70721,-4092.47316,-15.24512,-103.06346,
EU27.1.0.0.0.UDGGL,European Union,02 Based on ESA 2010 and former definitions (linked series),General government consolidated gross debt :- Excessive deficit procedure (based on ESA 2010) and former definitions (linked series),"Mrd ECU/EUR, Standard aggregation",NA,NA,NA,NA,NA,NA,NA,NA,NA,NA,NA,NA,NA,NA,NA,NA,NA,NA,NA,NA,NA,NA,NA,NA,NA,NA,NA,NA,NA,NA,NA,NA,NA,NA,NA,4480.99298,4765.45218,4848.5911,5003.10969,5179.02022,5248.11428,5431.90829,5616.00237,5876.57248,6174.50872,6453.90235,6608.9438,6729.93127,7249.94443,8068.0853,8902.67691,9386.03596,9937.97988,10293.23987,10558.78381,10705.92297,10859.83305,10971.46051,11072.48472,11173.72721,12389.09339,13064.38497,13547.6075,14122.64694,14766.06143,15587.80564,16445.91419,17304.93412,
EU15.1.0.0.0.UDGGL,European Union (15 countries),02 Based on ESA 2010 and former definitions (linked series),General government consolidated gross debt :- Excessive deficit procedure (based on ESA 2010) and former definitions (linked series),"Mrd ECU/EUR, Standard aggregation",NA,NA,NA,NA,NA,NA,NA,NA,NA,NA,NA,NA,NA,NA,NA,NA,NA,NA,NA,NA,NA,NA,NA,NA,NA,NA,NA,NA,NA,NA,2929.83612,3239.04019,3522.37296,3966.74744,4312.45264,4816.57776,5202.73388,5354.27008,5467.48635,5708.13489,5746.87547,5892.04666,6053.2439,6315.16519,6665.82728,7010.92773,7223.96177,7304.49424,7749.36274,8786.37348,9841.41426,10511.59592,11155.0427,11533.68319,12060.85409,12396.00614,12278.41854,12360.40037,12494.53678,12749.36912,14057.2224,15041.27181,15428.70279,16162.35167,17011.73448,17735.2871,18620.25007,19484.0259,
EA19.1.0.0.0.UDGGL,Euro area (19 countries),02 Based on ESA 2010 and former definitions (linked series),General government consolidated gross debt :- Excessive deficit procedure (based on ESA 2010) and former definitions (linked series),"Mrd ECU/EUR, Standard aggregation",NA,NA,NA,NA,NA,NA,NA,NA,NA,NA,NA,NA,NA,NA,NA,NA,NA,NA,NA,NA,NA,NA,NA,NA,NA,NA,NA,NA,NA,NA,NA,NA,NA,NA,NA,4124.67439,4406.31792,4482.54668,4642.99634,4796.35536,4878.91532,5034.15504,5201.31921,5455.53022,5713.45977,5978.2959,6118.92946,6234.17346,6744.70372,7486.6962,8236.1835,8698.2362,9195.4326,9525.9662,9777.6829,9900.7207,10047.3973,10142.1028,10246.707,10344.7191,11403.4256,12027.498,12471.30308,12928.69805,13432.2952,14072.13841,14767.26298,15467.24954,
EA20.1.0.0.0.UDGGL,Euro area (20 countries),02 Based on ESA 2010 and former definitions (linked series),General government consolidated gross debt :- Excessive deficit procedure (based on ESA 2010) and former definitions (linked series),"Mrd ECU/EUR, Standard aggregation",NA,NA,NA,NA,NA,NA,NA,NA,NA,NA,NA,NA,NA,NA,NA,NA,NA,NA,NA,NA,NA,NA,NA,NA,NA,NA,NA,NA,NA,NA,NA,NA,NA,NA,NA,4128.63676,4411.08018,4487.79156,4648.07595,4802.66405,4887.35635,5043.8164,5211.71672,5467.15252,5726.67046,5993.4205,6134.46526,6250.66266,6763.26314,7508.7955,8261.457,8726.7659,9226.2734,9561.7846,9815.0269,9938.7709,10085.0988,10179.9875,10284.7455,10383.6378,11447.3075,12073.1269,12517.65037,12976.96191,13481.57918,14124.50919,14823.1908,15525.83649,
EA21.1.0.0.0.UDGGL,Euro area (21 countries),02 Based on ESA 2010 and former definitions (linked series),General government consolidated gross debt :- Excessive deficit procedure (based on ESA 2010) and former definitions (linked series),"Mrd ECU/EUR, Standard aggregation",NA,NA,NA,NA,NA,NA,NA,NA,NA,NA,NA,NA,NA,NA,NA,NA,NA,NA,NA,NA,NA,NA,NA,NA,NA,NA,NA,NA,NA,NA,NA,NA,NA,NA,NA,4139.18663,4419.83753,4497.10133,4657.09725,4812.3729,4897.53351,5054.08614,5220.60701,5475.27896,5734.19659,5999.80907,6140.18625,6255.95954,6768.11172,7513.90798,8267.31399,8733.0509,9233.27911,9568.93221,9826.64618,9950.64248,10099.28692,10193.1701,10297.17269,10395.94889,11462.43923,12090.14246,12537.00558,12998.63723,13506.55643,14159.14409,14862.3814,15570.75795,
EA12.1.0.0.0.UDGGL,Euro area (12 countries),02 Based on ESA 2010 and former definitions (linked series),General government consolidated gross debt :- Excessive deficit procedure (based on ESA 2010) and former definitions (linked series),"Mrd ECU/EUR, Standard aggregation",NA,NA,NA,NA,NA,NA,NA,NA,NA,NA,NA,NA,NA,NA,NA,NA,NA,NA,NA,NA,NA,NA,NA,NA,NA,NA,NA,NA,NA,NA,2509.55538,2776.64991,3019.78993,3355.39476,3648.99792,4112.50541,4390.6369,4463.76656,4622.84072,4770.09592,4849.4603,5001.1448,5166.8425,5418.5835,5672.8647,5937.4357,6075.4658,6188.423,6693.9691,7420.3255,8158.2209,8609.4868,9091.9636,9409.9445,9654.2882,9774.2461,9919.0122,10011.89,10113.9574,10208.9015,11237.1866,11848.9618,12284.90794,12730.30741,13219.22382,13846.91467,14522.79089,15200.66813,
DU15.1.0.0.0.UDGGL,EU15 (including D_W West-Germany),02 Based on ESA 2010 and former definitions (linked series),General government consolidated gross debt :- Excessive deficit procedure (based on ESA 2010) and former definitions (linked series),"Mrd ECU/EUR, Standard aggregation",NA,NA,NA,NA,NA,NA,NA,NA,NA,NA,NA,NA,NA,NA,NA,NA,NA,606.94661,704.90546,813.99702,964.15602,1134.43183,1331.70881,1559.10663,1799.19708,1976.10327,2143.81053,2310.4952,2490.47733,2656.73252,2917.46502,3224.89944,3509.30528,NA,NA,NA,NA,NA,NA,NA,NA,NA,NA,NA,NA,NA,NA,NA,NA,NA,NA,NA,NA,NA,NA,NA,NA,NA,NA,NA,NA,NA,NA,NA,NA,NA,NA,NA,
DA12.1.0.0.0.UDGGL,EA12 (including D_W West-Germany),02 Based on ESA 2010 and former definitions (linked series),General government consolidated gross debt :- Excessive deficit procedure (based on ESA 2010) and former definitions (linked series),"Mrd ECU/EUR, Standard aggregation",NA,NA,NA,NA,NA,NA,NA,NA,NA,NA,NA,NA,NA,NA,NA,NA,NA,444.41076,525.08889,602.33637,677.14758,813.03358,990.6579,1154.74558,1361.44551,1519.02559,1724.01119,1874.31872,2036.02415,2255.32725,2497.18427,2762.50916,3006.72225,NA,NA,NA,NA,NA,NA,NA,NA,NA,NA,NA,NA,NA,NA,NA,NA,NA,NA,NA,NA,NA,NA,NA,NA,NA,NA,NA,NA,NA,NA,NA,NA,NA,NA,NA,
BEL.1.0.0.0.UDGGL,Belgium,02 Based on ESA 2010 and former definitions (linked series),General government consolidated gross debt :- Excessive deficit procedure (based on ESA 2010) and former definitions (linked series),Mrd EURO-BEF,NA,NA,NA,NA,NA,NA,NA,NA,NA,19.17805,20.49054,22.16536,24.68899,27.0834,29.67797,33.7776,38.80712,44.40927,50.43709,56.3813,68.71696,84.13867,101.14569,118.61368,133.17477,147.53961,161.26358,173.89593,186.71942,197.3474,215.71792,228.45334,242.88102,260.97647,270.93474,276.7733,276.863,278.6218,277.5972,279.6298,281.3668,286.7444,288.4892,286.3789,288.5417,295.285,297.5901,300.5993,327.7227,347.3179,364.3525,389.5359,404.8984,414.6298,431.8637,439.1931,453.1934,455.0758,460.2097,468.3848,516.4385,550.2853,580.35429,617.17527,644.19855,692.46082,729.95409,768.57296,
BGR.1.0.0.0.UDGGL,Bulgaria,02 Based on ESA 2010 and former definitions (linked series),General government consolidated gross debt :- Excessive deficit procedure (based on ESA 2010) and former definitions (linked series),Mrd EURO-BGN,NA,NA,NA,NA,NA,NA,NA,NA,NA,NA,NA,NA,NA,NA,NA,NA,NA,NA,NA,NA,NA,NA,NA,NA,NA,NA,NA,NA,NA,NA,NA,NA,NA,NA,NA,0.5012,2.7342,9.4073,9.0213,9.7087,10.1692,10.2197,8.8847,8.1259,7.5264,6.3901,5.7209,5.2968,4.8485,5.1124,5.8569,6.2849,7.0056,7.1475,11.6191,11.8714,14.1879,13.1824,12.427,12.3109,15.1315,17.0153,19.35491,21.67499,24.97687,34.6349,39.19059,44.92146,
CZE.1.0.0.0.UDGGL,Czech Republic,02 Based on ESA 2010 and former definitions (linked series),General government consolidated gross debt :- Excessive deficit procedure (based on ESA 2010) and former definitions (linked series),Mrd CZK,NA,NA,NA,NA,NA,NA,NA,NA,NA,NA,NA,NA,NA,NA,NA,NA,NA,NA,NA,NA,NA,NA,NA,NA,NA,NA,NA,NA,NA,NA,NA,NA,NA,NA,NA,216.645,211.777,240.341,300.976,342.083,405.418,585.615,695.133,795.04,873.493,910.183,973.107,1054.633,1136.774,1319.002,1480.097,1613.65,1805.307,1840.247,1818.888,1836.047,1754.737,1749.677,1734.602,1740.263,2149.655,2566.752,2997.632,3234.102,3488.5,3786.25,4098.7122,4452.03285,
DNK.1.0.0.0.UDGGL,Denmark,02 Based on ESA 2010 and former definitions (linked series),General government consolidated gross debt :- Excessive deficit procedure (based on ESA 2010) and former definitions (linked series),Mrd DKK,NA,NA,NA,NA,NA,NA,NA,NA,NA,NA,NA,18.67245,18.89607,16.99528,13.19371,16.65985,31.3071,46.4016,86.65359,120.30872,160.78433,232.79067,331.63167,420.63329,486.26639,507.22083,486.43943,478.2025,514.77249,522.74815,545.70566,575.17213,645.35134,764.43715,782.54531,774.85408,777.70544,771.43936,748.60651,737.95816,710.098,687.4619,710.2537,693.0038,697.698,625.8539,559.3487,513.925,643.1599,744.5414,836.1673,924.0113,922.073,924.6129,964.6342,904.4644,876.1649,879.176,864.6334,883.0913,1051.5461,1011.7963,943.24959,919.01388,893.97655,855.20016,853.17339,862.45062,
DEU.1.0.0.0.UDGGL,Germany,02 Based on ESA 2010 and former definitions (linked series),General government consolidated gross debt :- Excessive deficit procedure (based on ESA 2010) and former definitions (linked series),Mrd EURO-DEM,NA,NA,NA,NA,NA,NA,NA,NA,NA,NA,NA,NA,NA,NA,NA,NA,NA,NA,NA,NA,NA,NA,NA,NA,NA,NA,NA,NA,NA,NA,552.18254,615.72116,702.90121,788.12572,867.55357,1042.9346,1113.1884,1157.2089,1202.0264,1253.5979,1261.5847,1274.759,1330.0831,1419.426,1489.6709,1561.0205,1610.9037,1619.0646,1687.442,1804.696,2119.2418,2155.8757,2234.8025,2220.281,2224.5595,2197.4738,2182.375,2132.7839,2086.432,2075.7899,2347.9054,2501.6931,2569.02928,2630.54699,2693.82718,2838.23892,3033.17385,3252.62405,
D_W.1.0.0.0.UDGGL,West Germany,02 Based on ESA 2010 and former definitions (linked series),General government consolidated gross debt :- Excessive deficit procedure (based on ESA 2010) and former definitions (linked series),Mrd EURO-DEM,NA,NA,NA,NA,NA,NA,NA,NA,NA,NA,64.11702,71.44742,79.04163,85.9589,97.36889,130.00772,150.90371,167.11882,188.65239,211.00044,238.96198,278.21488,313.85345,343.25427,366.89078,388.89832,409.82498,433.99989,461.80547,475.26728,539.26671,601.00418,689.83501,NA,NA,NA,NA,NA,NA,NA,NA,NA,NA,NA,NA,NA,NA,NA,NA,NA,NA,NA,NA,NA,NA,NA,NA,NA,NA,NA,NA,NA,NA,NA,NA,NA,NA,NA,
EST.1.0.0.0.UDGGL,Estonia,02 Based on ESA 2010 and former definitions (linked series),General government consolidated gross debt :- Excessive deficit procedure (based on ESA 2010) and former definitions (linked series),Mrd EURO-EEK,NA,NA,NA,NA,NA,NA,NA,NA,NA,NA,NA,NA,NA,NA,NA,NA,NA,NA,NA,NA,NA,NA,NA,NA,NA,NA,NA,NA,NA,NA,NA,NA,NA,NA,NA,0.2275,0.2754,0.3144,0.3023,0.348,0.3156,0.3444,0.4429,0.4897,0.5045,0.537,0.6401,0.641,0.7766,1.1272,1.1779,1.2718,2.0161,2.1913,2.3549,2.267,2.272,2.2941,2.2491,2.5758,5.3206,5.7953,6.96514,7.73632,9.35307,10.03517,11.77744,14.02583,
IRL.1.0.0.0.UDGGL,Ireland,02 Based on ESA 2010 and former definitions (linked series),General government consolidated gross debt :- Excessive deficit procedure (based on ESA 2010) and former definitions (linked series),Mrd EURO-IEP,NA,NA,NA,NA,NA,NA,NA,NA,NA,NA,1.11849,1.22514,1.38866,1.5682,2.17237,3.10804,4.12632,4.80495,5.87734,7.50951,9.08402,11.90271,15.7582,19.47185,22.57213,25.21207,29.72584,32.11256,33.3088,33.98176,34.194,36.004,37.041,41.128,41.673,43.0607,42.0639,42.7354,41.3527,43.2129,39.5059,40.9949,42.0092,43.4286,43.7597,44.3812,43.7386,47.1951,79.621,104.7034,144.2266,189.7237,210.023,215.2385,203.3782,201.5748,200.5569,201.1221,205.5656,202.9357,217.2051,235.1815,223.6961,219.27692,215.57481,209.9023,208.35971,214.40623,
GRC.1.0.0.0.UDGGL,Greece,02 Based on ESA 2010 and former definitions (linked series),General government consolidated gross debt :- Excessive deficit procedure (based on ESA 2010) and former definitions (linked series),Mrd EURO-GRD,NA,NA,NA,NA,NA,NA,NA,NA,NA,NA,0.20902,0.23665,0.28671,0.30907,0.47314,0.49435,0.5987,0.7073,1.11927,1.3575,1.61746,2.30064,3.26574,4.47474,6.63998,9.46874,11.75004,14.87579,19.78161,24.73005,33.0052,42.09607,51.9918,73.4184,81.60581,92.124,104.413,114.083,122.037,132.326,148.217,162.971,171.41,181.51,199.282,213.976,225.73,239.915,264.775,301.062,330.57,356.235,305.085,321.257,321.631,314.987,319.425,323.004,341.416,339.201,350.798,364.141,368.005,369.11,364.964,362.925,365.96336,364.57207,
ESP.1.0.0.0.UDGGL,Spain,02 Based on ESA 2010 and former definitions (linked series),General government consolidated gross debt :- Excessive deficit procedure (based on ESA 2010) and former definitions (linked series),Mrd EURO-ESP,NA,NA,NA,NA,NA,NA,NA,NA,NA,NA,2.47704,2.91831,3.12267,3.32161,3.90153,4.67678,5.52858,7.63669,9.44217,12.44006,16.03535,22.03053,31.57397,43.43893,58.79429,74.35702,87.9087,99.04303,101.02213,117.2305,136.25228,152.13965,173.05779,223.20024,248.49627,283.4573,319.9758,333.6273,346.417,362.2235,374.5572,378.8834,384.1453,382.775,389.8879,393.4791,392.1322,384.662,440.621,569.5354,649.1525,743.0432,927.8133,1025.8052,1085.1654,1114.129,1145.655,1184.1483,1209.7418,1224.3638,1346.9164,1429.4036,1504.10507,1575.37674,1620.57339,1698.22458,1765.92009,1833.03219,
FRA.1.0.0.0.UDGGL,France,02 Based on ESA 2010 and former definitions (linked series),General government consolidated gross debt :- Excessive deficit procedure (based on ESA 2010) and former definitions (linked series),Mrd EURO-FRF,NA,NA,NA,NA,NA,NA,NA,NA,NA,NA,NA,NA,NA,NA,NA,NA,NA,63.53755,76.98458,87.55938,97.4997,116.4286,153.86341,179.77168,212.97657,240.78831,263.62988,297.36351,320.20509,352.45824,384.4999,407.23573,465.39716,545.02544,602.76387,701.6383,755.5848,799.3788,836.0594,856.9435,880.0048,907.6726,966.8225,1060.4064,1134.3469,1201.4707,1207.3127,1268.8587,1389.4016,1627.1822,1722.1722,1830.1363,1915.8352,2004.9582,2071.1245,2134.871,2190.5246,2263.2858,2320.7371,2387.399,2663.852,2828.781,2955.63906,3103.248,3306.09667,3460.46507,3626.44456,3806.77283,
HRV.1.0.0.0.UDGGL,Croatia,02 Based on ESA 2010 and former definitions (linked series),General government consolidated gross debt :- Excessive deficit procedure (based on ESA 2010) and former definitions (linked series),Mrd EURO-HRK,NA,NA,NA,NA,NA,NA,NA,NA,NA,NA,NA,NA,NA,NA,NA,NA,NA,NA,NA,NA,NA,NA,NA,NA,NA,NA,NA,NA,NA,NA,NA,NA,NA,NA,NA,3.6614,4.3872,4.8449,4.9143,6.4337,8.492,9.4235,10.3154,11.7929,13.4395,14.7974,15.1562,16.0434,18.1185,21.4115,25.2735,28.5297,30.8408,35.8184,37.344,38.0502,37.7015,37.8847,38.0385,38.9187,43.8819,45.6289,46.34729,48.26386,49.28399,52.37078,55.92783,58.58695,
ITA.1.0.0.0.UDGGL,Italy,02 Based on ESA 2010 and former definitions (linked series),General government consolidated gross debt :- Excessive deficit procedure (based on ESA 2010) and former definitions (linked series),Mrd EURO-ITL,4.0321,4.283,4.6425,4.9899,5.4688,6.14,7.8372,8.5875,10.0247,11.2842,13.0866,16.1459,20.1079,25.7803,32.4038,41.8994,52.3175,62.4596,79.0918,94.8005,114.066,142.4271,181.5678,232.3855,286.7444,347.5926,404.3359,463.0834,524.5284,591.6187,667.8477,755.0109,849.9205,959.7135,1069.4151,1179.5887,1245.7314,1275.6777,1299.7413,1331.3206,1353.5693,1420.0266,1436.1418,1470.9509,1526.4721,1591.6742,1657.4786,1677.8966,1739.1086,1839.8055,1921.4435,1974.4075,2055.8398,2137.7049,2205.1141,2241.9396,2288.6311,2333.1366,2385.7364,2415.6456,2578.1773,2686.7429,2764.4812,2869.97618,2967.00408,3095.8876,3204.78928,3302.85728,
CYP.1.0.0.0.UDGGL,Cyprus,02 Based on ESA 2010 and former definitions (linked series),General government consolidated gross debt :- Excessive deficit procedure (based on ESA 2010) and former definitions (linked series),Mrd EURO-CYP,NA,NA,NA,NA,NA,NA,NA,NA,NA,NA,NA,NA,NA,NA,NA,NA,NA,NA,NA,NA,NA,NA,NA,NA,NA,NA,NA,NA,NA,NA,NA,NA,NA,NA,NA,3.8195,4.0705,4.5941,5.1105,5.5009,5.9826,6.6276,7.2774,8.2964,9.0777,9.5026,9.599,9.75,8.9546,10.7653,11.6927,13.8774,16.4445,19.5331,19.8399,20.0249,20.3298,19.5972,21.9646,21.5975,25.4173,24.778,23.7448,23.0563,21.8136,20.07825,19.261,18.26001,
LVA.1.0.0.0.UDGGL,Latvia,02 Based on ESA 2010 and former definitions (linked series),General government consolidated gross debt :- Excessive deficit procedure (based on ESA 2010) and former definitions (linked series),Mrd EURO-LVL,NA,NA,NA,NA,NA,NA,NA,NA,NA,NA,NA,NA,NA,NA,NA,NA,NA,NA,NA,NA,NA,NA,NA,NA,NA,NA,NA,NA,NA,NA,NA,NA,NA,NA,NA,0.5636,0.6201,0.5743,0.5427,0.757,0.8292,1.0325,1.0934,1.3494,1.6173,1.6234,1.7226,1.9175,4.5466,7.0213,8.6178,8.9065,9.2961,9.172,9.8179,9.0891,10.2241,10.4926,10.784,11.2091,12.8695,14.8098,16.0389,17.5785,18.80147,20.1739,21.97128,25.08764,
LTU.1.0.0.0.UDGGL,Lithuania,02 Based on ESA 2010 and former definitions (linked series),General government consolidated gross debt :- Excessive deficit procedure (based on ESA 2010) and former definitions (linked series),Mrd EURO-LTL,NA,NA,NA,NA,NA,NA,NA,NA,NA,NA,NA,NA,NA,NA,NA,NA,NA,NA,NA,NA,NA,NA,NA,NA,NA,NA,NA,NA,NA,NA,NA,NA,NA,NA,NA,0.8945,1.3515,1.8022,2.1537,2.8856,3.14,3.2498,3.3654,3.3947,3.4045,3.7019,4.1519,4.6097,4.7621,7.5285,10.1536,11.6317,13.2662,13.5525,14.829,15.8824,15.4484,16.5418,15.3226,17.5261,23.0625,24.5701,25.70264,27.58052,29.99224,33.25896,40.00758,45.7179,
LUX.1.0.0.0.UDGGL,Luxembourg,02 Based on ESA 2010 and former definitions (linked series),General government consolidated gross debt :- Excessive deficit procedure (based on ESA 2010) and former definitions (linked series),Mrd EURO-LUF,NA,NA,NA,NA,NA,NA,NA,NA,NA,NA,0.49833,0.51059,0.51156,0.50607,0.5022,0.5064,0.52865,0.54994,0.55575,0.55929,0.59155,0.65735,0.73024,0.84958,0.93764,0.94667,1.0086,0.917,0.8141,0.76121,0.6796,0.6506,0.81221,1.12024,1.10504,1.5443,1.5965,1.6423,1.6462,1.6592,1.7226,1.8204,1.8628,1.9499,2.2072,2.4074,2.8041,3.0459,5.8524,5.969,8.0945,8.2012,9.7003,11.0006,11.3233,11.442,11.0154,12.6821,12.5624,13.9428,15.8234,17.6643,19.10734,20.2678,22.63811,23.6951,27.27676,29.47028,
HUN.1.0.0.0.UDGGL,Hungary,02 Based on ESA 2010 and former definitions (linked series),General government consolidated gross debt :- Excessive deficit procedure (based on ESA 2010) and former definitions (linked series),Mrd HUF,NA,NA,NA,NA,NA,NA,NA,NA,NA,NA,NA,NA,NA,NA,NA,NA,NA,NA,NA,NA,NA,NA,NA,NA,NA,NA,NA,NA,NA,NA,NA,NA,NA,NA,NA,4910.985,5087.831,5506.525,6319.828,7029.46,7422.219,8046.338,9689.629,11116.431,12422.728,13674.097,15684.968,16873.887,19553.724,20694.74,21989.864,22927.097,22662.231,23431.201,25109.361,26491.901,27105.326,28322.513,29972.179,31155.776,38405.172,42345.225,48854.681,55132.774,59866.887,64911.638,69090.3288,74435.99499,
MLT.1.0.0.0.UDGGL,Malta,02 Based on ESA 2010 and former definitions (linked series),General government consolidated gross debt :- Excessive deficit procedure (based on ESA 2010) and former definitions (linked series),Mrd EURO-MTL,NA,NA,NA,NA,NA,NA,NA,NA,NA,NA,NA,NA,NA,NA,NA,NA,NA,NA,NA,NA,NA,NA,NA,NA,NA,NA,NA,NA,NA,NA,NA,NA,NA,NA,NA,1.0449,1.236,1.5822,1.8415,2.3611,2.5192,2.781,2.8516,3.2856,3.4898,3.6064,3.4729,3.5846,3.837,4.1527,4.4625,4.8483,4.9074,5.2796,5.4358,5.6267,5.7743,5.711,5.6688,5.7241,7.0079,8.2976,9.04044,9.81789,10.6211,11.39708,12.05204,12.73243,
NLD.1.0.0.0.UDGGL,Netherlands,02 Based on ESA 2010 and former definitions (linked series),General government consolidated gross debt :- Excessive deficit procedure (based on ESA 2010) and former definitions (linked series),Mrd EURO-NLG,NA,NA,NA,NA,NA,NA,NA,NA,NA,NA,NA,NA,NA,NA,NA,44.67362,50.59112,54.416,60.59861,67.58514,76.75664,87.2484,100.79654,116.21046,129.76481,145.59218,153.94061,160.53522,173.35025,183.58456,194.68167,204.9157,215.77358,225.22054,228.41146,241.459,246.449,243.27,247.875,246.6,236.233,239.037,245.253,256.822,266.661,274.598,264.472,266.545,353.866,355.057,379.043,401.579,432.723,447.245,456.028,446.179,438.36,420.269,405.87,395.401,436.093,450.239,481.145,481.481,491.055,523.541,576.78466,597.93722,
AUT.1.0.0.0.UDGGL,Austria,02 Based on ESA 2010 and former definitions (linked series),General government consolidated gross debt :- Excessive deficit procedure (based on ESA 2010) and former definitions (linked series),Mrd EURO-ATS,NA,NA,NA,NA,NA,NA,NA,NA,NA,NA,5.38449,5.65768,6.20144,7.02889,8.05992,11.61583,14.70746,17.69943,21.09067,24.43084,27.36971,30.56761,34.88758,41.16004,45.69492,50.20152,57.56784,64.11282,68.68698,72.54154,77.40635,83.28867,87.82186,98.17462,108.34014,120.65,124.5966,119.998,125.6502,136.2161,141.5432,147.5025,151.8,153.1069,158.5457,175.2039,181.3044,185.73,202.9147,231.1727,245.9854,256.8759,262.5654,264.761,281.2892,292.8737,296.6931,290.3728,285.8402,280.9753,316.3598,334.7306,351.14397,371.62141,395.0511,418.0785,439.28029,463.73824,
POL.1.0.0.0.UDGGL,Poland,02 Based on ESA 2010 and former definitions (linked series),General government consolidated gross debt :- Excessive deficit procedure (based on ESA 2010) and former definitions (linked series),Mrd PLN,NA,NA,NA,NA,NA,NA,NA,NA,NA,NA,NA,NA,NA,NA,NA,NA,NA,NA,NA,NA,NA,NA,NA,NA,NA,NA,NA,NA,NA,NA,NA,NA,NA,NA,NA,163.971,182.86,220.697,232.934,262.437,272.317,291.181,338.665,394.461,420.945,461.625,505.534,528.434,600.811,683.702,774.854,856.727,883.671,931.219,874.417,923.894,1010.022,1007.29,1035.859,1046.153,1337.044,1410.966,1512.812,1691.261,2012.64,2335.153,2693.08659,3014.40156,
PRT.1.0.0.0.UDGGL,Portugal,02 Based on ESA 2010 and former definitions (linked series),General government consolidated gross debt :- Excessive deficit procedure (based on ESA 2010) and former definitions (linked series),Mrd EURO-PTE,NA,NA,NA,NA,NA,NA,NA,NA,NA,NA,NA,NA,NA,0.27369,0.32205,0.52925,0.81008,1.14093,1.5696,2.2379,2.56435,3.90038,5.15837,7.15885,9.6512,13.72689,16.88204,19.04169,22.56773,25.97904,31.56717,37.80726,38.17715,43.60073,49.61271,55.3889,59.7361,60.0841,61.93,66.2669,69.5918,77.908,85.5266,93.3209,102.1546,114.5427,122.4674,127.5708,135.2091,153.6244,179.6529,201.0444,216.7467,223.3133,229.3913,235.0461,244.4947,246.3986,248.2772,249.0436,269.5777,268.1885,271.35762,261.8891,270.90194,275.06277,281.0648,288.22659,
ROM.1.0.0.0.UDGGL,Romania,02 Based on ESA 2010 and former definitions (linked series),General government consolidated gross debt :- Excessive deficit procedure (based on ESA 2010) and former definitions (linked series),Mrd RON,NA,NA,NA,NA,NA,NA,NA,NA,NA,NA,NA,NA,NA,NA,NA,NA,NA,NA,NA,NA,NA,NA,NA,NA,NA,NA,NA,NA,NA,NA,NA,NA,NA,NA,NA,0.5032,1.2097,3.8402,6.2175,11.9745,18.1856,30.3685,37.795,42.4317,46.3568,45.6257,42.5834,50.8665,66.57,115.6017,156.5213,189.9397,219.7515,238.6393,261.7873,268.7113,284.5596,300.3006,329.8876,372.9026,498.5713,576.3387,665.49079,784.23528,964.80786,1137.32368,1269.2354,1401.62376,
SVN.1.0.0.0.UDGGL,Slovenia,02 Based on ESA 2010 and former definitions (linked series),General government consolidated gross debt :- Excessive deficit procedure (based on ESA 2010) and former definitions (linked series),Mrd EURO-SIT,NA,NA,NA,NA,NA,NA,NA,NA,NA,NA,NA,NA,NA,NA,NA,NA,NA,NA,NA,NA,NA,NA,NA,NA,NA,NA,NA,NA,NA,NA,NA,NA,NA,NA,NA,1.9264,2.6191,3.0521,3.4895,4.0845,4.8863,5.5116,6.4424,6.8586,7.4312,7.6856,8.2015,8.0157,8.2632,12.5193,13.9182,17.2195,19.4307,25.5303,30.239,32.1109,31.7826,31.9222,32.2813,31.7931,37.4703,38.9295,41.39466,43.73886,44.75505,46.32357,48.30232,51.02586,
SVK.1.0.0.0.UDGGL,Slovakia,02 Based on ESA 2010 and former definitions (linked series),General government consolidated gross debt :- Excessive deficit procedure (based on ESA 2010) and former definitions (linked series),Mrd EURO-SKK,NA,NA,NA,NA,NA,NA,NA,NA,NA,NA,NA,NA,NA,NA,NA,NA,NA,NA,NA,NA,NA,NA,NA,NA,NA,NA,NA,NA,NA,NA,NA,NA,NA,NA,NA,4.2684,6.7499,8.0678,9.071,13.4846,16.0053,17.6171,17.0142,17.9841,19.3172,17.5888,17.7678,19.1897,19.6298,23.3207,27.9399,30.9942,38.108,40.7629,40.8782,41.4736,42.5539,43.6539,44.4792,45.3919,55.0909,61.3559,63.50857,68.88225,77.73484,83.95681,91.10041,99.73175,
FIN.1.0.0.0.UDGGL,Finland,02 Based on ESA 2010 and former definitions (linked series),General government consolidated gross debt :- Excessive deficit procedure (based on ESA 2010) and former definitions (linked series),Mrd EURO-FIM,NA,NA,NA,NA,NA,NA,NA,NA,NA,NA,0.91577,0.90821,0.9638,0.95701,0.95881,1.18,1.257,1.756,2.747,3.232,3.773,4.377,5.904,7.302,8.082,9.188,10.273,11.919,12.657,12.224,12.547,18.996,33.25,46.404,50.95,54.351,56.458,57.858,56.414,55.913,61.564,62.825,63.299,68.508,71.335,69.397,69.532,67.34,67.435,80.2,94.286,102.829,115.931,123.75,133.42,144.537,148.088,149.611,151.569,155.819,178.04,181.911,196.844,210.338,227.339,248.433,263.77944,278.45819,
SWE.1.0.0.0.UDGGL,Sweden,02 Based on ESA 2010 and former definitions (linked series),General government consolidated gross debt :- Excessive deficit procedure (based on ESA 2010) and former definitions (linked series),Mrd SEK,NA,NA,NA,NA,NA,NA,NA,NA,NA,NA,48.76719,53.41169,58.14907,63.16512,72.26833,82.48622,87.03783,102.73622,132.2752,169.89561,218.29124,287.11459,375.07224,447.80259,513.42019,553.99291,602.17928,576.73367,563.91069,561.30602,593.2633,763.44955,962.39827,1094.16821,1208.82,1309.95,1357.09,1370.761,1424.235,1376.818,1215.086,1302.297,1297.728,1335.922,1375.773,1434.126,1369.525,1301.073,1290.187,1372.887,1374.837,1400.289,1419.953,1566.661,1825.921,1895.073,1896.769,1917.556,1919.259,1808.407,2029.284,2017.609,2001.233,1980.795,2186.716,2305.401,2473.87324,2650.40318,
GBR.1.0.0.0.UDGGL,United Kingdom,02 Based on ESA 2010 and former definitions (linked series),General government consolidated gross debt :- Excessive deficit procedure (based on ESA 2010) and former definitions (linked series),Mrd GBP,NA,NA,NA,NA,NA,NA,NA,NA,NA,NA,41.41513,43.99309,45.80995,49.0721,55.60339,66.12398,77.4586,88.53653,97.83756,108.43805,125.49692,138.37872,148.39989,162.83386,180.6828,191.2803,199.27786,208.77665,202.19542,192.6307,193.77635,205.79798,243.30644,296.33871,336.20614,378.92394,405.77262,420.757,419.066,421.574,414.826,400.663,422.18,462.61,526.43,573.493,619.114,666.88,809.985,1005.405,1220.252,1353.765,1447.791,1519.787,1622.146,1683.93,1749.168,1806.064,1858.505,1913.591,2226.431,2402.71,2516.235,2720.318,2887.047,3107.182,3260.80841,3407.69176,
ALB.1.0.0.0.UDGGL,Albania,02 Based on ESA 2010 and former definitions (linked series),General government consolidated gross debt :- Excessive deficit procedure (based on ESA 2010) and former definitions (linked series),(National currency),NA,NA,NA,NA,NA,NA,NA,NA,NA,NA,NA,NA,NA,NA,NA,NA,NA,NA,NA,NA,NA,NA,NA,NA,NA,NA,NA,NA,NA,NA,NA,NA,NA,NA,NA,NA,NA,NA,NA,NA,NA,NA,NA,NA,NA,NA,NA,NA,NA,NA,715.518,772.732,828.265,885.079,977.965,1043.229,1066.611,1088.169,NA,NA,NA,NA,NA,NA,NA,NA,NA,NA,
MNE.1.0.0.0.UDGGL,Montenegro,02 Based on ESA 2010 and former definitions (linked series),General government consolidated gross debt :- Excessive deficit procedure (based on ESA 2010) and former definitions (linked series),Mrd EUR,NA,NA,NA,NA,NA,NA,NA,NA,NA,NA,NA,NA,NA,NA,NA,NA,NA,NA,NA,NA,NA,NA,NA,NA,NA,NA,NA,NA,NA,NA,NA,NA,NA,NA,NA,NA,NA,NA,NA,NA,NA,NA,1.03,0.608,0.757,0.7004,0.7011,0.7372,0.8947,1.1402,1.2707,1.4835,1.6995,1.933,2.0717,2.4188,2.5461,2.7588,NA,NA,NA,NA,NA,NA,NA,NA,NA,NA,
MKD.1.0.0.0.UDGGL,North Macedonia,02 Based on ESA 2010 and former definitions (linked series),General government consolidated gross debt :- Excessive deficit procedure (based on ESA 2010) and former definitions (linked series),Mrd MKD,NA,NA,NA,NA,NA,NA,NA,NA,NA,NA,NA,NA,NA,NA,NA,NA,NA,NA,NA,NA,NA,NA,NA,NA,NA,NA,NA,NA,NA,NA,NA,NA,NA,NA,NA,NA,NA,NA,NA,66.955,113.285,114.118,104.633,97.969,97.096,113.33815,102.40691,87.49412,84.98013,97.86939,105.24705,128.77446,157.18247,170.68899,201.0496,212.76127,237.23507,243.74635,NA,NA,NA,NA,NA,NA,NA,NA,NA,NA,
SRB.1.0.0.0.UDGGL,Serbia,02 Based on ESA 2010 and former definitions (linked series),General government consolidated gross debt :- Excessive deficit procedure (based on ESA 2010) and former definitions (linked series),Mrd RSD,NA,NA,NA,NA,NA,NA,NA,NA,NA,NA,NA,NA,NA,NA,NA,NA,NA,NA,NA,NA,NA,NA,NA,NA,NA,NA,NA,NA,NA,NA,NA,NA,NA,NA,NA,NA,NA,NA,NA,NA,831.25253,802.07619,709.22537,753.02371,763.27292,879.16868,738.81185,703.24873,778.03938,944.40824,1282.53583,1614.22947,2081.25135,2369.01931,2808.16714,3072.28702,3110.79745,2790.50069,2757.29543,2863.95531,3181.22609,3581.76547,3945.80567,4266.56321,4576.5359,4614,4962.93624,5312.53991,
TUR.1.0.0.0.UDGGL,Türkiye,02 Based on ESA 2010 and former definitions (linked series),General government consolidated gross debt :- Excessive deficit procedure (based on ESA 2010) and former definitions (linked series),Mrd TRY,NA,NA,NA,NA,NA,NA,NA,NA,NA,NA,NA,NA,NA,NA,NA,NA,NA,NA,NA,NA,NA,NA,NA,NA,NA,NA,NA,NA,NA,NA,NA,NA,NA,NA,NA,NA,NA,NA,NA,NA,NA,NA,NA,NA,NA,NA,NA,NA,NA,NA,NA,NA,NA,NA,NA,NA,NA,NA,NA,1373.21833,1969.14558,2892.4573,4510.84873,7650.82164,10521.1,14991.54307,20736.77849,26779.12447,
ISL.1.0.0.0.UDGGL,Iceland,02 Based on ESA 2010 and former definitions (linked series),General government consolidated gross debt :- Excessive deficit procedure (based on ESA 2010) and former definitions (linked series),Mrd ISK,NA,NA,NA,NA,NA,NA,NA,NA,NA,NA,NA,NA,NA,NA,NA,NA,NA,NA,NA,NA,NA,NA,NA,NA,NA,NA,NA,NA,NA,NA,NA,NA,NA,NA,NA,267611,274447,279351,265216,497639,537821,668.96,701761,745818,784696,731653,865981,948735,1754.26,2094.36,2238.06,2438.82,2471.13,2402.8,2405.56,2248.99,2071.73,1895.4,1798.77,2013.2,2270.44,2451.64,2621.71,2689.56,2727.28,2326.2,2408.62409,2448.66937,
NOR.1.0.0.0.UDGGL,Norway,02 Based on ESA 2010 and former definitions (linked series),General government consolidated gross debt :- Excessive deficit procedure (based on ESA 2010) and former definitions (linked series),Mrd NOK,NA,NA,NA,NA,NA,NA,NA,NA,NA,NA,NA,NA,NA,NA,NA,NA,NA,NA,NA,NA,NA,NA,NA,NA,NA,NA,NA,NA,NA,NA,NA,NA,NA,NA,NA,NA,NA,NA,NA,NA,430.505,424.568,527.258,677.804,768.0985,830.362,1161.5793,1164.4552,1233.5428,1027.8846,1108.3786,810.594,892.34,947.629,898.331,1036.984,1151.561,1242.144,1387.702,1432.275,1560.872,1784.496,2080.514,2266.475,2861.236,NA,2760.50404,2644.97044,
JPN.1.0.0.0.UDGGL,Japan,02 Based on ESA 2010 and former definitions (linked series),General government consolidated gross debt :- Excessive deficit procedure (based on ESA 2010) and former definitions (linked series),Mrd JPY,NA,NA,NA,NA,NA,NA,NA,NA,NA,NA,8254.78516,10066.68625,15248.71379,18181.10949,22817.90753,31876.50607,45709.8105,60715.12358,84586.8605,102334.0804,123738.926,145038.3,166617.3,191704.6,209705.2,232523.5,264667,283065.9,288184.9,281739.7,291689.2,306569.4,336606.4,367463.7,426269,491515.8,531245.9,569804.9,622583.4,681369.5,726279.7,767939,809191.3,838714.9,894288.3,824534.506,822212.291,819298.896,819328.4,863188.448,911001.331,954996.597,996319.4,1035107.8,1075686.6,1098527.7,1123867.8,1147819.8,1159482.5,1179850,1267561.9,1277243.6,1332586,1357133.4,1360332.8,1370825.573,1379464.936,1395407.522,
USA.1.0.0.0.UDGGL,United States,02 Based on ESA 2010 and former definitions (linked series),General government consolidated gross debt :- Excessive deficit procedure (based on ESA 2010) and former definitions (linked series),Mrd USD,NA,NA,NA,NA,NA,NA,NA,NA,NA,431.54231,460.65517,506.73087,538.93665,566.63144,601.94815,706.98474,789.69252,857.72404,947.80689,1029.79121,1138.53245,1251.40629,1449.02312,1670.11836,1914.76228,2240.88059,2509.5633,2737.66422,2979.84858,3216.01559,3483.85107,3851.07767,4216.87233,4535.68705,4800.14995,4988.66498,5323.17175,5502.38801,5614.21702,5776.09131,5662.21601,5943.43856,6405.70746,6997.96425,7596.1428,8170.42454,8680.22438,9229.17266,10699.80486,12311.34968,14025.21522,15222.94005,16432.73005,17351.97078,18141.44414,18922.17901,19976.82695,20492.74655,21974.09571,23201.38013,27747.79795,29617.21486,31419.68942,34001.49366,36218.60531,38514.00918,41030.00414,43621.08102,
EU27.1.0.99.0.UDGGL,European Union,02 Based on ESA 2010 and former definitions (linked series),General government consolidated gross debt :- Excessive deficit procedure (based on ESA 2010) and former definitions (linked series),"Mrd ECU/EUR, Standard aggregation",NA,NA,NA,NA,NA,NA,NA,NA,NA,NA,NA,NA,NA,NA,NA,NA,NA,NA,NA,NA,NA,NA,NA,NA,NA,NA,NA,NA,NA,NA,NA,NA,NA,NA,NA,4480.99298,4765.45218,4848.5911,5003.10969,5179.02022,5248.11428,5431.90829,5616.00237,5876.57248,6174.50872,6453.90235,6608.9438,6729.93127,7249.94443,8068.0853,8902.67691,9386.03596,9937.97988,10293.23987,10558.78381,10705.92297,10859.83305,10971.46051,11072.48472,11173.72721,12389.09339,13064.38497,13547.6075,14122.64694,14766.06143,15587.80564,16445.91419,17304.93412,
EU15.1.0.99.0.UDGGL,European Union (15 countries),02 Based on ESA 2010 and former definitions (linked series),General government consolidated gross debt :- Excessive deficit procedure (based on ESA 2010) and former definitions (linked series),"Mrd ECU/EUR, Standard aggregation",NA,NA,NA,NA,NA,NA,NA,NA,NA,NA,NA,NA,NA,NA,NA,NA,NA,NA,NA,NA,NA,NA,NA,NA,NA,NA,NA,NA,NA,NA,2929.83612,3239.04019,3522.37296,3966.74744,4312.45264,4816.57776,5202.73388,5354.27008,5467.48635,5708.13489,5746.87547,5892.04666,6053.2439,6315.16519,6665.82728,7010.92773,7223.96177,7304.49424,7749.36274,8786.37348,9841.41426,10511.59592,11155.0427,11533.68319,12060.85409,12396.00614,12278.41854,12360.40037,12494.53678,12749.36912,14057.2224,15041.27181,15428.70279,16162.35167,17011.73448,17735.2871,18620.25007,19484.0259,
EA19.1.0.99.0.UDGGL,Euro area (19 countries),02 Based on ESA 2010 and former definitions (linked series),General government consolidated gross debt :- Excessive deficit procedure (based on ESA 2010) and former definitions (linked series),"Mrd ECU/EUR, Standard aggregation",NA,NA,NA,NA,NA,NA,NA,NA,NA,NA,NA,NA,NA,NA,NA,NA,NA,NA,NA,NA,NA,NA,NA,NA,NA,NA,NA,NA,NA,NA,NA,NA,NA,NA,NA,4124.67439,4406.31792,4482.54668,4642.99634,4796.35536,4878.91532,5034.15504,5201.31921,5455.53022,5713.45977,5978.2959,6118.92946,6234.17346,6744.70372,7486.6962,8236.1835,8698.2362,9195.4326,9525.9662,9777.6829,9900.7207,10047.3973,10142.1028,10246.707,10344.7191,11403.4256,12027.498,12471.30308,12928.69805,13432.2952,14072.13841,14767.26298,15467.24954,
EA20.1.0.99.0.UDGGL,Euro area (20 countries),02 Based on ESA 2010 and former definitions (linked series),General government consolidated gross debt :- Excessive deficit procedure (based on ESA 2010) and former definitions (linked series),"Mrd ECU/EUR, Standard aggregation",NA,NA,NA,NA,NA,NA,NA,NA,NA,NA,NA,NA,NA,NA,NA,NA,NA,NA,NA,NA,NA,NA,NA,NA,NA,NA,NA,NA,NA,NA,NA,NA,NA,NA,NA,4128.63676,4411.08018,4487.79156,4648.07595,4802.66405,4887.35635,5043.8164,5211.71672,5467.15252,5726.67046,5993.4205,6134.46526,6250.66266,6763.26314,7508.7955,8261.457,8726.7659,9226.2734,9561.7846,9815.0269,9938.7709,10085.0988,10179.9875,10284.7455,10383.6378,11447.3075,12073.1269,12517.65037,12976.96191,13481.57918,14124.50919,14823.1908,15525.83649,
EA21.1.0.99.0.UDGGL,Euro area (21 countries),02 Based on ESA 2010 and former definitions (linked series),General government consolidated gross debt :- Excessive deficit procedure (based on ESA 2010) and former definitions (linked series),"Mrd ECU/EUR, Standard aggregation",NA,NA,NA,NA,NA,NA,NA,NA,NA,NA,NA,NA,NA,NA,NA,NA,NA,NA,NA,NA,NA,NA,NA,NA,NA,NA,NA,NA,NA,NA,NA,NA,NA,NA,NA,4139.18663,4419.83753,4497.10133,4657.09725,4812.3729,4897.53351,5054.08614,5220.60701,5475.27896,5734.19659,5999.80907,6140.18625,6255.95954,6768.11172,7513.90798,8267.31399,8733.0509,9233.27911,9568.93221,9826.64618,9950.64248,10099.28692,10193.1701,10297.17269,10395.94889,11462.43923,12090.14246,12537.00558,12998.63723,13506.55643,14159.14409,14862.3814,15570.75795,
EA12.1.0.99.0.UDGGL,Euro area (12 countries),02 Based on ESA 2010 and former definitions (linked series),General government consolidated gross debt :- Excessive deficit procedure (based on ESA 2010) and former definitions (linked series),"Mrd ECU/EUR, Standard aggregation",NA,NA,NA,NA,NA,NA,NA,NA,NA,NA,NA,NA,NA,NA,NA,NA,NA,NA,NA,NA,NA,NA,NA,NA,NA,NA,NA,NA,NA,NA,2509.55538,2776.64991,3019.78993,3355.39476,3648.99792,4112.50541,4390.6369,4463.76656,4622.84072,4770.09592,4849.4603,5001.1448,5166.8425,5418.5835,5672.8647,5937.4357,6075.4658,6188.423,6693.9691,7420.3255,8158.2209,8609.4868,9091.9636,9409.9445,9654.2882,9774.2461,9919.0122,10011.89,10113.9574,10208.9015,11237.1866,11848.9618,12284.90794,12730.30741,13219.22382,13846.91467,14522.79089,15200.66813,
DU15.1.0.99.0.UDGGL,EU15 (including D_W West-Germany),02 Based on ESA 2010 and former definitions (linked series),General government consolidated gross debt :- Excessive deficit procedure (based on ESA 2010) and former definitions (linked series),"Mrd ECU/EUR, Standard aggregation",NA,NA,NA,NA,NA,NA,NA,NA,NA,NA,NA,NA,NA,NA,NA,NA,NA,606.94661,704.90546,813.99702,964.15602,1134.43183,1331.70881,1559.10663,1799.19708,1976.10327,2143.81053,2310.4952,2490.47733,2656.73252,2917.46502,3224.89944,3509.30528,NA,NA,NA,NA,NA,NA,NA,NA,NA,NA,NA,NA,NA,NA,NA,NA,NA,NA,NA,NA,NA,NA,NA,NA,NA,NA,NA,NA,NA,NA,NA,NA,NA,NA,NA,
DA12.1.0.99.0.UDGGL,EA12 (including D_W West-Germany),02 Based on ESA 2010 and former definitions (linked series),General government consolidated gross debt :- Excessive deficit procedure (based on ESA 2010) and former definitions (linked series),"Mrd ECU/EUR, Standard aggregation",NA,NA,NA,NA,NA,NA,NA,NA,NA,NA,NA,NA,NA,NA,NA,NA,NA,444.41076,525.08889,602.33637,677.14758,813.03358,990.6579,1154.74558,1361.44551,1519.02559,1724.01119,1874.31872,2036.02415,2255.32725,2497.18427,2762.50916,3006.72225,NA,NA,NA,NA,NA,NA,NA,NA,NA,NA,NA,NA,NA,NA,NA,NA,NA,NA,NA,NA,NA,NA,NA,NA,NA,NA,NA,NA,NA,NA,NA,NA,NA,NA,NA,
BEL.1.0.99.0.UDGGL,Belgium,02 Based on ESA 2010 and former definitions (linked series),General government consolidated gross debt :- Excessive deficit procedure (based on ESA 2010) and former definitions (linked series),Mrd ECU/EUR,NA,NA,NA,NA,NA,NA,NA,NA,NA,15.13665,16.21107,17.84236,20.50082,23.31675,26.35938,29.58244,38.50161,44.3943,51.30912,56.41179,67.06251,81.30333,90.02966,103.80012,120.13956,133.31242,150.47376,162.55644,172.85301,186.91243,206.28816,219.78557,243.86155,261.3198,279.08809,288.51714,278.50476,275.69941,277.5972,279.6298,281.3668,286.7444,288.4892,286.3789,288.5417,295.285,297.5901,300.5993,327.7227,347.3179,364.3525,389.5359,404.8984,414.6298,431.8637,439.1931,453.1934,455.0758,460.2097,468.3848,516.4385,550.2853,580.35429,617.17527,644.19855,692.46082,729.95409,768.57296,
BGR.1.0.99.0.UDGGL,Bulgaria,02 Based on ESA 2010 and former definitions (linked series),General government consolidated gross debt :- Excessive deficit procedure (based on ESA 2010) and former definitions (linked series),Mrd ECU/EUR,NA,NA,NA,NA,NA,NA,NA,NA,NA,NA,NA,NA,NA,NA,NA,NA,NA,NA,NA,NA,NA,NA,NA,NA,NA,NA,NA,NA,NA,NA,NA,NA,NA,NA,NA,10.54987,8.75735,9.30977,9.0213,9.70885,10.17716,10.26974,8.89029,8.12644,7.52613,6.38856,5.72099,5.29688,4.84857,5.11248,5.85699,6.285,7.00571,7.14761,11.61928,11.87158,14.18812,13.1826,12.42719,12.31109,15.13173,17.01556,19.35521,21.67532,24.97725,34.6349,39.19059,44.92146,
CZE.1.0.99.0.UDGGL,Czech Republic,02 Based on ESA 2010 and former definitions (linked series),General government consolidated gross debt :- Excessive deficit procedure (based on ESA 2010) and former definitions (linked series),Mrd ECU/EUR,NA,NA,NA,NA,NA,NA,NA,NA,NA,NA,NA,NA,NA,NA,NA,NA,NA,NA,NA,NA,NA,NA,NA,NA,NA,NA,NA,NA,NA,NA,NA,NA,NA,NA,NA,6.19971,6.18383,6.32029,8.55194,9.4752,11.56784,18.32223,22.0139,24.5307,28.67296,31.38562,35.40502,39.60617,42.29857,49.82442,59.05977,62.5761,71.77874,67.09618,65.58096,67.94386,64.93975,68.52074,67.43127,68.49272,81.91658,103.25658,124.30055,130.8082,138.51499,156.21777,168.38555,182.89662,
DNK.1.0.99.0.UDGGL,Denmark,02 Based on ESA 2010 and former definitions (linked series),General government consolidated gross debt :- Excessive deficit procedure (based on ESA 2010) and former definitions (linked series),Mrd ECU/EUR,NA,NA,NA,NA,NA,NA,NA,NA,NA,NA,NA,2.40288,2.48549,2.31618,1.85026,2.31484,4.78731,6.55414,12.39479,15.59015,20.3854,29.31588,40.86726,51.40526,60.87423,63.74748,61.87285,60.19237,64.10752,66.32505,69.22915,72.5362,85.19726,101.2084,104.58578,106.2119,104.43836,102.47641,100.50055,99.14395,95.14786,92.44428,95.60813,93.08312,93.79174,83.889,75.01994,68.90645,86.32324,100.04856,112.18452,124.29196,123.58571,123.95438,129.56284,121.19964,117.85281,118.09104,115.78929,118.19465,141.31975,136.05996,126.84053,123.30957,119.87135,114.50149,114.17529,115.40781,
DEU.1.0.99.0.UDGGL,Germany,02 Based on ESA 2010 and former definitions (linked series),General government consolidated gross debt :- Excessive deficit procedure (based on ESA 2010) and former definitions (linked series),Mrd ECU/EUR,NA,NA,NA,NA,NA,NA,NA,NA,NA,NA,NA,NA,NA,NA,NA,NA,NA,NA,NA,NA,NA,NA,NA,NA,NA,NA,NA,NA,NA,NA,528.89403,591.61295,702.98029,796.32582,890.54773,1082.71511,1118.50692,1145.21124,1202.0264,1253.5979,1261.5847,1274.759,1330.0831,1419.426,1489.6709,1561.0205,1610.9037,1619.0646,1687.442,1804.696,2119.2418,2155.8757,2234.8025,2220.281,2224.5595,2197.4738,2182.375,2132.7839,2086.432,2075.7899,2347.9054,2501.6931,2569.02928,2630.54699,2693.82718,2838.23892,3033.17385,3252.62405,
D_W.1.0.99.0.UDGGL,West Germany,02 Based on ESA 2010 and former definitions (linked series),General government consolidated gross debt :- Excessive deficit procedure (based on ESA 2010) and former definitions (linked series),Mrd ECU/EUR,NA,NA,NA,NA,NA,NA,NA,NA,NA,NA,33.95185,38.69552,45.11481,52.84281,62.78709,83.26391,110.56575,126.6599,147.07814,165.69741,182.17036,222.61083,266.87245,297.3878,321.5292,348.2911,386.08352,411.9854,434.6947,459.23265,516.52293,577.47221,689.91261,NA,NA,NA,NA,NA,NA,NA,NA,NA,NA,NA,NA,NA,NA,NA,NA,NA,NA,NA,NA,NA,NA,NA,NA,NA,NA,NA,NA,NA,NA,NA,NA,NA,NA,NA,
EST.1.0.99.0.UDGGL,Estonia,02 Based on ESA 2010 and former definitions (linked series),General government consolidated gross debt :- Excessive deficit procedure (based on ESA 2010) and former definitions (linked series),Mrd ECU/EUR,NA,NA,NA,NA,NA,NA,NA,NA,NA,NA,NA,NA,NA,NA,NA,NA,NA,NA,NA,NA,NA,NA,NA,NA,NA,NA,NA,NA,NA,NA,NA,NA,NA,NA,NA,0.23629,0.27655,0.31077,0.30392,0.348,0.3156,0.3444,0.4429,0.4897,0.5045,0.537,0.6401,0.641,0.7766,1.1272,1.1779,1.2718,2.0161,2.1913,2.3549,2.267,2.272,2.2941,2.2491,2.5758,5.3206,5.7953,6.96514,7.73632,9.35307,10.03517,11.77744,14.02583,
IRL.1.0.99.0.UDGGL,Ireland,02 Based on ESA 2010 and former definitions (linked series),General government consolidated gross debt :- Excessive deficit procedure (based on ESA 2010) and former definitions (linked series),Mrd ECU/EUR,NA,NA,NA,NA,NA,NA,NA,NA,NA,NA,2.06172,2.19909,2.29939,2.43148,3.19622,4.25671,4.90418,5.8976,6.85468,8.81957,10.36569,13.64864,17.91049,21.03724,24.86214,27.80755,30.6095,32.512,33.69878,34.7963,35.07236,37.00153,39.25437,40.95924,41.2801,41.33329,44.44673,43.59917,41.3527,43.2129,39.5059,40.9949,42.0092,43.4286,43.7597,44.3812,43.7386,47.1951,79.621,104.7034,144.2266,189.7237,210.023,215.2385,203.3782,201.5748,200.5569,201.1221,205.5656,202.9357,217.2051,235.1815,223.6961,219.27692,215.57481,209.9023,208.35971,214.40623,
GRC.1.0.99.0.UDGGL,Greece,02 Based on ESA 2010 and former definitions (linked series),General government consolidated gross debt :- Excessive deficit procedure (based on ESA 2010) and former definitions (linked series),Mrd ECU/EUR,NA,NA,NA,NA,NA,NA,NA,NA,NA,NA,2.29383,2.47794,2.76741,2.89594,4.25531,4.16553,4.91348,5.54093,7.68776,8.40027,8.99709,12.59825,16.23583,18.64535,24.85177,24.59202,26.95706,30.81733,38.98342,44.75489,52.53788,61.02243,68.0874,90.00008,94.1085,100.75282,114.95477,124.57988,126.13132,136.51252,148.217,162.971,171.41,181.51,199.282,213.976,225.73,239.915,264.775,301.062,330.57,356.235,305.085,321.257,321.631,314.987,319.425,323.004,341.416,339.201,350.798,364.141,368.005,369.11,364.964,362.925,365.96336,364.57207,
ESP.1.0.99.0.UDGGL,Spain,02 Based on ESA 2010 and former definitions (linked series),General government consolidated gross debt :- Excessive deficit procedure (based on ESA 2010) and former definitions (linked series),Mrd ECU/EUR,NA,NA,NA,NA,NA,NA,NA,NA,NA,NA,5.72698,6.71725,7.22557,7.85855,9.33277,11.20076,11.934,12.84697,16.32582,21.67175,25.70681,34.73389,43.24162,55.73005,79.62353,90.62451,103.62504,117.23584,126.49795,148.83002,173.58176,195.22094,207.67984,233.67434,255.11384,295.60402,324.30082,331.63018,346.417,362.2235,374.5572,378.8834,384.1453,382.775,389.8879,393.4791,392.1322,384.662,440.621,569.5354,649.1525,743.0432,927.8133,1025.8052,1085.1654,1114.129,1145.655,1184.1483,1209.7418,1224.3638,1346.9164,1429.4036,1504.10507,1575.37674,1620.57339,1698.22458,1765.92009,1833.03219,
FRA.1.0.99.0.UDGGL,France,02 Based on ESA 2010 and former definitions (linked series),General government consolidated gross debt :- Excessive deficit procedure (based on ESA 2010) and former definitions (linked series),Mrd ECU/EUR,NA,NA,NA,NA,NA,NA,NA,NA,NA,NA,NA,NA,NA,NA,NA,NA,NA,72.34189,87.74151,99.1438,107.68461,123.14574,154.74808,170.81354,204.52322,235.57479,251.53326,279.3182,295.90667,334.08009,362.89464,384.17163,457.84158,543.54386,601.27708,714.68876,755.31305,793.02332,836.0594,856.9435,880.0048,907.6726,966.8225,1060.4064,1134.3469,1201.4707,1207.3127,1268.8587,1389.4016,1627.1822,1722.1722,1830.1363,1915.8352,2004.9582,2071.1245,2134.871,2190.5246,2263.2858,2320.7371,2387.399,2663.852,2828.781,2955.63906,3103.248,3306.09667,3460.46507,3626.44456,3806.77283,
HRV.1.0.99.0.UDGGL,Croatia,02 Based on ESA 2010 and former definitions (linked series),General government consolidated gross debt :- Excessive deficit procedure (based on ESA 2010) and former definitions (linked series),Mrd ECU/EUR,NA,NA,NA,NA,NA,NA,NA,NA,NA,NA,NA,NA,NA,NA,NA,NA,NA,NA,NA,NA,NA,NA,NA,NA,NA,NA,NA,NA,NA,NA,NA,NA,NA,NA,NA,3.96238,4.76227,5.24489,5.07961,6.30869,8.44103,9.66136,10.39751,11.62229,13.21069,15.1246,15.53581,16.4892,18.55942,22.09931,25.2735,28.5297,30.8408,35.8184,37.344,38.0502,37.7015,37.8847,38.0385,38.9187,43.8819,45.6289,46.34729,48.26386,49.28399,52.37078,55.92783,58.58695,
ITA.1.0.99.0.UDGGL,Italy,02 Based on ESA 2010 and former definitions (linked series),General government consolidated gross debt :- Excessive deficit procedure (based on ESA 2010) and former definitions (linked series),Mrd ECU/EUR,NA,NA,NA,NA,NA,NA,NA,NA,NA,NA,39.39836,48.03472,56.80841,66.19123,76.53326,101.69416,102.39717,113.29148,134.32896,158.62509,181.43644,211.55544,265.19143,327.96236,404.94098,451.71827,541.35589,589.26074,663.33264,754.8572,839.55531,947.81182,920.69887,972.92352,1036.65993,1096.64918,1260.41027,1271.89408,1299.7413,1331.3206,1353.5693,1420.0266,1436.1418,1470.9509,1526.4721,1591.6742,1657.4786,1677.8966,1739.1086,1839.8055,1921.4435,1974.4075,2055.8398,2137.7049,2205.1141,2241.9396,2288.6311,2333.1366,2385.7364,2415.6456,2578.1773,2686.7429,2764.4812,2869.97618,2967.00408,3095.8876,3204.78928,3302.85728,
CYP.1.0.99.0.UDGGL,Cyprus,02 Based on ESA 2010 and former definitions (linked series),General government consolidated gross debt :- Excessive deficit procedure (based on ESA 2010) and former definitions (linked series),Mrd ECU/EUR,NA,NA,NA,NA,NA,NA,NA,NA,NA,NA,NA,NA,NA,NA,NA,NA,NA,NA,NA,NA,NA,NA,NA,NA,NA,NA,NA,NA,NA,NA,NA,NA,NA,NA,NA,3.7317,4.04489,4.63341,5.14123,5.58291,6.10339,6.74551,7.43115,8.28083,9.16014,9.69762,9.71637,9.75,8.9546,10.7653,11.6927,13.8774,16.4445,19.5331,19.8399,20.0249,20.3298,19.5972,21.9646,21.5975,25.4173,24.778,23.7448,23.0563,21.8136,20.07825,19.261,18.26001,
LVA.1.0.99.0.UDGGL,Latvia,02 Based on ESA 2010 and former definitions (linked series),General government consolidated gross debt :- Excessive deficit procedure (based on ESA 2010) and former definitions (linked series),Mrd ECU/EUR,NA,NA,NA,NA,NA,NA,NA,NA,NA,NA,NA,NA,NA,NA,NA,NA,NA,NA,NA,NA,NA,NA,NA,NA,NA,NA,NA,NA,NA,NA,NA,NA,NA,NA,NA,0.55813,0.6211,0.61954,0.57351,0.90465,1.01104,1.30441,1.25154,1.41021,1.62866,1.6388,1.73645,1.93513,4.51132,6.957,8.6178,8.9065,9.2961,9.172,9.8179,9.0891,10.2241,10.4926,10.784,11.2091,12.8695,14.8098,16.0389,17.5785,18.80147,20.1739,21.97128,25.08764,
LTU.1.0.99.0.UDGGL,Lithuania,02 Based on ESA 2010 and former definitions (linked series),General government consolidated gross debt :- Excessive deficit procedure (based on ESA 2010) and former definitions (linked series),Mrd ECU/EUR,NA,NA,NA,NA,NA,NA,NA,NA,NA,NA,NA,NA,NA,NA,NA,NA,NA,NA,NA,NA,NA,NA,NA,NA,NA,NA,NA,NA,NA,NA,NA,NA,NA,NA,NA,0.58751,0.93106,1.40884,1.59338,2.48037,2.91219,3.18522,3.36569,3.39509,3.4045,3.7019,4.1519,4.6097,4.7621,7.5285,10.1536,11.6317,13.2662,13.5525,14.829,15.8824,15.4484,16.5418,15.3226,17.5261,23.0625,24.5701,25.70264,27.58052,29.99224,33.25896,40.00758,45.7179,
LUX.1.0.99.0.UDGGL,Luxembourg,02 Based on ESA 2010 and former definitions (linked series),General government consolidated gross debt :- Excessive deficit procedure (based on ESA 2010) and former definitions (linked series),Mrd ECU/EUR,NA,NA,NA,NA,NA,NA,NA,NA,NA,NA,0.39426,0.41101,0.42478,0.43569,0.44605,0.4435,0.52449,0.54975,0.56535,0.5596,0.57731,0.6352,0.64999,0.74348,0.84586,0.85538,0.94112,0.8572,0.75365,0.72096,0.64989,0.62591,0.81549,1.12171,1.1383,1.60983,1.60597,1.62507,1.6462,1.6592,1.7226,1.8204,1.8628,1.9499,2.2072,2.4074,2.8041,3.0459,5.8524,5.969,8.0945,8.2012,9.7003,11.0006,11.3233,11.442,11.0154,12.6821,12.5624,13.9428,15.8234,17.6643,19.10734,20.2678,22.63811,23.6951,27.27676,29.47028,
HUN.1.0.99.0.UDGGL,Hungary,02 Based on ESA 2010 and former definitions (linked series),General government consolidated gross debt :- Excessive deficit procedure (based on ESA 2010) and former definitions (linked series),Mrd ECU/EUR,NA,NA,NA,NA,NA,NA,NA,NA,NA,NA,NA,NA,NA,NA,NA,NA,NA,NA,NA,NA,NA,NA,NA,NA,NA,NA,NA,NA,NA,NA,NA,NA,NA,NA,NA,26.7925,24.58994,24.50536,25.03973,27.59898,28.00837,32.81808,41.00736,42.34831,50.50505,54.0756,62.2988,66.50332,73.3173,76.52814,79.11446,72.88161,77.53073,78.88231,79.57584,83.84044,87.48451,91.26579,93.37709,94.26006,105.54061,114.69765,121.87163,144.02501,145.53759,168.53599,187.02454,204.40071,
MLT.1.0.99.0.UDGGL,Malta,02 Based on ESA 2010 and former definitions (linked series),General government consolidated gross debt :- Excessive deficit procedure (based on ESA 2010) and former definitions (linked series),Mrd ECU/EUR,NA,NA,NA,NA,NA,NA,NA,NA,NA,NA,NA,NA,NA,NA,NA,NA,NA,NA,NA,NA,NA,NA,NA,NA,NA,NA,NA,NA,NA,NA,NA,NA,NA,NA,NA,0.96839,1.17722,1.56853,1.79021,2.44193,2.65402,2.98904,2.92742,3.2673,3.44978,3.6064,3.4729,3.5846,3.837,4.1527,4.4625,4.8483,4.9074,5.2796,5.4358,5.6267,5.7743,5.711,5.6688,5.7241,7.0079,8.2976,9.04044,9.81789,10.6211,11.39708,12.05204,12.73243,
NLD.1.0.99.0.UDGGL,Netherlands,02 Based on ESA 2010 and former definitions (linked series),General government consolidated gross debt :- Excessive deficit procedure (based on ESA 2010) and former definitions (linked series),Mrd ECU/EUR,NA,NA,NA,NA,NA,NA,NA,NA,NA,NA,NA,NA,NA,NA,NA,31.44088,40.12458,42.99059,49.19517,54.34009,60.60942,71.65971,87.38044,100.93852,113.54401,130.35348,144.67284,152.64499,162.8459,176.97445,186.22037,196.89158,216.46214,229.20405,235.84631,252.35378,248.59118,240.68049,247.875,246.6,236.233,239.037,245.253,256.822,266.661,274.598,264.472,266.545,353.866,355.057,379.043,401.579,432.723,447.245,456.028,446.179,438.36,420.269,405.87,395.401,436.093,450.239,481.145,481.481,491.055,523.541,576.78466,597.93722,
AUT.1.0.99.0.UDGGL,Austria,02 Based on ESA 2010 and former definitions (linked series),General government consolidated gross debt :- Excessive deficit procedure (based on ESA 2010) and former definitions (linked series),Mrd ECU/EUR,NA,NA,NA,NA,NA,NA,NA,NA,NA,NA,2.80883,2.98802,3.4101,4.2037,5.22618,7.44347,10.68888,13.11493,15.88133,18.80261,20.68884,24.57866,29.66249,35.59798,40.13198,44.99573,54.20937,60.82121,64.66478,70.06537,74.14016,80.01208,87.83463,99.25807,111.19179,125.24557,125.17699,118.77489,125.6502,136.2161,141.5432,147.5025,151.8,153.1069,158.5457,175.2039,181.3044,185.73,202.9147,231.1727,245.9854,256.8759,262.5654,264.761,281.2892,292.8737,296.6931,290.3728,285.8402,280.9753,316.3598,334.7306,351.14397,371.62141,395.0511,418.0785,439.28029,463.73824,
POL.1.0.99.0.UDGGL,Poland,02 Based on ESA 2010 and former definitions (linked series),General government consolidated gross debt :- Excessive deficit procedure (based on ESA 2010) and former definitions (linked series),Mrd ECU/EUR,NA,NA,NA,NA,NA,NA,NA,NA,NA,NA,NA,NA,NA,NA,NA,NA,NA,NA,NA,NA,NA,NA,NA,NA,NA,NA,NA,NA,NA,NA,NA,NA,NA,NA,NA,50.49892,50.77921,56.87774,56.95946,63.10554,70.73536,83.30644,84.22407,83.89396,103.05913,119.59197,131.95876,147.05273,144.65174,166.57376,194.93182,192.17743,216.90501,224.15786,204.62815,216.67816,229.01435,241.15154,240.81904,245.76043,293.23069,306.93859,323.19518,389.73638,470.79298,553.2227,635.23081,710.92029,
PRT.1.0.99.0.UDGGL,Portugal,02 Based on ESA 2010 and former definitions (linked series),General government consolidated gross debt :- Excessive deficit procedure (based on ESA 2010) and former definitions (linked series),Mrd ECU/EUR,NA,NA,NA,NA,NA,NA,NA,NA,NA,NA,NA,NA,NA,1.82295,2.10421,3.35171,4.58343,4.67636,5.11841,6.26338,7.39003,11.06033,11.87462,13.05742,16.07801,19.55417,21.6428,22.5266,26.35013,29.09194,34.61702,42.136,43.05711,44.36011,50.77727,56.5099,61.11208,59.59216,61.93,66.2669,69.5918,77.908,85.5266,93.3209,102.1546,114.5427,122.4674,127.5708,135.2091,153.6244,179.6529,201.0444,216.7467,223.3133,229.3913,235.0461,244.4947,246.3986,248.2772,249.0436,269.5777,268.1885,271.35762,261.8891,270.90194,275.06277,281.0648,288.22659,
ROM.1.0.99.0.UDGGL,Romania,02 Based on ESA 2010 and former definitions (linked series),General government consolidated gross debt :- Excessive deficit procedure (based on ESA 2010) and former definitions (linked series),Mrd ECU/EUR,NA,NA,NA,NA,NA,NA,NA,NA,NA,NA,NA,NA,NA,NA,NA,NA,NA,NA,NA,NA,NA,NA,NA,NA,NA,NA,NA,NA,NA,NA,NA,NA,NA,NA,NA,1.48692,2.33425,4.33475,4.85215,6.52739,7.53276,10.91724,10.75708,10.30947,11.76867,12.39761,12.58561,14.09943,16.54941,27.28836,36.72485,43.93396,49.44347,53.37493,58.39817,59.39684,62.69213,64.46294,70.7382,77.96416,102.41179,116.45559,134.45617,157.61622,193.95852,223.14466,249.13876,275.11463,
SVN.1.0.99.0.UDGGL,Slovenia,02 Based on ESA 2010 and former definitions (linked series),General government consolidated gross debt :- Excessive deficit procedure (based on ESA 2010) and former definitions (linked series),Mrd ECU/EUR,NA,NA,NA,NA,NA,NA,NA,NA,NA,NA,NA,NA,NA,NA,NA,NA,NA,NA,NA,NA,NA,NA,NA,NA,NA,NA,NA,NA,NA,NA,NA,NA,NA,NA,NA,2.788,3.54035,3.91524,4.42892,4.92098,5.48353,6.03556,6.70782,6.94379,7.42748,7.69009,8.2015,8.0157,8.2632,12.5193,13.9182,17.2195,19.4307,25.5303,30.239,32.1109,31.7826,31.9222,32.2813,31.7931,37.4703,38.9295,41.39466,43.73886,44.75505,46.32357,48.30232,51.02586,
SVK.1.0.99.0.UDGGL,Slovakia,02 Based on ESA 2010 and former definitions (linked series),General government consolidated gross debt :- Excessive deficit procedure (based on ESA 2010) and former definitions (linked series),Mrd ECU/EUR,NA,NA,NA,NA,NA,NA,NA,NA,NA,NA,NA,NA,NA,NA,NA,NA,NA,NA,NA,NA,NA,NA,NA,NA,NA,NA,NA,NA,NA,NA,NA,NA,NA,NA,NA,3.29895,5.08983,6.32379,6.32446,9.58061,10.97525,12.4061,12.35019,13.1598,15.02,13.98839,15.54444,17.21433,19.6298,23.3207,27.9399,30.9942,38.108,40.7629,40.8782,41.4736,42.5539,43.6539,44.4792,45.3919,55.0909,61.3559,63.50857,68.88225,77.73484,83.95681,91.10041,99.73175,
FIN.1.0.99.0.UDGGL,Finland,02 Based on ESA 2010 and former definitions (linked series),General government consolidated gross debt :- Excessive deficit procedure (based on ESA 2010) and former definitions (linked series),Mrd ECU/EUR,NA,NA,NA,NA,NA,NA,NA,NA,NA,NA,1.25495,1.19529,1.22474,1.23121,1.25558,1.55862,1.7554,2.10607,3.00263,3.60102,4.45848,5.50357,6.86081,9.03173,10.37525,11.34616,11.90704,13.78277,15.44252,15.01095,15.10379,20.35747,31.21668,42.70417,51.96897,56.52601,57.71337,57.45667,56.414,55.913,61.564,62.825,63.299,68.508,71.335,69.397,69.532,67.34,67.435,80.2,94.286,102.829,115.931,123.75,133.42,144.537,148.088,149.611,151.569,155.819,178.04,181.911,196.844,210.338,227.339,248.433,263.77944,278.45819,
SWE.1.0.99.0.UDGGL,Sweden,02 Based on ESA 2010 and former definitions (linked series),General government consolidated gross debt :- Excessive deficit procedure (based on ESA 2010) and former definitions (linked series),Mrd ECU/EUR,NA,NA,NA,NA,NA,NA,NA,NA,NA,NA,9.15053,9.97132,10.84712,11.89643,14.17082,16.14872,18.68767,17.99955,22.53606,28.44431,38.077,47.8227,52.96957,67.58274,80.60123,82.47415,83.03848,76.35903,78.58079,75.74377,77.29432,102.4737,112.57489,117.69882,131.70944,150.6164,157.28906,156.97522,150.10861,160.79626,137.58858,140.01387,141.78481,147.12797,152.51458,152.75347,151.48943,137.80363,118.69246,133.91407,153.3475,157.12399,165.45712,176.842,194.39167,206.22156,198.56258,194.79835,187.15714,173.10631,202.23473,196.83414,179.93787,178.51433,190.82957,213.03895,229.57784,245.43611,
GBR.1.0.99.0.UDGGL,United Kingdom,02 Based on ESA 2010 and former definitions (linked series),General government consolidated gross debt :- Excessive deficit procedure (based on ESA 2010) and former definitions (linked series),Mrd ECU/EUR,NA,NA,NA,NA,NA,NA,NA,NA,NA,NA,96.93249,100.26618,96.31384,96.96845,103.87682,114.80395,116.89288,137.98216,144.88571,167.62618,228.54605,244.25967,247.21408,285.37305,296.27611,310.85605,274.88801,299.62507,311.76487,259.33645,273.75728,287.38039,304.81088,392.44547,427.1595,447.24405,550.36956,631.05189,594.03647,678.09876,664.67874,658.44371,649.00845,656.3706,746.65627,836.84955,921.9866,909.36115,850.37795,1132.08535,1417.66134,1620.69316,1774.03627,1822.9423,2082.61137,2294.33885,2042.99096,2035.62098,2077.63295,2249.16667,2476.48132,2859.41591,2837.01645,3130.22036,3481.80974,3560.832,3753.70604,3922.51385,
ALB.1.0.99.0.UDGGL,Albania,02 Based on ESA 2010 and former definitions (linked series),General government consolidated gross debt :- Excessive deficit procedure (based on ESA 2010) and former definitions (linked series),Mrd ECU/EUR,NA,NA,NA,NA,NA,NA,NA,NA,NA,NA,NA,NA,NA,NA,NA,NA,NA,NA,NA,NA,NA,NA,NA,NA,NA,NA,NA,NA,NA,NA,NA,NA,NA,NA,NA,NA,NA,NA,NA,NA,NA,NA,NA,NA,NA,NA,NA,NA,NA,NA,5.15614,5.56202,5.93356,6.31297,6.97849,7.59928,7.88738,8.1848,NA,NA,NA,NA,NA,NA,NA,NA,NA,NA,
MNE.1.0.99.0.UDGGL,Montenegro,02 Based on ESA 2010 and former definitions (linked series),General government consolidated gross debt :- Excessive deficit procedure (based on ESA 2010) and former definitions (linked series),Mrd ECU/EUR,NA,NA,NA,NA,NA,NA,NA,NA,NA,NA,NA,NA,NA,NA,NA,NA,NA,NA,NA,NA,NA,NA,NA,NA,NA,NA,NA,NA,NA,NA,NA,NA,NA,NA,NA,NA,NA,NA,NA,NA,NA,NA,1.03,0.608,0.757,0.7004,0.7011,0.7372,0.8947,1.1402,1.2707,1.4835,1.6995,1.933,2.0717,2.4188,2.5461,2.7588,NA,NA,NA,NA,NA,NA,NA,NA,NA,NA,
MKD.1.0.99.0.UDGGL,North Macedonia,02 Based on ESA 2010 and former definitions (linked series),General government consolidated gross debt :- Excessive deficit procedure (based on ESA 2010) and former definitions (linked series),Mrd ECU/EUR,NA,NA,NA,NA,NA,NA,NA,NA,NA,NA,NA,NA,NA,NA,NA,NA,NA,NA,NA,NA,NA,NA,NA,NA,NA,NA,NA,NA,NA,NA,NA,NA,NA,NA,NA,NA,NA,NA,NA,1.10455,1.86364,1.87198,1.71331,1.59837,1.58369,1.85283,1.67348,1.42961,1.38376,1.59987,1.71119,2.09391,2.55581,2.77492,3.27009,3.45421,3.85879,3.96368,NA,NA,NA,NA,NA,NA,NA,NA,NA,NA,
SRB.1.0.99.0.UDGGL,Serbia,02 Based on ESA 2010 and former definitions (linked series),General government consolidated gross debt :- Excessive deficit procedure (based on ESA 2010) and former definitions (linked series),Mrd ECU/EUR,NA,NA,NA,NA,NA,NA,NA,NA,NA,NA,NA,NA,NA,NA,NA,NA,NA,NA,NA,NA,NA,NA,NA,NA,NA,NA,NA,NA,NA,NA,NA,NA,NA,NA,NA,NA,NA,NA,NA,NA,14.14274,13.44917,11.52927,11.02316,9.67577,10.31888,9.35205,8.87535,8.78138,9.84899,12.15695,15.42637,18.30182,20.66448,23.21599,25.2601,25.19429,23.55396,23.32844,24.35485,27.0558,30.46183,33.63216,36.41229,39.11071,39.34108,42.27239,45.24629,
TUR.1.0.99.0.UDGGL,Türkiye,02 Based on ESA 2010 and former definitions (linked series),General government consolidated gross debt :- Excessive deficit procedure (based on ESA 2010) and former definitions (linked series),Mrd ECU/EUR,NA,NA,NA,NA,NA,NA,NA,NA,NA,NA,NA,NA,NA,NA,NA,NA,NA,NA,NA,NA,NA,NA,NA,NA,NA,NA,NA,NA,NA,NA,NA,NA,NA,NA,NA,NA,NA,NA,NA,NA,NA,NA,NA,NA,NA,NA,NA,NA,NA,NA,NA,NA,NA,NA,NA,NA,NA,NA,NA,205.43936,216.07857,189.87477,225.93896,234.30613,286.38818,296.9575,396.24407,507.73495,
ISL.1.0.99.0.UDGGL,Iceland,02 Based on ESA 2010 and former definitions (linked series),General government consolidated gross debt :- Excessive deficit procedure (based on ESA 2010) and former definitions (linked series),Mrd ECU/EUR,NA,NA,NA,NA,NA,NA,NA,NA,NA,NA,NA,NA,NA,NA,NA,NA,NA,NA,NA,NA,NA,NA,NA,NA,NA,NA,NA,NA,NA,NA,NA,NA,NA,NA,NA,3121.62887,3271.58831,3504.93902,3262.21751,6832.8848,6825.13959,7.31264,8281.34293,8336.88799,9386.31579,9811.62666,9298.62558,10323.55822,10.321,11.6431,14.55176,15.35394,14.55318,15.15962,15.59318,15.91417,17.3905,15.15714,13.50428,14.82474,14.54478,16.61003,17.30502,17.87083,18.95261,15.80299,16.72196,17.03778,
NOR.1.0.99.0.UDGGL,Norway,02 Based on ESA 2010 and former definitions (linked series),General government consolidated gross debt :- Excessive deficit procedure (based on ESA 2010) and former definitions (linked series),Mrd ECU/EUR,NA,NA,NA,NA,NA,NA,NA,NA,NA,NA,NA,NA,NA,NA,NA,NA,NA,NA,NA,NA,NA,NA,NA,NA,NA,NA,NA,NA,NA,NA,NA,NA,NA,NA,NA,NA,NA,NA,NA,NA,52.287,53.39471,72.46935,80.55573,93.25545,103.99023,141.00259,146.32511,126.51721,123.84152,142.09982,104.53882,121.43489,113.31209,99.35092,107.98542,126.73597,126.2303,139.49137,145.20519,149.07615,178.64969,197.88411,201.63471,242.58042,NA,249.26914,241.16549,
JPN.1.0.99.0.UDGGL,Japan,02 Based on ESA 2010 and former definitions (linked series),General government consolidated gross debt :- Excessive deficit procedure (based on ESA 2010) and former definitions (linked series),Mrd ECU/EUR,NA,NA,NA,NA,NA,NA,NA,NA,NA,NA,22.55936,28.61708,45.32332,54.04249,65.15577,89.96733,138.22013,207.18067,318.5154,297.05534,466.12846,608.62722,733.47993,999.79973,1177.77503,1304.79442,1547.34399,1788.25146,1967.73685,1639.08882,1577.27813,1829.72981,2228.29604,2946.02588,3475.23622,3625.01512,3642.43773,3965.79134,4688.12801,6632.62435,6792.73943,6658.62308,6505.27615,6210.40281,6403.78303,5936.17355,5239.35698,4967.5553,6495.38925,6482.3404,8384.73383,9530.90416,8769.64528,7152.48618,7406.77959,8381.22911,9107.51864,8501.73913,9213.21017,9675.66016,10021.04435,9796.31539,9473.80918,8681.20898,8342.52913,7446.49668,7411.30377,7461.59349,
USA.1.0.99.0.UDGGL,United States,02 Based on ESA 2010 and former definitions (linked series),General government consolidated gross debt :- Excessive deficit procedure (based on ESA 2010) and former definitions (linked series),Mrd ECU/EUR,NA,NA,NA,NA,NA,NA,NA,NA,NA,422.16724,445.08026,467.13208,457.98543,467.43477,478.74351,606.70804,698.84912,700.1486,688.37291,715.93324,869.35429,1153.17854,1497.43985,2018.58704,2700.85772,2523.72165,2344.55362,2100.48277,2541.27529,2686.75226,2555.45446,2871.94534,3482.42821,4065.43786,3902.43402,3795.85538,4248.37529,4983.09924,4811.84231,5749.64296,6085.13274,6743.94481,6108.23635,5540.74762,5576.7879,6925.8494,6590.90689,6269.39247,7688.29838,8545.98756,10496.34427,11765.15963,12454.69914,12582.09759,14942.29811,17380.52632,18951.54819,17087.25636,19191.34997,20652.82191,22612.49935,26149.75707,29457.79994,30770.5825,34862.45578,32777.88015,34971.97901,37138.86375,
EU27.1.0.319.0.UDGGL,European Union,02 Based on ESA 2010 and former definitions (linked series),General government consolidated gross debt :- Excessive deficit procedure (based on ESA 2010) and former definitions (linked series),(Percentage of GDP at current prices (excessive deficit procedure)),NA,NA,NA,NA,NA,NA,NA,NA,NA,NA,NA,NA,NA,NA,NA,NA,NA,NA,NA,NA,NA,NA,NA,NA,NA,NA,NA,NA,NA,NA,NA,NA,NA,NA,NA,70.66616,71.77177,71.06137,70.33356,69.58432,66.5585,65.75935,65.61046,66.83459,67.14526,67.22759,65.04356,62.38148,65.09879,75.75068,80.59323,82.2792,86.6698,88.77552,88.96922,86.97772,85.92713,83.31255,81.24801,79.12282,91.23556,88.3186,83.77901,81.80058,81.86278,82.7965,84.22165,85.25203,
EU15.1.0.319.0.UDGGL,European Union (15 countries),02 Based on ESA 2010 and former definitions (linked series),General government consolidated gross debt :- Excessive deficit procedure (based on ESA 2010) and former definitions (linked series),(Percentage of GDP at current prices (excessive deficit procedure)),NA,NA,NA,NA,NA,NA,NA,NA,NA,NA,NA,NA,NA,NA,NA,NA,NA,NA,NA,NA,NA,NA,NA,NA,NA,NA,NA,NA,NA,NA,NA,51.87303,54.20991,60.87634,63.28448,68.14495,70.04354,68.30912,66.7662,66.23237,62.28781,61.5002,61.18692,62.83952,63.31513,64.14436,62.71339,60.29792,64.1647,76.75881,82.64266,85.76787,89.21732,91.49592,92.3345,90.03094,88.56259,86.87911,85.323,84.17238,97.21968,95.05857,89.22583,88.45286,88.99974,89.30132,91.0228,91.93829,
EA19.1.0.319.0.UDGGL,Euro area (19 countries),02 Based on ESA 2010 and former definitions (linked series),General government consolidated gross debt :- Excessive deficit procedure (based on ESA 2010) and former definitions (linked series),(Percentage of GDP at current prices (excessive deficit procedure)),NA,NA,NA,NA,NA,NA,NA,NA,NA,NA,NA,NA,NA,NA,NA,NA,NA,NA,NA,NA,NA,NA,NA,NA,NA,NA,NA,NA,NA,NA,NA,NA,NA,NA,NA,71.80817,73.59308,73.09268,72.76101,71.77948,69.33288,68.31977,68.26114,69.54535,69.84564,70.4744,68.43952,66.0667,69.73855,80.19603,85.80054,88.08207,92.82487,95.14305,95.35433,93.2603,92.1368,89.61006,87.62345,85.60309,98.60218,95.75804,91.09327,88.60399,88.58817,89.37397,90.88461,91.8153,
EA20.1.0.319.0.UDGGL,Euro area (20 countries),02 Based on ESA 2010 and former definitions (linked series),General government consolidated gross debt :- Excessive deficit procedure (based on ESA 2010) and former definitions (linked series),(Percentage of GDP at current prices (excessive deficit procedure)),NA,NA,NA,NA,NA,NA,NA,NA,NA,NA,NA,NA,NA,NA,NA,NA,NA,NA,NA,NA,NA,NA,NA,NA,NA,NA,NA,NA,NA,NA,NA,NA,NA,NA,NA,71.66106,73.44058,72.92596,72.57928,71.6362,69.22043,68.21079,68.1404,69.41903,69.71904,70.34723,68.30296,65.93106,69.58111,80.03956,85.66682,87.96852,92.71697,95.07291,95.30152,93.21512,92.08089,89.55129,87.55776,85.53651,98.54921,95.67689,90.98248,88.45472,88.4123,89.17998,90.67092,91.59008,
EA21.1.0.319.0.UDGGL,Euro area (21 countries),02 Based on ESA 2010 and former definitions (linked series),General government consolidated gross debt :- Excessive deficit procedure (based on ESA 2010) and former definitions (linked series),(Percentage of GDP at current prices (excessive deficit procedure)),NA,NA,NA,NA,NA,NA,NA,NA,NA,NA,NA,NA,NA,NA,NA,NA,NA,NA,NA,NA,NA,NA,NA,NA,NA,NA,NA,NA,NA,NA,NA,NA,NA,NA,NA,71.66358,73.46756,72.95858,72.56788,71.64418,69.223,68.20297,68.10101,69.35667,69.63184,70.22406,68.15864,65.76174,69.36518,79.77587,85.38852,87.66532,92.39503,94.74777,95.01739,92.9273,91.8018,89.25503,87.2476,85.20839,98.15678,95.27307,90.55659,88.03524,87.97168,88.74856,90.2416,91.17452,
EA12.1.0.319.0.UDGGL,Euro area (12 countries),02 Based on ESA 2010 and former definitions (linked series),General government consolidated gross debt :- Excessive deficit procedure (based on ESA 2010) and former definitions (linked series),(Percentage of GDP at current prices (excessive deficit procedure)),NA,NA,NA,NA,NA,NA,NA,NA,NA,NA,NA,NA,NA,NA,NA,NA,NA,NA,NA,NA,NA,NA,NA,NA,NA,NA,NA,NA,NA,NA,NA,56.68558,58.48427,64.28853,67.083,72.28167,74.07363,73.60968,73.29772,72.21824,69.77064,68.73833,68.71617,70.04811,70.38432,71.11513,69.13301,66.86941,70.68827,81.08641,86.71583,89.00607,93.75914,96.02563,96.21363,94.10085,92.98044,90.48252,88.54603,86.5415,99.62097,96.77702,92.11318,89.66037,89.63644,90.45527,91.98528,92.89312,
DU15.1.0.319.0.UDGGL,EU15 (including D_W West-Germany),02 Based on ESA 2010 and former definitions (linked series),General government consolidated gross debt :- Excessive deficit procedure (based on ESA 2010) and former definitions (linked series),(Percentage of GDP at current prices (excessive deficit procedure)),NA,NA,NA,NA,NA,NA,NA,NA,NA,NA,NA,NA,NA,NA,NA,NA,NA,32.6404,34.47158,35.01176,36.76052,39.01436,41.8855,45.90609,48.78454,49.85841,51.19893,52.38859,51.68708,50.31112,51.30713,53.07168,NA,NA,NA,NA,NA,NA,NA,NA,NA,NA,NA,NA,NA,NA,NA,NA,NA,NA,NA,NA,NA,NA,NA,NA,NA,NA,NA,NA,NA,NA,NA,NA,NA,NA,NA,NA,
DA12.1.0.319.0.UDGGL,EA12 (including D_W West-Germany),02 Based on ESA 2010 and former definitions (linked series),General government consolidated gross debt :- Excessive deficit procedure (based on ESA 2010) and former definitions (linked series),(Percentage of GDP at current prices (excessive deficit procedure)),NA,NA,NA,NA,NA,NA,NA,NA,NA,NA,NA,NA,NA,NA,NA,NA,NA,29.85323,32.12221,32.71967,33.28608,36.77951,40.77403,44.24226,48.06746,50.2429,52.62258,54.33986,54.9539,55.49987,56.37165,58.39581,NA,NA,NA,NA,NA,NA,NA,NA,NA,NA,NA,NA,NA,NA,NA,NA,NA,NA,NA,NA,NA,NA,NA,NA,NA,NA,NA,NA,NA,NA,NA,NA,NA,NA,NA,NA,
BEL.1.0.319.0.UDGGL,Belgium,02 Based on ESA 2010 and former definitions (linked series),General government consolidated gross debt :- Excessive deficit procedure (based on ESA 2010) and former definitions (linked series),(Percentage of GDP at current prices (excessive deficit procedure)),NA,NA,NA,NA,NA,NA,NA,NA,NA,63.01958,60.5577,60.20282,60.41266,58.32529,54.82699,56.17963,56.78805,60.07653,63.75728,66.326,74.7426,87.2876,96.96844,107.33786,111.54612,116.19281,121.33401,125.77046,126.21666,123.026,126.82066,128.20228,129.79893,135.41644,133.39514,131.49056,129.2019,124.3284,119.3331,115.40282,109.74754,108.47769,105.57474,101.84164,97.2111,95.24167,91.52352,87.48043,93.17104,99.88008,100.30561,102.84901,104.37277,105.07164,106.64399,105.69264,105.77087,102.63158,100.15624,97.69314,111.36119,108.74189,103.32505,102.54355,103.91736,107.85737,110.48533,112.8308,
BGR.1.0.319.0.UDGGL,Bulgaria,02 Based on ESA 2010 and former definitions (linked series),General government consolidated gross debt :- Excessive deficit procedure (based on ESA 2010) and former definitions (linked series),(Percentage of GDP at current prices (excessive deficit procedure)),NA,NA,NA,NA,NA,NA,NA,NA,NA,NA,NA,NA,NA,NA,NA,NA,NA,NA,NA,NA,NA,NA,NA,NA,NA,NA,NA,NA,NA,NA,NA,NA,NA,NA,NA,76.84288,244.50267,96.67262,66.68219,75.82404,70.71752,64.50511,51.00565,43.37823,35.7279,26.58163,20.87191,16.31581,13.01747,13.66328,15.29639,15.15192,16.57949,16.99539,27.00607,25.92172,29.10255,25.10887,22.19119,20.11768,24.46264,23.84968,22.48527,22.93041,23.84034,29.85297,32.33394,35.50195,
CZE.1.0.319.0.UDGGL,Czech Republic,02 Based on ESA 2010 and former definitions (linked series),General government consolidated gross debt :- Excessive deficit procedure (based on ESA 2010) and former definitions (linked series),(Percentage of GDP at current prices (excessive deficit procedure)),NA,NA,NA,NA,NA,NA,NA,NA,NA,NA,NA,NA,NA,NA,NA,NA,NA,NA,NA,NA,NA,NA,NA,NA,NA,NA,NA,NA,NA,NA,NA,NA,NA,NA,NA,13.47638,11.50614,12.1236,13.877,15.08785,16.89453,22.59689,25.70315,28.06159,28.28873,27.67781,27.5648,27.34598,28.15495,33.4305,36.70009,39.40196,43.8353,44.14109,41.54618,39.46949,36.23221,33.78183,31.67776,29.55174,36.88294,40.69201,42.52037,42.22255,43.29153,44.25023,45.8385,47.16169,
DNK.1.0.319.0.UDGGL,Denmark,02 Based on ESA 2010 and former definitions (linked series),General government consolidated gross debt :- Excessive deficit procedure (based on ESA 2010) and former definitions (linked series),(Percentage of GDP at current prices (excessive deficit procedure)),NA,NA,NA,NA,NA,NA,NA,NA,NA,NA,NA,13.17375,11.70493,9.14563,6.34335,7.17307,11.63728,15.5486,26.05017,32.48622,40.28821,53.17238,66.24079,76.23919,79.75744,76.64599,68.51504,64.02947,66.18665,63.67021,63.79729,64.60662,69.89458,82.38185,78.8564,74.82211,71.53636,67.42334,63.16193,59.46574,53.55259,50.09646,50.31981,48.16228,46.21514,39.35994,33.19103,29.48264,35.53918,43.0488,46.1233,49.98625,48.71121,47.76991,48.71247,44.55038,41.69196,40.15255,38.53876,38.33466,45.19684,39.62762,33.31542,32.96402,30.54369,27.92243,26.98522,26.22397,
DEU.1.0.319.0.UDGGL,Germany,02 Based on ESA 2010 and former definitions (linked series),General government consolidated gross debt :- Excessive deficit procedure (based on ESA 2010) and former definitions (linked series),(Percentage of GDP at current prices (excessive deficit procedure)),NA,NA,NA,NA,NA,NA,NA,NA,NA,NA,NA,NA,NA,NA,NA,NA,NA,NA,NA,NA,NA,NA,NA,NA,NA,NA,NA,NA,NA,NA,NA,38.68543,41.10798,44.84765,47.20044,54.89332,57.72122,58.82578,59.43829,60.34921,59.23878,58.06156,59.82311,63.34433,64.96489,67.12017,66.39671,63.68704,65.17032,72.36238,81.03369,78.48367,79.8349,77.45671,74.53784,71.18408,68.30146,63.9878,60.75754,58.68322,68.04103,67.93759,64.39654,62.34543,62.2279,63.49656,65.84855,67.96075,
D_W.1.0.319.0.UDGGL,West Germany,02 Based on ESA 2010 and former definitions (linked series),General government consolidated gross debt :- Excessive deficit procedure (based on ESA 2010) and former definitions (linked series),(Percentage of GDP at current prices (excessive deficit procedure)),NA,NA,NA,NA,NA,NA,NA,NA,NA,NA,17.78065,17.85114,18.11344,17.68629,18.51049,23.59444,25.26008,26.25425,27.78631,28.61527,30.30513,33.69075,36.48568,38.21282,38.94807,39.50573,39.5153,40.74619,41.11187,39.58384,41.26999,42.44979,NA,NA,NA,NA,NA,NA,NA,NA,NA,NA,NA,NA,NA,NA,NA,NA,NA,NA,NA,NA,NA,NA,NA,NA,NA,NA,NA,NA,NA,NA,NA,NA,NA,NA,NA,NA,
EST.1.0.319.0.UDGGL,Estonia,02 Based on ESA 2010 and former definitions (linked series),General government consolidated gross debt :- Excessive deficit procedure (based on ESA 2010) and former definitions (linked series),(Percentage of GDP at current prices (excessive deficit procedure)),NA,NA,NA,NA,NA,NA,NA,NA,NA,NA,NA,NA,NA,NA,NA,NA,NA,NA,NA,NA,NA,NA,NA,NA,NA,NA,NA,NA,NA,NA,NA,NA,NA,NA,NA,7.94999,7.48376,6.87514,5.92695,6.43623,5.11371,4.9326,5.66017,5.59868,5.15869,4.73318,4.71662,3.90802,4.67299,7.97592,7.99022,7.59653,11.14695,11.43492,11.56314,10.78965,10.23933,9.43448,8.50692,9.04676,19.09812,18.42509,19.18724,20.17113,23.47205,24.11096,26.90107,30.51147,
IRL.1.0.319.0.UDGGL,Ireland,02 Based on ESA 2010 and former definitions (linked series),General government consolidated gross debt :- Excessive deficit procedure (based on ESA 2010) and former definitions (linked series),(Percentage of GDP at current prices (excessive deficit procedure)),NA,NA,NA,NA,NA,NA,NA,NA,NA,NA,47.68852,45.67058,42.87282,40.10759,50.2313,56.61959,61.28662,58.24567,60.08112,65.45849,66.95224,72.28481,81.21579,90.75777,94.7869,97.54619,108.43906,109.51882,105.38242,96.29522,90.33622,91.66605,88.75923,91.24594,85.96642,78.63713,69.9345,61.57774,51.414,46.57038,36.41255,33.57783,30.8896,29.83208,28.00442,26.05956,23.6532,23.94847,42.51374,61.76474,86.23153,109.5906,118.91107,117.67542,101.38754,74.03138,72.68315,65.22189,61.33797,55.78948,56.90039,52.44376,42.95913,41.78862,38.30438,32.86484,32.37509,31.55293,
GRC.1.0.319.0.UDGGL,Greece,02 Based on ESA 2010 and former definitions (linked series),General government consolidated gross debt :- Excessive deficit procedure (based on ESA 2010) and former definitions (linked series),(Percentage of GDP at current prices (excessive deficit procedure)),NA,NA,NA,NA,NA,NA,NA,NA,NA,NA,18.32548,18.68908,19.56076,16.14022,21.50683,18.67529,18.1826,18.34095,23.78636,23.24736,23.07047,27.41204,30.93718,35.52809,42.3895,49.54279,51.44815,57.82034,63.18823,66.46752,73.49912,75.90501,81.09551,101.70368,99.68242,100.38658,103.72416,102.59885,100.78523,102.84294,108.85409,110.53474,107.87134,104.25856,105.49313,109.85896,105.3342,104.63717,110.90731,128.48184,147.84618,175.07557,164.11317,180.36605,182.67032,179.62011,183.10595,182.09877,189.02901,183.17247,209.38224,197.28665,177.77246,164.27815,154.16498,146.13213,140.67863,134.35518,
ESP.1.0.319.0.UDGGL,Spain,02 Based on ESA 2010 and former definitions (linked series),General government consolidated gross debt :- Excessive deficit procedure (based on ESA 2010) and former definitions (linked series),(Percentage of GDP at current prices (excessive deficit procedure)),NA,NA,NA,NA,NA,NA,NA,NA,NA,NA,14.25391,14.87999,13.56608,11.96997,11.48062,11.72121,11.51406,12.53463,12.66204,14.26084,15.99869,19.59018,24.41452,29.49901,35.38246,40.27127,41.58685,41.90107,38.38819,39.75402,41.48225,42.23945,44.61092,55.61347,58.21608,61.58648,65.44195,64.28631,62.35467,60.85315,57.84051,54.05223,51.23686,47.68694,45.33269,42.39519,39.01906,35.69813,39.6088,53.07928,60.26603,69.52841,89.56038,100.01494,104.44838,102.48521,102.02036,101.20718,99.79096,97.65925,119.27911,115.69678,109.32085,105.18212,101.64604,100.65629,99.60872,98.89854,
FRA.1.0.319.0.UDGGL,France,02 Based on ESA 2010 and former definitions (linked series),General government consolidated gross debt :- Excessive deficit procedure (based on ESA 2010) and former definitions (linked series),(Percentage of GDP at current prices (excessive deficit procedure)),NA,NA,NA,NA,NA,NA,NA,NA,NA,NA,NA,NA,NA,NA,NA,NA,NA,20.91499,22.30232,22.19556,21.79175,23.06843,26.56249,27.96068,30.44689,32.12295,32.63929,35.03391,34.88329,35.64204,36.83038,37.60836,41.49929,48.02669,51.38825,57.80499,60.59348,61.98324,62.09972,61.42312,59.72138,59.32226,61.25603,65.36387,66.87941,68.18605,65.40082,65.47676,69.81919,84.05561,86.27793,88.74931,91.74196,94.5578,96.1644,96.97781,98.14973,98.76097,98.52992,98.15773,114.90658,112.78571,111.36558,109.50736,112.63478,115.55171,118.05238,120.19201,
HRV.1.0.319.0.UDGGL,Croatia,02 Based on ESA 2010 and former definitions (linked series),General government consolidated gross debt :- Excessive deficit procedure (based on ESA 2010) and former definitions (linked series),(Percentage of GDP at current prices (excessive deficit procedure)),NA,NA,NA,NA,NA,NA,NA,NA,NA,NA,NA,NA,NA,NA,NA,NA,NA,NA,NA,NA,NA,NA,NA,NA,NA,NA,NA,NA,NA,NA,NA,NA,NA,NA,NA,23.2971,25.33662,24.65548,22.60867,28.83893,35.43446,36.58789,36.45393,37.84936,39.95908,40.89795,38.37992,37.08423,38.91863,47.92469,56.81218,63.14828,68.85417,79.48774,83.23105,82.77962,79.26158,76.17696,72.84738,70.88304,86.47699,78.20789,68.54786,60.94973,57.37018,56.32774,55.94161,55.58981,
ITA.1.0.319.0.UDGGL,Italy,02 Based on ESA 2010 and former definitions (linked series),General government consolidated gross debt :- Excessive deficit procedure (based on ESA 2010) and former definitions (linked series),(Percentage of GDP at current prices (excessive deficit procedure)),31.72221,29.86477,28.7243,26.78585,26.61714,27.64718,32.29927,31.87383,34.23023,34.84127,35.77657,40.41601,45.90625,48.81052,48.51191,54.74231,54.43488,53.47694,57.51311,56.32982,54.26652,56.52924,61.03335,67.02595,72.29657,78.03342,81.95098,85.68247,87.23444,89.54238,91.3757,94.5379,101.07186,110.71866,116.61749,119.08771,118.89638,116.4905,113.88684,113.05855,108.74277,108.51303,105.94749,105.11402,104.74255,106.17722,106.25788,103.46436,105.80329,116.14151,118.75829,119.12951,125.90126,131.85448,134.79758,134.79046,134.24185,133.74296,134.20019,133.90001,154.38077,145.81992,138.3574,133.93927,134.73942,137.10455,138.4982,139.15188,
CYP.1.0.319.0.UDGGL,Cyprus,02 Based on ESA 2010 and former definitions (linked series),General government consolidated gross debt :- Excessive deficit procedure (based on ESA 2010) and former definitions (linked series),(Percentage of GDP at current prices (excessive deficit procedure)),NA,NA,NA,NA,NA,NA,NA,NA,NA,NA,NA,NA,NA,NA,NA,NA,NA,NA,NA,NA,NA,NA,NA,NA,NA,NA,NA,NA,NA,NA,NA,NA,NA,NA,NA,49.74395,51.01197,54.86515,56.40865,56.52639,56.46636,58.05084,61.27284,64.5871,65.5125,64.11012,59.99379,55.67754,47.10582,57.64413,60.08233,69.88289,84.3508,108.27451,113.48239,111.5957,106.92118,96.47881,100.71905,92.29366,113.60378,96.48795,80.09607,71.07551,62.73654,55.03372,50.38121,45.47056,
LVA.1.0.319.0.UDGGL,Latvia,02 Based on ESA 2010 and former definitions (linked series),General government consolidated gross debt :- Excessive deficit procedure (based on ESA 2010) and former definitions (linked series),(Percentage of GDP at current prices (excessive deficit procedure)),NA,NA,NA,NA,NA,NA,NA,NA,NA,NA,NA,NA,NA,NA,NA,NA,NA,NA,NA,NA,NA,NA,NA,NA,NA,NA,NA,NA,NA,NA,NA,NA,NA,NA,NA,14.33192,13.64519,10.94222,9.27158,12.41366,12.37989,14.10955,13.43994,14.7592,15.2161,12.38989,10.57146,8.91474,19.46994,37.98893,48.63417,46.58879,44.04831,41.7741,43.0789,38.27915,41.73414,40.32958,38.30438,37.91085,44.03692,45.87381,44.44294,44.4303,46.24943,46.88749,48.83569,53.78172,
LTU.1.0.319.0.UDGGL,Lithuania,02 Based on ESA 2010 and former definitions (linked series),General government consolidated gross debt :- Excessive deficit procedure (based on ESA 2010) and former definitions (linked series),(Percentage of GDP at current prices (excessive deficit procedure)),NA,NA,NA,NA,NA,NA,NA,NA,NA,NA,NA,NA,NA,NA,NA,NA,NA,NA,NA,NA,NA,NA,NA,NA,NA,NA,NA,NA,NA,NA,NA,NA,NA,NA,NA,11.44701,13.83828,15.29889,16.4675,22.5983,23.46527,22.87933,22.13153,20.35881,18.59082,17.63987,17.29988,15.87687,14.57053,27.91077,36.70405,37.44137,39.90983,38.8613,40.72768,42.42014,39.79423,39.12945,33.34813,35.59377,45.88218,43.32654,38.31576,37.11201,37.96669,39.47275,44.61217,48.35548,
LUX.1.0.319.0.UDGGL,Luxembourg,02 Based on ESA 2010 and former definitions (linked series),General government consolidated gross debt :- Excessive deficit procedure (based on ESA 2010) and former definitions (linked series),(Percentage of GDP at current prices (excessive deficit procedure)),NA,NA,NA,NA,NA,NA,NA,NA,NA,NA,27.58284,27.75301,24.65714,20.07158,16.33854,17.78586,16.13732,16.3362,15.08826,13.95013,13.55765,14.13405,14.01099,14.81733,14.75015,14.05138,13.62303,11.90749,9.48324,7.76361,6.41986,5.55558,6.5668,8.20224,7.52659,10.13357,9.95501,9.46614,9.07947,8.07485,7.49411,7.62314,7.4479,7.43462,7.8299,7.9502,8.20511,8.09178,14.6275,15.28524,19.08958,18.50306,20.8491,22.407,21.86332,21.1332,19.59754,21.80225,20.87008,22.33885,24.53269,24.18459,24.90165,24.68207,26.26831,26.4686,29.16038,30.19505,
HUN.1.0.319.0.UDGGL,Hungary,02 Based on ESA 2010 and former definitions (linked series),General government consolidated gross debt :- Excessive deficit procedure (based on ESA 2010) and former definitions (linked series),(Percentage of GDP at current prices (excessive deficit procedure)),NA,NA,NA,NA,NA,NA,NA,NA,NA,NA,NA,NA,NA,NA,NA,NA,NA,NA,NA,NA,NA,NA,NA,NA,NA,NA,NA,NA,NA,NA,NA,NA,NA,NA,NA,83.86841,71.16823,62.19574,60.42212,60.2966,55.63761,52.20472,55.55673,58.17443,58.9071,60.57876,64.48894,65.57994,71.80108,78.18836,80.1743,80.46835,78.36398,77.22023,76.4905,75.72413,74.64589,72.00164,68.81616,64.98843,78.6866,76.21467,74.07789,73.29709,73.46212,74.57203,75.05303,76.83977,
MLT.1.0.319.0.UDGGL,Malta,02 Based on ESA 2010 and former definitions (linked series),General government consolidated gross debt :- Excessive deficit procedure (based on ESA 2010) and former definitions (linked series),(Percentage of GDP at current prices (excessive deficit procedure)),NA,NA,NA,NA,NA,NA,NA,NA,NA,NA,NA,NA,NA,NA,NA,NA,NA,NA,NA,NA,NA,NA,NA,NA,NA,NA,NA,NA,NA,NA,NA,NA,NA,NA,NA,34.25194,38.51007,46.47024,50.74932,61.79806,61.14519,65.1662,63.36945,69.00825,71.21024,70.15073,64.54521,62.03673,61.5247,66.04534,65.03225,68.9383,65.61169,64.94468,60.74565,55.04818,53.14911,45.55778,41.4429,39.22185,48.79345,49.7407,50.26722,46.91997,45.90576,46.37255,46.23097,46.1729,
NLD.1.0.319.0.UDGGL,Netherlands,02 Based on ESA 2010 and former definitions (linked series),General government consolidated gross debt :- Excessive deficit procedure (based on ESA 2010) and former definitions (linked series),(Percentage of GDP at current prices (excessive deficit procedure)),NA,NA,NA,NA,NA,NA,NA,NA,NA,NA,NA,NA,NA,NA,NA,38.77391,38.56812,38.4112,39.54277,41.26234,43.53126,46.87682,52.41295,58.39144,61.83834,67.05501,68.83191,71.16615,73.68665,73.73962,73.90441,73.64176,74.38656,75.47337,72.83888,73.1623,71.37243,65.80912,62.77875,58.6943,52.24186,49.49611,48.76765,49.87794,50.16451,49.64511,45.0208,42.79957,54.33234,56.34278,58.94713,61.2151,65.74019,67.19759,67.19862,63.81507,60.86854,55.97161,51.55391,47.65205,53.41246,50.5007,48.4137,45.84953,43.78388,44.38827,46.94807,46.97437,
AUT.1.0.319.0.UDGGL,Austria,02 Based on ESA 2010 and former definitions (linked series),General government consolidated gross debt :- Excessive deficit procedure (based on ESA 2010) and former definitions (linked series),(Percentage of GDP at current prices (excessive deficit procedure)),NA,NA,NA,NA,NA,NA,NA,NA,NA,NA,18.61,17.51591,16.80035,16.80235,16.92776,22.99983,26.36333,28.70063,32.33413,34.14573,35.61465,37.32628,39.63873,43.89093,46.40479,48.30724,52.59727,56.41792,57.63451,56.90427,56.49689,56.70264,56.59384,61.2452,64.37597,68.58348,68.63241,63.90393,64.34544,67.08007,66.63779,67.23813,67.44031,66.41175,65.91193,69.42757,68.17655,65.81311,69.52796,80.75221,83.6541,83.35606,82.93562,82.43083,85.20985,85.61467,83.41912,79.05713,74.58627,71.00594,83.18299,82.39898,78.13927,77.77153,79.95569,81.5265,83.43571,84.85804,
POL.1.0.319.0.UDGGL,Poland,02 Based on ESA 2010 and former definitions (linked series),General government consolidated gross debt :- Excessive deficit procedure (based on ESA 2010) and former definitions (linked series),(Percentage of GDP at current prices (excessive deficit procedure)),NA,NA,NA,NA,NA,NA,NA,NA,NA,NA,NA,NA,NA,NA,NA,NA,NA,NA,NA,NA,NA,NA,NA,NA,NA,NA,NA,NA,NA,NA,NA,NA,NA,NA,NA,47.33834,42.17562,42.09052,38.23755,38.75308,36.22831,37.07871,41.56623,46.40712,44.90851,46.4742,47.09761,44.4275,46.55937,49.7005,53.74772,54.78022,54.47221,56.85903,51.12997,51.05617,54.12881,50.4443,48.23362,45.21111,56.58466,53.01358,48.78701,49.52051,54.84734,59.68178,64.46912,68.25065,
PRT.1.0.319.0.UDGGL,Portugal,02 Based on ESA 2010 and former definitions (linked series),General government consolidated gross debt :- Excessive deficit procedure (based on ESA 2010) and former definitions (linked series),(Percentage of GDP at current prices (excessive deficit procedure)),NA,NA,NA,NA,NA,NA,NA,NA,NA,NA,NA,NA,NA,14.26982,14.18719,20.13661,25.76636,28.23495,31.40369,35.21414,31.04678,39.30426,42.98737,46.69367,51.26284,59.39294,59.76979,57.21662,56.81028,55.35563,56.01914,58.51077,52.55345,57.38989,60.23056,62.21475,63.31223,58.71547,55.61573,55.40557,54.19312,57.38022,59.99582,63.88873,67.09733,72.24267,73.65996,72.69679,75.49246,87.57697,99.88466,114.02375,128.60348,130.84075,132.45322,131.02322,131.18023,126.0292,121.11222,116.10971,134.09644,123.87817,111.2317,96.86945,93.48399,89.66549,87.6008,86.00124,
ROM.1.0.319.0.UDGGL,Romania,02 Based on ESA 2010 and former definitions (linked series),General government consolidated gross debt :- Excessive deficit procedure (based on ESA 2010) and former definitions (linked series),(Percentage of GDP at current prices (excessive deficit procedure)),NA,NA,NA,NA,NA,NA,NA,NA,NA,NA,NA,NA,NA,NA,NA,NA,NA,NA,NA,NA,NA,NA,NA,NA,NA,NA,NA,NA,NA,NA,NA,NA,NA,NA,NA,6.61183,10.62287,15.05955,16.80056,21.7219,22.48659,25.86944,24.8208,22.10933,18.94525,15.90511,12.42358,11.94916,12.33163,21.77386,28.96143,32.34475,35.37448,37.78126,39.13669,37.71129,37.83388,35.26225,34.61391,35.1854,46.87359,48.59454,48.06383,49.29974,54.84408,59.34673,61.55275,63.37679,
SVN.1.0.319.0.UDGGL,Slovenia,02 Based on ESA 2010 and former definitions (linked series),General government consolidated gross debt :- Excessive deficit procedure (based on ESA 2010) and former definitions (linked series),(Percentage of GDP at current prices (excessive deficit procedure)),NA,NA,NA,NA,NA,NA,NA,NA,NA,NA,NA,NA,NA,NA,NA,NA,NA,NA,NA,NA,NA,NA,NA,NA,NA,NA,NA,NA,NA,NA,NA,NA,NA,NA,NA,18.22805,21.59789,22.09683,22.82054,23.81712,26.08542,26.32398,27.6823,27.02754,27.10052,26.58849,26.20753,22.94336,21.89388,34.94049,38.60721,46.81475,54.07393,70.83629,81.13294,83.41817,79.43037,74.88995,71.00653,66.02044,80.16975,74.81781,72.77335,68.28861,66.38434,65.72007,64.88344,65.1166,
SVK.1.0.319.0.UDGGL,Slovakia,02 Based on ESA 2010 and former definitions (linked series),General government consolidated gross debt :- Excessive deficit procedure (based on ESA 2010) and former definitions (linked series),(Percentage of GDP at current prices (excessive deficit procedure)),NA,NA,NA,NA,NA,NA,NA,NA,NA,NA,NA,NA,NA,NA,NA,NA,NA,NA,NA,NA,NA,NA,NA,NA,NA,NA,NA,NA,NA,NA,NA,NA,NA,NA,NA,21.31246,30.33927,32.82469,33.85241,47.12565,50.59841,51.35083,45.64844,43.63917,41.99687,34.98456,31.53167,30.37273,28.63296,36.40723,40.65362,43.27014,51.68756,54.61072,53.39207,51.59928,52.13561,51.38149,49.27032,48.00963,58.40814,60.21686,57.75619,55.75763,59.70073,61.39244,63.70506,66.85267,
FIN.1.0.319.0.UDGGL,Finland,02 Based on ESA 2010 and former definitions (linked series),General government consolidated gross debt :- Excessive deficit procedure (based on ESA 2010) and former definitions (linked series),(Percentage of GDP at current prices (excessive deficit procedure)),NA,NA,NA,NA,NA,NA,NA,NA,NA,NA,11.43628,10.32072,9.39175,7.66166,6.091,6.50944,6.10664,7.77259,10.97621,11.13408,11.22097,11.50924,13.80674,15.30626,15.13243,15.78997,16.40201,17.61844,16.51293,14.24572,13.80744,21.88095,39.25607,54.19421,56.19804,55.20446,55.36346,52.23538,46.84342,44.06484,45.13953,43.44354,42.64282,45.15602,44.93798,42.1441,40.22423,35.99934,34.71504,44.13019,50.11294,52.02449,57.85615,60.81171,64.81261,68.76427,68.6492,66.58078,65.35823,65.32798,75.31717,73.12593,73.96397,77.04548,82.37129,88.54582,91.16799,93.08034,
SWE.1.0.319.0.UDGGL,Sweden,02 Based on ESA 2010 and former definitions (linked series),General government consolidated gross debt :- Excessive deficit procedure (based on ESA 2010) and former definitions (linked series),(Percentage of GDP at current prices (excessive deficit procedure)),NA,NA,NA,NA,NA,NA,NA,NA,NA,NA,25.21118,25.51818,25.37634,24.74985,25.02492,24.34529,22.69196,24.60349,28.44046,32.58885,36.92029,44.43774,52.99819,56.39784,57.53947,57.0571,56.7258,50.20786,44.90006,40.39324,38.71012,46.45373,58.46493,66.10897,68.50228,68.76555,69.31659,66.92976,66.135,60.74569,50.44415,51.99239,49.84691,49.45277,48.68294,48.99432,43.93025,39.282,38.0376,41.30058,38.71129,37.79644,38.12471,41.174,46.06647,44.79087,43.17903,41.91275,40.17004,36.01413,40.4816,37.24065,34.40664,32.24377,34.21236,35.08961,36.57578,37.70361,
GBR.1.0.319.0.UDGGL,United Kingdom,02 Based on ESA 2010 and former definitions (linked series),General government consolidated gross debt :- Excessive deficit procedure (based on ESA 2010) and former definitions (linked series),(Percentage of GDP at current prices (excessive deficit procedure)),NA,NA,NA,NA,NA,NA,NA,NA,NA,NA,73.3581,69.53173,64.5179,59.63483,59.62925,57.07917,56.23635,55.11372,52.2673,48.79389,47.98897,47.45125,46.19431,46.07914,47.51752,45.82888,44.3021,41.78256,36.13429,31.12443,28.76294,28.9654,33.06744,38.25469,41.23906,44.25412,44.40805,43.89566,41.78942,40.27545,37.549,34.82385,35.33934,36.64232,39.66641,40.86894,41.88637,42.97658,50.55401,64.47363,75.51817,81.06644,84.09039,84.94834,86.51141,87.34004,87.25096,86.11697,85.58391,84.93671,104.78703,103.44684,97.49263,98.84287,99.84793,102.21461,103.7583,104.94047,
ALB.1.0.319.0.UDGGL,Albania,02 Based on ESA 2010 and former definitions (linked series),General government consolidated gross debt :- Excessive deficit procedure (based on ESA 2010) and former definitions (linked series),(Percentage of GDP at current prices (excessive deficit procedure)),NA,NA,NA,NA,NA,NA,NA,NA,NA,NA,NA,NA,NA,NA,NA,NA,NA,NA,NA,NA,NA,NA,NA,NA,NA,NA,NA,NA,NA,NA,NA,NA,NA,NA,NA,NA,NA,NA,NA,NA,NA,NA,NA,NA,NA,NA,NA,NA,NA,NA,56.95732,59.03233,62.51635,65.45247,69.73032,72.20567,71.66624,68.91264,NA,NA,NA,NA,NA,NA,NA,NA,NA,NA,
MNE.1.0.319.0.UDGGL,Montenegro,02 Based on ESA 2010 and former definitions (linked series),General government consolidated gross debt :- Excessive deficit procedure (based on ESA 2010) and former definitions (linked series),(Percentage of GDP at current prices (excessive deficit procedure)),NA,NA,NA,NA,NA,NA,NA,NA,NA,NA,NA,NA,NA,NA,NA,NA,NA,NA,NA,NA,NA,NA,NA,NA,NA,NA,NA,NA,NA,NA,NA,NA,NA,NA,NA,NA,NA,NA,NA,NA,NA,NA,75.11184,39.94028,44.97368,38.28192,32.36424,27.43499,28.86082,38.23775,40.72065,45.8156,53.62451,58.05502,60.0977,66.9101,64.67715,64.87478,NA,NA,NA,NA,NA,NA,NA,NA,NA,NA,
SRB.1.0.319.0.UDGGL,Serbia,02 Based on ESA 2010 and former definitions (linked series),General government consolidated gross debt :- Excessive deficit procedure (based on ESA 2010) and former definitions (linked series),(Percentage of GDP at current prices (excessive deficit procedure)),NA,NA,NA,NA,NA,NA,NA,NA,NA,NA,NA,NA,NA,NA,NA,NA,NA,NA,NA,NA,NA,NA,NA,NA,NA,NA,NA,NA,NA,NA,NA,NA,NA,NA,NA,NA,NA,NA,NA,NA,179.6227,88.14177,61.42079,55.42584,48.70031,46.50982,33.04427,26.80204,25.75126,29.76095,37.89939,42.94971,52.45243,55.13531,64.675,68.36982,66.20461,56.32846,52.14256,50.51749,55.18988,54.46704,52.89185,48.38521,46.94721,44.3966,45.81703,44.96667,
TUR.1.0.319.0.UDGGL,Türkiye,02 Based on ESA 2010 and former definitions (linked series),General government consolidated gross debt :- Excessive deficit procedure (based on ESA 2010) and former definitions (linked series),(Percentage of GDP at current prices (excessive deficit procedure)),NA,NA,NA,NA,NA,NA,NA,NA,NA,NA,NA,NA,NA,NA,NA,NA,NA,NA,NA,NA,NA,NA,NA,NA,NA,NA,NA,NA,NA,NA,NA,NA,NA,NA,NA,NA,NA,NA,NA,NA,NA,NA,NA,NA,NA,NA,NA,NA,NA,NA,NA,NA,NA,NA,NA,NA,NA,NA,NA,31.19497,38.29748,38.90954,29.43293,28.2407,23.59667,23.78821,25.41438,26.70182,
ISL.1.0.319.0.UDGGL,Iceland,02 Based on ESA 2010 and former definitions (linked series),General government consolidated gross debt :- Excessive deficit procedure (based on ESA 2010) and former definitions (linked series),(Percentage of GDP at current prices (excessive deficit procedure)),NA,NA,NA,NA,NA,NA,NA,NA,NA,NA,NA,NA,NA,NA,NA,NA,NA,NA,NA,NA,NA,NA,NA,NA,NA,NA,NA,NA,NA,NA,NA,NA,NA,NA,NA,56699.39221,54152.50874,51055.37115,43270.98326,75536.70612,74846.68857,82.49558,81306.57402,84072.24208,80058.52883,67751.28844,69826.11843,67446.18269,109.30879,128.20693,131.50072,136.62879,132.20206,121.06513,114.12086,96.31544,81.33502,70.79232,62.25853,65.71752,76.08784,73.58887,66.42357,61.50283,59.56892,46.94086,45.60325,43.83151,
NOR.1.0.319.0.UDGGL,Norway,02 Based on ESA 2010 and former definitions (linked series),General government consolidated gross debt :- Excessive deficit procedure (based on ESA 2010) and former definitions (linked series),(Percentage of GDP at current prices (excessive deficit procedure)),NA,NA,NA,NA,NA,NA,NA,NA,NA,NA,NA,NA,NA,NA,NA,NA,NA,NA,NA,NA,NA,NA,NA,NA,NA,NA,NA,NA,NA,NA,NA,NA,NA,NA,NA,NA,NA,NA,NA,NA,28.66658,27.20059,33.80477,41.76936,42.89182,41.3876,51.78222,48.71215,46.33164,41.31274,41.66473,28.20019,29.21232,29.86279,27.63597,32.09421,35.76736,36.12659,37.53646,38.36429,43.36688,39.82826,35.05479,42.72433,53.15871,NA,47.25322,44.16975,
JPN.1.0.319.0.UDGGL,Japan,02 Based on ESA 2010 and former definitions (linked series),General government consolidated gross debt :- Excessive deficit procedure (based on ESA 2010) and former definitions (linked series),(Percentage of GDP at current prices (excessive deficit procedure)),NA,NA,NA,NA,NA,NA,NA,NA,NA,NA,10.4224,11.55148,15.28338,14.96604,15.74031,19.90133,25.41182,30.29,38.32173,42.7747,47.70992,52.01744,56.91838,62.96789,64.80713,66.9063,72.76576,74.83346,70.86955,64.32133,61.68103,61.1485,65.55317,71.12922,81.71159,92.65785,97.25719,102.83212,114.59209,127.5717,133.65599,142.35813,151.99198,158.18488,167.27109,153.43454,152.10211,150.44847,153.61772,172.85836,178.57883,190.56407,197.14376,201.16629,203.64537,200.14472,202.14519,203.11117,203.72053,206.32592,228.77106,222.68359,227.83119,220.30206,214.48708,206.52512,203.31412,200.07592,
USA.1.0.319.0.UDGGL,United States,02 Based on ESA 2010 and former definitions (linked series),General government consolidated gross debt :- Excessive deficit procedure (based on ESA 2010) and former definitions (linked series),(Percentage of GDP at current prices (excessive deficit procedure)),NA,NA,NA,NA,NA,NA,NA,NA,NA,42.40723,42.9194,43.50181,42.13372,39.75312,38.95492,41.95994,42.15263,41.20056,40.30478,39.19531,39.84635,39.02059,43.33477,45.95765,47.42313,51.64534,54.79837,56.38606,56.90602,57.00558,58.42306,62.53649,64.67271,66.13178,65.87065,65.29881,65.93697,64.1487,61.94781,59.97288,55.236,56.16593,58.61144,61.08318,62.17583,62.66049,62.82923,63.7628,72.4435,85.03448,93.19717,97.58463,101.09979,102.79188,103.02875,103.42804,106.23196,104.49031,106.37852,107.71309,129.81255,124.83207,120.59165,122.25688,123.62137,125.19955,126.39907,129.0214,
EU15.1.0.99.215.UDGGLR,European Union (15 countries),02 Based on ESA 2010 and former definitions (linked series),General government consolidated gross debt :- Excessive deficit procedure (based on ESA 2010) and former definition (linked series),(EUR: EU-15 = 100),NA,NA,NA,NA,NA,NA,NA,NA,NA,NA,NA,NA,NA,NA,NA,NA,NA,NA,NA,NA,NA,NA,NA,NA,NA,NA,NA,NA,NA,NA,100.42404,100.43849,100.37237,NA,NA,NA,NA,NA,NA,NA,NA,NA,NA,NA,NA,NA,NA,NA,NA,NA,NA,NA,NA,NA,NA,NA,NA,NA,NA,NA,NA,NA,NA,NA,NA,NA,NA,NA,
EA12.1.0.99.215.UDGGLR,Euro area (12 countries),02 Based on ESA 2010 and former definitions (linked series),General government consolidated gross debt :- Excessive deficit procedure (based on ESA 2010) and former definition (linked series),(EUR: EU-15 = 100),NA,NA,NA,NA,NA,NA,NA,NA,NA,NA,NA,NA,NA,NA,NA,NA,NA,NA,NA,NA,NA,NA,NA,NA,NA,NA,NA,NA,NA,NA,86.01835,86.10036,86.05093,NA,NA,NA,NA,NA,NA,NA,NA,NA,NA,NA,NA,NA,NA,NA,NA,NA,NA,NA,NA,NA,NA,NA,NA,NA,NA,NA,NA,NA,NA,NA,NA,NA,NA,NA,
DU15.1.0.99.215.UDGGLR,EU15 (including D_W West-Germany),02 Based on ESA 2010 and former definitions (linked series),General government consolidated gross debt :- Excessive deficit procedure (based on ESA 2010) and former definition (linked series),(EUR: EU-15 = 100),NA,NA,NA,NA,NA,NA,NA,NA,NA,NA,NA,NA,NA,NA,NA,NA,NA,100,100,100,100,100,100,100,100,100,100,100,100,100,100,100,100,NA,NA,NA,NA,NA,NA,NA,NA,NA,NA,NA,NA,NA,NA,NA,NA,NA,NA,NA,NA,NA,NA,NA,NA,NA,NA,NA,NA,NA,NA,NA,NA,NA,NA,NA,
DA12.1.0.99.215.UDGGLR,EA12 (including D_W West-Germany),02 Based on ESA 2010 and former definitions (linked series),General government consolidated gross debt :- Excessive deficit procedure (based on ESA 2010) and former definition (linked series),(EUR: EU-15 = 100),NA,NA,NA,NA,NA,NA,NA,NA,NA,NA,NA,NA,NA,NA,NA,NA,NA,73.22073,74.49068,73.99737,70.23216,71.66879,74.38998,74.06457,75.66962,76.86975,80.41808,81.12195,81.75237,84.89102,85.59432,85.66187,85.67856,NA,NA,NA,NA,NA,NA,NA,NA,NA,NA,NA,NA,NA,NA,NA,NA,NA,NA,NA,NA,NA,NA,NA,NA,NA,NA,NA,NA,NA,NA,NA,NA,NA,NA,NA,
BEL.1.0.99.215.UDGGLR,Belgium,02 Based on ESA 2010 and former definitions (linked series),General government consolidated gross debt :- Excessive deficit procedure (based on ESA 2010) and former definition (linked series),(EUR: EU-15 = 100),NA,NA,NA,NA,NA,NA,NA,NA,NA,NA,NA,NA,NA,NA,NA,NA,NA,7.31437,7.27887,6.93022,6.95557,7.16688,6.76046,6.65767,6.6774,6.74623,7.01899,7.03557,6.94056,7.03543,7.0708,6.81527,6.949,NA,NA,NA,NA,NA,NA,NA,NA,NA,NA,NA,NA,NA,NA,NA,NA,NA,NA,NA,NA,NA,NA,NA,NA,NA,NA,NA,NA,NA,NA,NA,NA,NA,NA,NA,
DNK.1.0.99.215.UDGGLR,Denmark,02 Based on ESA 2010 and former definitions (linked series),General government consolidated gross debt :- Excessive deficit procedure (based on ESA 2010) and former definition (linked series),(EUR: EU-15 = 100),NA,NA,NA,NA,NA,NA,NA,NA,NA,NA,NA,NA,NA,NA,NA,NA,NA,1.07985,1.75836,1.91526,2.11433,2.58419,3.06878,3.2971,3.38341,3.22592,2.88612,2.60517,2.57411,2.49649,2.37292,2.24925,2.42775,NA,NA,NA,NA,NA,NA,NA,NA,NA,NA,NA,NA,NA,NA,NA,NA,NA,NA,NA,NA,NA,NA,NA,NA,NA,NA,NA,NA,NA,NA,NA,NA,NA,NA,NA,
DEU.1.0.99.215.UDGGLR,Germany,02 Based on ESA 2010 and former definitions (linked series),General government consolidated gross debt :- Excessive deficit procedure (based on ESA 2010) and former definition (linked series),(EUR: EU-15 = 100),NA,NA,NA,NA,NA,NA,NA,NA,NA,NA,NA,NA,NA,NA,NA,NA,NA,NA,NA,NA,NA,NA,NA,NA,NA,NA,NA,NA,NA,NA,18.12855,18.34516,20.03189,NA,NA,NA,NA,NA,NA,NA,NA,NA,NA,NA,NA,NA,NA,NA,NA,NA,NA,NA,NA,NA,NA,NA,NA,NA,NA,NA,NA,NA,NA,NA,NA,NA,NA,NA,
D_W.1.0.99.215.UDGGLR,West Germany,02 Based on ESA 2010 and former definitions (linked series),General government consolidated gross debt :- Excessive deficit procedure (based on ESA 2010) and former definition (linked series),(EUR: EU-15 = 100),NA,NA,NA,NA,NA,NA,NA,NA,NA,NA,NA,NA,NA,NA,NA,NA,NA,20.86838,20.86495,20.35602,18.89428,19.62311,20.03985,19.07424,17.8707,17.62515,18.00922,17.83104,17.45427,17.28562,17.70451,17.90667,19.65952,NA,NA,NA,NA,NA,NA,NA,NA,NA,NA,NA,NA,NA,NA,NA,NA,NA,NA,NA,NA,NA,NA,NA,NA,NA,NA,NA,NA,NA,NA,NA,NA,NA,NA,NA,
IRL.1.0.99.215.UDGGLR,Ireland,02 Based on ESA 2010 and former definitions (linked series),General government consolidated gross debt :- Excessive deficit procedure (based on ESA 2010) and former definition (linked series),(EUR: EU-15 = 100),NA,NA,NA,NA,NA,NA,NA,NA,NA,NA,NA,NA,NA,NA,NA,NA,NA,0.97168,0.97242,1.08349,1.07511,1.20313,1.34493,1.34931,1.38185,1.40719,1.42781,1.40714,1.35311,1.30974,1.20215,1.14737,1.11858,NA,NA,NA,NA,NA,NA,NA,NA,NA,NA,NA,NA,NA,NA,NA,NA,NA,NA,NA,NA,NA,NA,NA,NA,NA,NA,NA,NA,NA,NA,NA,NA,NA,NA,NA,
GRC.1.0.99.215.UDGGLR,Greece,02 Based on ESA 2010 and former definitions (linked series),General government consolidated gross debt :- Excessive deficit procedure (based on ESA 2010) and former definition (linked series),(EUR: EU-15 = 100),NA,NA,NA,NA,NA,NA,NA,NA,NA,NA,NA,NA,NA,NA,NA,NA,NA,0.91292,1.09061,1.03198,0.93316,1.11053,1.21917,1.1959,1.38127,1.24447,1.25744,1.3338,1.5653,1.68458,1.80081,1.89223,1.9402,NA,NA,NA,NA,NA,NA,NA,NA,NA,NA,NA,NA,NA,NA,NA,NA,NA,NA,NA,NA,NA,NA,NA,NA,NA,NA,NA,NA,NA,NA,NA,NA,NA,NA,NA,
ESP.1.0.99.215.UDGGLR,Spain,02 Based on ESA 2010 and former definitions (linked series),General government consolidated gross debt :- Excessive deficit procedure (based on ESA 2010) and former definition (linked series),(EUR: EU-15 = 100),NA,NA,NA,NA,NA,NA,NA,NA,NA,NA,NA,NA,NA,NA,NA,NA,NA,2.11666,2.31603,2.66239,2.66625,3.06179,3.24708,3.57449,4.4255,4.58602,4.83368,5.07406,5.07927,5.60199,5.94975,6.05355,5.91798,NA,NA,NA,NA,NA,NA,NA,NA,NA,NA,NA,NA,NA,NA,NA,NA,NA,NA,NA,NA,NA,NA,NA,NA,NA,NA,NA,NA,NA,NA,NA,NA,NA,NA,NA,
FRA.1.0.99.215.UDGGLR,France,02 Based on ESA 2010 and former definitions (linked series),General government consolidated gross debt :- Excessive deficit procedure (based on ESA 2010) and former definition (linked series),(EUR: EU-15 = 100),NA,NA,NA,NA,NA,NA,NA,NA,NA,NA,NA,NA,NA,NA,NA,NA,NA,11.91899,12.44727,12.17987,11.16879,10.85528,11.62026,10.95586,11.36747,11.92118,11.733,12.08911,11.88152,12.57485,12.4387,11.91267,13.0465,NA,NA,NA,NA,NA,NA,NA,NA,NA,NA,NA,NA,NA,NA,NA,NA,NA,NA,NA,NA,NA,NA,NA,NA,NA,NA,NA,NA,NA,NA,NA,NA,NA,NA,NA,
ITA.1.0.99.215.UDGGLR,Italy,02 Based on ESA 2010 and former definitions (linked series),General government consolidated gross debt :- Excessive deficit procedure (based on ESA 2010) and former definition (linked series),(EUR: EU-15 = 100),NA,NA,NA,NA,NA,NA,NA,NA,NA,NA,NA,NA,NA,NA,NA,NA,NA,18.66581,19.05631,19.48718,18.81816,18.64858,19.91362,21.03527,22.50676,22.85904,25.25204,25.50366,26.63476,28.41299,28.77688,29.39043,26.23593,NA,NA,NA,NA,NA,NA,NA,NA,NA,NA,NA,NA,NA,NA,NA,NA,NA,NA,NA,NA,NA,NA,NA,NA,NA,NA,NA,NA,NA,NA,NA,NA,NA,NA,NA,
LUX.1.0.99.215.UDGGLR,Luxembourg,02 Based on ESA 2010 and former definitions (linked series),General government consolidated gross debt :- Excessive deficit procedure (based on ESA 2010) and former definition (linked series),(EUR: EU-15 = 100),NA,NA,NA,NA,NA,NA,NA,NA,NA,NA,NA,NA,NA,NA,NA,NA,NA,0.09058,0.0802,0.06875,0.05988,0.05599,0.04881,0.04769,0.04701,0.04329,0.0439,0.0371,0.03026,0.02714,0.02228,0.01941,0.02324,NA,NA,NA,NA,NA,NA,NA,NA,NA,NA,NA,NA,NA,NA,NA,NA,NA,NA,NA,NA,NA,NA,NA,NA,NA,NA,NA,NA,NA,NA,NA,NA,NA,NA,NA,
NLD.1.0.99.215.UDGGLR,Netherlands,02 Based on ESA 2010 and former definitions (linked series),General government consolidated gross debt :- Excessive deficit procedure (based on ESA 2010) and former definition (linked series),(EUR: EU-15 = 100),NA,NA,NA,NA,NA,NA,NA,NA,NA,NA,NA,NA,NA,NA,NA,NA,NA,7.08309,6.97897,6.67571,6.28627,6.31679,6.56153,6.47413,6.31082,6.59649,6.7484,6.60659,6.53874,6.66136,6.38295,6.10536,6.16823,NA,NA,NA,NA,NA,NA,NA,NA,NA,NA,NA,NA,NA,NA,NA,NA,NA,NA,NA,NA,NA,NA,NA,NA,NA,NA,NA,NA,NA,NA,NA,NA,NA,NA,NA,
AUT.1.0.99.215.UDGGLR,Austria,02 Based on ESA 2010 and former definitions (linked series),General government consolidated gross debt :- Excessive deficit procedure (based on ESA 2010) and former definition (linked series),(EUR: EU-15 = 100),NA,NA,NA,NA,NA,NA,NA,NA,NA,NA,NA,NA,NA,NA,NA,NA,NA,2.1608,2.25297,2.30991,2.1458,2.1666,2.2274,2.28323,2.23055,2.27699,2.52865,2.63239,2.59648,2.63728,2.54125,2.48107,2.50291,NA,NA,NA,NA,NA,NA,NA,NA,NA,NA,NA,NA,NA,NA,NA,NA,NA,NA,NA,NA,NA,NA,NA,NA,NA,NA,NA,NA,NA,NA,NA,NA,NA,NA,NA,
PRT.1.0.99.215.UDGGLR,Portugal,02 Based on ESA 2010 and former definitions (linked series),General government consolidated gross debt :- Excessive deficit procedure (based on ESA 2010) and former definition (linked series),(EUR: EU-15 = 100),NA,NA,NA,NA,NA,NA,NA,NA,NA,NA,NA,NA,NA,NA,NA,NA,NA,0.77047,0.72611,0.76946,0.76648,0.97497,0.89168,0.83749,0.89362,0.98953,1.00955,0.97497,1.05804,1.09503,1.18654,1.30658,1.22694,NA,NA,NA,NA,NA,NA,NA,NA,NA,NA,NA,NA,NA,NA,NA,NA,NA,NA,NA,NA,NA,NA,NA,NA,NA,NA,NA,NA,NA,NA,NA,NA,NA,NA,NA,
FIN.1.0.99.215.UDGGLR,Finland,02 Based on ESA 2010 and former definitions (linked series),General government consolidated gross debt :- Excessive deficit procedure (based on ESA 2010) and former definition (linked series),(EUR: EU-15 = 100),NA,NA,NA,NA,NA,NA,NA,NA,NA,NA,NA,NA,NA,NA,NA,NA,NA,0.34699,0.42596,0.44239,0.46242,0.48514,0.51519,0.57929,0.57666,0.57417,0.55541,0.59653,0.62006,0.56502,0.5177,0.63126,0.88954,NA,NA,NA,NA,NA,NA,NA,NA,NA,NA,NA,NA,NA,NA,NA,NA,NA,NA,NA,NA,NA,NA,NA,NA,NA,NA,NA,NA,NA,NA,NA,NA,NA,NA,NA,
SWE.1.0.99.215.UDGGLR,Sweden,02 Based on ESA 2010 and former definitions (linked series),General government consolidated gross debt :- Excessive deficit procedure (based on ESA 2010) and former definition (linked series),(EUR: EU-15 = 100),NA,NA,NA,NA,NA,NA,NA,NA,NA,NA,NA,NA,NA,NA,NA,NA,NA,2.96559,3.19703,3.4944,3.94926,4.21556,3.97756,4.33471,4.47984,4.17358,3.87341,3.30488,3.15525,2.85101,2.64937,3.17758,3.2079,NA,NA,NA,NA,NA,NA,NA,NA,NA,NA,NA,NA,NA,NA,NA,NA,NA,NA,NA,NA,NA,NA,NA,NA,NA,NA,NA,NA,NA,NA,NA,NA,NA,NA,NA,
GBR.1.0.99.215.UDGGLR,United Kingdom,02 Based on ESA 2010 and former definitions (linked series),General government consolidated gross debt :- Excessive deficit procedure (based on ESA 2010) and former definition (linked series),(EUR: EU-15 = 100),NA,NA,NA,NA,NA,NA,NA,NA,NA,NA,NA,NA,NA,NA,NA,NA,NA,22.73382,20.55392,20.59297,23.70426,21.53145,18.56367,18.30363,16.46713,15.73076,12.8224,12.968,12.51828,9.76148,9.3834,8.9113,8.68579,NA,NA,NA,NA,NA,NA,NA,NA,NA,NA,NA,NA,NA,NA,NA,NA,NA,NA,NA,NA,NA,NA,NA,NA,NA,NA,NA,NA,NA,NA,NA,NA,NA,NA,NA,
JPN.1.0.99.215.UDGGLR,Japan,02 Based on ESA 2010 and former definitions (linked series),General government consolidated gross debt :- Excessive deficit procedure (based on ESA 2010) and former definition (linked series),(EUR: EU-15 = 100),NA,NA,NA,NA,NA,NA,NA,NA,NA,NA,NA,NA,NA,NA,NA,NA,NA,34.13491,45.18555,36.49342,48.34575,53.6504,55.0781,64.12645,65.46115,66.02866,72.17727,77.39689,79.01043,61.69567,54.06331,56.73758,63.49679,NA,NA,NA,NA,NA,NA,NA,NA,NA,NA,NA,NA,NA,NA,NA,NA,NA,NA,NA,NA,NA,NA,NA,NA,NA,NA,NA,NA,NA,NA,NA,NA,NA,NA,NA,
USA.1.0.99.215.UDGGLR,United States,02 Based on ESA 2010 and former definitions (linked series),General government consolidated gross debt :- Excessive deficit procedure (based on ESA 2010) and former definition (linked series),(EUR: EU-15 = 100),NA,NA,NA,NA,NA,NA,NA,NA,NA,NA,NA,NA,NA,NA,NA,NA,NA,115.35588,97.65464,87.95281,90.16739,101.65252,112.44499,129.47075,150.11461,127.71203,109.36384,90.9105,102.03969,101.12995,87.59161,89.05535,99.23412,NA,NA,NA,NA,NA,NA,NA,NA,NA,NA,NA,NA,NA,NA,NA,NA,NA,NA,NA,NA,NA,NA,NA,NA,NA,NA,NA,NA,NA,NA,NA,NA,NA,NA,NA,
EU27.1.0.99.315.UDGGLR,European Union,02 Based on ESA 2010 and former definitions (linked series),General government consolidated gross debt :- Excessive deficit procedure (based on ESA 2010) and former definition (linked series),(EUR: EU-15 = 100),NA,NA,NA,NA,NA,NA,NA,NA,NA,NA,NA,NA,NA,NA,NA,NA,NA,NA,NA,NA,NA,NA,NA,NA,NA,NA,NA,NA,NA,NA,NA,NA,NA,NA,NA,93.03271,91.59516,90.55559,91.50658,90.73052,91.32118,92.19052,92.77674,93.05493,92.62929,92.0549,91.48642,92.13412,93.55536,91.82498,90.46136,89.29221,89.08957,89.24504,87.5459,86.36591,88.44651,88.76299,88.61861,87.64141,88.1333,86.85692,87.80782,87.3799,86.79927,87.89148,88.32274,88.81601,
EU15.1.0.99.315.UDGGLR,European Union (15 countries),02 Based on ESA 2010 and former definitions (linked series),General government consolidated gross debt :- Excessive deficit procedure (based on ESA 2010) and former definition (linked series),(EUR: EU-15 = 100),NA,NA,NA,NA,NA,NA,NA,NA,NA,NA,NA,NA,NA,NA,NA,NA,NA,NA,NA,NA,NA,NA,NA,NA,NA,NA,NA,NA,NA,NA,100,100,100,100,100,100,100,100,100,100,100,100,100,100,100,100,100,100,100,100,100,100,100,100,100,100,100,100,100,100,100,100,100,100,100,100,100,100,
EA19.1.0.99.315.UDGGLR,Euro area (19 countries),02 Based on ESA 2010 and former definitions (linked series),General government consolidated gross debt :- Excessive deficit procedure (based on ESA 2010) and former definition (linked series),(EUR: EU-15 = 100),NA,NA,NA,NA,NA,NA,NA,NA,NA,NA,NA,NA,NA,NA,NA,NA,NA,NA,NA,NA,NA,NA,NA,NA,NA,NA,NA,NA,NA,NA,NA,NA,NA,NA,NA,85.63496,84.69236,83.7191,84.92013,84.02666,84.89683,85.43984,85.92615,86.38777,85.71269,85.27111,84.70324,85.34709,87.03559,85.20804,83.68902,82.74896,82.43297,82.59258,81.06957,79.87025,81.82973,82.05319,82.0095,81.13907,81.12147,79.9633,80.83183,79.99268,78.959,79.34542,79.30754,79.38426,
EA20.1.0.99.315.UDGGLR,Euro area (20 countries),02 Based on ESA 2010 and former definitions (linked series),General government consolidated gross debt :- Excessive deficit procedure (based on ESA 2010) and former definition (linked series),(EUR: EU-15 = 100),NA,NA,NA,NA,NA,NA,NA,NA,NA,NA,NA,NA,NA,NA,NA,NA,NA,NA,NA,NA,NA,NA,NA,NA,NA,NA,NA,NA,NA,NA,NA,NA,NA,NA,NA,85.71722,84.78389,83.81706,85.01303,84.13719,85.04371,85.60381,86.09791,86.57181,85.91087,85.48684,84.9183,85.57283,87.27509,85.45955,83.94583,83.02037,82.70944,82.90313,81.3792,80.1772,82.13679,82.35969,82.31394,81.44433,81.43364,80.26666,81.13223,80.2913,79.2487,79.64071,79.6079,79.68495,
EA21.1.0.99.315.UDGGLR,Euro area (21 countries),02 Based on ESA 2010 and former definitions (linked series),General government consolidated gross debt :- Excessive deficit procedure (based on ESA 2010) and former definition (linked series),(EUR: EU-15 = 100),NA,NA,NA,NA,NA,NA,NA,NA,NA,NA,NA,NA,NA,NA,NA,NA,NA,NA,NA,NA,NA,NA,NA,NA,NA,NA,NA,NA,NA,NA,NA,NA,NA,NA,NA,85.93626,84.95221,83.99093,85.17803,84.30727,85.2208,85.77811,86.24478,86.70049,86.02378,85.57796,84.99749,85.64535,87.33766,85.51774,84.00534,83.08016,82.77224,82.9651,81.47554,80.27297,82.25234,82.46634,82.4134,81.54089,81.54128,80.37979,81.25768,80.42541,79.39553,79.836,79.81838,79.91551,
EA12.1.0.99.315.UDGGLR,Euro area (12 countries),02 Based on ESA 2010 and former definitions (linked series),General government consolidated gross debt :- Excessive deficit procedure (based on ESA 2010) and former definition (linked series),(EUR: EU-15 = 100),NA,NA,NA,NA,NA,NA,NA,NA,NA,NA,NA,NA,NA,NA,NA,NA,NA,NA,NA,NA,NA,NA,NA,NA,NA,NA,NA,NA,NA,NA,85.65514,85.72447,85.73169,84.58806,84.61537,85.38231,84.39096,83.36835,84.55148,83.56663,84.38429,84.87959,85.35659,85.80272,85.10369,84.6883,84.10158,84.72076,86.3809,84.45265,82.89683,81.90466,81.50541,81.58664,80.04647,78.84996,80.78412,80.99972,80.94704,80.07378,79.93888,78.77633,79.62373,78.76519,77.7065,78.0755,77.99461,78.01605,
DU15.1.0.99.315.UDGGLR,EU15 (including D_W West-Germany),02 Based on ESA 2010 and former definitions (linked series),General government consolidated gross debt :- Excessive deficit procedure (based on ESA 2010) and former definition (linked series),(EUR: EU-15 = 100),NA,NA,NA,NA,NA,NA,NA,NA,NA,NA,NA,NA,NA,NA,NA,NA,NA,NA,NA,NA,NA,NA,NA,NA,NA,NA,NA,NA,NA,NA,99.57775,99.56343,99.62901,NA,NA,NA,NA,NA,NA,NA,NA,NA,NA,NA,NA,NA,NA,NA,NA,NA,NA,NA,NA,NA,NA,NA,NA,NA,NA,NA,NA,NA,NA,NA,NA,NA,NA,NA,
DA12.1.0.99.315.UDGGLR,EA12 (including D_W West-Germany),02 Based on ESA 2010 and former definitions (linked series),General government consolidated gross debt :- Excessive deficit procedure (based on ESA 2010) and former definition (linked series),(EUR: EU-15 = 100),NA,NA,NA,NA,NA,NA,NA,NA,NA,NA,NA,NA,NA,NA,NA,NA,NA,NA,NA,NA,NA,NA,NA,NA,NA,NA,NA,NA,NA,NA,85.2329,85.28789,85.3607,NA,NA,NA,NA,NA,NA,NA,NA,NA,NA,NA,NA,NA,NA,NA,NA,NA,NA,NA,NA,NA,NA,NA,NA,NA,NA,NA,NA,NA,NA,NA,NA,NA,NA,NA,
BEL.1.0.99.315.UDGGLR,Belgium,02 Based on ESA 2010 and former definitions (linked series),General government consolidated gross debt :- Excessive deficit procedure (based on ESA 2010) and former definition (linked series),(EUR: EU-15 = 100),NA,NA,NA,NA,NA,NA,NA,NA,NA,NA,NA,NA,NA,NA,NA,NA,NA,NA,NA,NA,NA,NA,NA,NA,NA,NA,NA,NA,NA,NA,7.04095,6.78552,6.92322,6.58776,6.47168,5.99009,5.35305,5.14915,5.07724,4.89879,4.896,4.86663,4.76586,4.53478,4.32867,4.21178,4.11949,4.11527,4.22903,3.95292,3.70224,3.70577,3.62973,3.59495,3.58071,3.54302,3.69098,3.68172,3.68329,3.67379,3.67383,3.6585,3.76152,3.8186,3.78679,3.90442,3.92022,3.94463,
BGR.1.0.99.315.UDGGLR,Bulgaria,02 Based on ESA 2010 and former definitions (linked series),General government consolidated gross debt :- Excessive deficit procedure (based on ESA 2010) and former definition (linked series),(EUR: EU-15 = 100),NA,NA,NA,NA,NA,NA,NA,NA,NA,NA,NA,NA,NA,NA,NA,NA,NA,NA,NA,NA,NA,NA,NA,NA,NA,NA,NA,NA,NA,NA,NA,NA,NA,NA,NA,0.21903,0.16832,0.17388,0.165,0.17009,0.17709,0.1743,0.14687,0.12868,0.11291,0.09112,0.07919,0.07252,0.06257,0.05819,0.05951,0.05979,0.0628,0.06197,0.09634,0.09577,0.11555,0.10665,0.09946,0.09656,0.10764,0.11313,0.12545,0.13411,0.14682,0.19529,0.21047,0.23056,
CZE.1.0.99.315.UDGGLR,Czech Republic,02 Based on ESA 2010 and former definitions (linked series),General government consolidated gross debt :- Excessive deficit procedure (based on ESA 2010) and former definition (linked series),(EUR: EU-15 = 100),NA,NA,NA,NA,NA,NA,NA,NA,NA,NA,NA,NA,NA,NA,NA,NA,NA,NA,NA,NA,NA,NA,NA,NA,NA,NA,NA,NA,NA,NA,NA,NA,NA,NA,NA,0.12872,0.11886,0.11804,0.15641,0.16599,0.20129,0.31097,0.36367,0.38844,0.43015,0.44767,0.49011,0.54222,0.54583,0.56706,0.60011,0.59531,0.64346,0.58174,0.54375,0.54811,0.52889,0.55436,0.53969,0.53722,0.58274,0.68649,0.80564,0.80934,0.81423,0.88083,0.90431,0.9387,
DNK.1.0.99.315.UDGGLR,Denmark,02 Based on ESA 2010 and former definitions (linked series),General government consolidated gross debt :- Excessive deficit procedure (based on ESA 2010) and former definition (linked series),(EUR: EU-15 = 100),NA,NA,NA,NA,NA,NA,NA,NA,NA,NA,NA,NA,NA,NA,NA,NA,NA,NA,NA,NA,NA,NA,NA,NA,NA,NA,NA,NA,NA,NA,2.3629,2.23943,2.41875,2.55142,2.4252,2.20513,2.00737,1.91392,1.83815,1.73689,1.65565,1.56897,1.57945,1.47396,1.40705,1.19655,1.03849,0.94334,1.11394,1.13868,1.13992,1.18243,1.10789,1.07472,1.07424,0.97773,0.95984,0.9554,0.92672,0.92706,1.00532,0.90458,0.82211,0.76294,0.70464,0.64561,0.61318,0.59232,
DEU.1.0.99.315.UDGGLR,Germany,02 Based on ESA 2010 and former definitions (linked series),General government consolidated gross debt :- Excessive deficit procedure (based on ESA 2010) and former definition (linked series),(EUR: EU-15 = 100),NA,NA,NA,NA,NA,NA,NA,NA,NA,NA,NA,NA,NA,NA,NA,NA,NA,NA,NA,NA,NA,NA,NA,NA,NA,NA,NA,NA,NA,NA,18.052,18.26507,19.95758,20.07503,20.65061,22.47893,21.49845,21.38875,21.98499,21.9616,21.95253,21.63525,21.97306,22.47647,22.34788,22.26553,22.29945,22.16532,21.77524,20.53971,21.53392,20.5095,20.03401,19.25041,18.44446,17.72727,17.77407,17.25497,16.69875,16.28151,16.70248,16.63219,16.65097,16.27577,15.83511,16.00334,16.28965,16.6938,
D_W.1.0.99.315.UDGGLR,West Germany,02 Based on ESA 2010 and former definitions (linked series),General government consolidated gross debt :- Excessive deficit procedure (based on ESA 2010) and former definition (linked series),(EUR: EU-15 = 100),NA,NA,NA,NA,NA,NA,NA,NA,NA,NA,NA,NA,NA,NA,NA,NA,NA,NA,NA,NA,NA,NA,NA,NA,NA,NA,NA,NA,NA,NA,17.62976,17.8285,19.58659,NA,NA,NA,NA,NA,NA,NA,NA,NA,NA,NA,NA,NA,NA,NA,NA,NA,NA,NA,NA,NA,NA,NA,NA,NA,NA,NA,NA,NA,NA,NA,NA,NA,NA,NA,
EST.1.0.99.315.UDGGLR,Estonia,02 Based on ESA 2010 and former definitions (linked series),General government consolidated gross debt :- Excessive deficit procedure (based on ESA 2010) and former definition (linked series),(EUR: EU-15 = 100),NA,NA,NA,NA,NA,NA,NA,NA,NA,NA,NA,NA,NA,NA,NA,NA,NA,NA,NA,NA,NA,NA,NA,NA,NA,NA,NA,NA,NA,NA,NA,NA,NA,NA,NA,0.00491,0.00532,0.0058,0.00556,0.0061,0.00549,0.00585,0.00732,0.00775,0.00757,0.00766,0.00886,0.00878,0.01002,0.01283,0.01197,0.0121,0.01807,0.019,0.01953,0.01829,0.0185,0.01856,0.018,0.0202,0.03785,0.03853,0.04514,0.04787,0.05498,0.05658,0.06325,0.07199,
IRL.1.0.99.315.UDGGLR,Ireland,02 Based on ESA 2010 and former definitions (linked series),General government consolidated gross debt :- Excessive deficit procedure (based on ESA 2010) and former definition (linked series),(EUR: EU-15 = 100),NA,NA,NA,NA,NA,NA,NA,NA,NA,NA,NA,NA,NA,NA,NA,NA,NA,NA,NA,NA,NA,NA,NA,NA,NA,NA,NA,NA,NA,NA,1.19708,1.14236,1.11443,1.03256,0.95723,0.85815,0.8543,0.81429,0.75634,0.75704,0.68743,0.69577,0.69399,0.68769,0.65648,0.63303,0.60547,0.64611,1.02745,1.19166,1.46551,1.8049,1.88276,1.86617,1.68627,1.62613,1.63341,1.62715,1.64524,1.59173,1.54515,1.56357,1.44987,1.35671,1.26721,1.18353,1.119,1.10042,
GRC.1.0.99.315.UDGGLR,Greece,02 Based on ESA 2010 and former definitions (linked series),General government consolidated gross debt :- Excessive deficit procedure (based on ESA 2010) and former definition (linked series),(EUR: EU-15 = 100),NA,NA,NA,NA,NA,NA,NA,NA,NA,NA,NA,NA,NA,NA,NA,NA,NA,NA,NA,NA,NA,NA,NA,NA,NA,NA,NA,NA,NA,NA,1.7932,1.88397,1.933,2.26886,2.18225,2.09179,2.20951,2.32674,2.30693,2.39154,2.57909,2.76595,2.8317,2.87419,2.98961,3.05204,3.12474,3.28448,3.41673,3.42646,3.35897,3.38897,2.73495,2.78538,2.66673,2.54104,2.60152,2.61322,2.73252,2.66053,2.4955,2.42095,2.3852,2.28376,2.14537,2.04634,1.96541,1.87113,
ESP.1.0.99.315.UDGGLR,Spain,02 Based on ESA 2010 and former definitions (linked series),General government consolidated gross debt :- Excessive deficit procedure (based on ESA 2010) and former definition (linked series),(EUR: EU-15 = 100),NA,NA,NA,NA,NA,NA,NA,NA,NA,NA,NA,NA,NA,NA,NA,NA,NA,NA,NA,NA,NA,NA,NA,NA,NA,NA,NA,NA,NA,NA,5.92462,6.02712,5.89602,5.89083,5.91575,6.13722,6.23328,6.19375,6.33595,6.34574,6.51758,6.43042,6.34611,6.0612,5.84905,5.61237,5.42822,5.2661,5.6859,6.48203,6.59613,7.0688,8.31743,8.89399,8.99742,8.98781,9.33064,9.58018,9.68217,9.60333,9.58167,9.50321,9.74875,9.7472,9.52621,9.5754,9.48387,9.40787,
FRA.1.0.99.315.UDGGLR,France,02 Based on ESA 2010 and former definitions (linked series),General government consolidated gross debt :- Excessive deficit procedure (based on ESA 2010) and former definition (linked series),(EUR: EU-15 = 100),NA,NA,NA,NA,NA,NA,NA,NA,NA,NA,NA,NA,NA,NA,NA,NA,NA,NA,NA,NA,NA,NA,NA,NA,NA,NA,NA,NA,NA,NA,12.38618,11.86066,12.9981,13.70251,13.94281,14.8381,14.51762,14.81104,15.29148,15.01267,15.31275,15.40505,15.97197,16.79143,17.01735,17.13711,16.71261,17.37093,17.92924,18.51938,17.49923,17.41064,17.17461,17.3835,17.17229,17.22225,17.84045,18.31078,18.57401,18.72562,18.95006,18.80679,19.15676,19.20047,19.43421,19.51175,19.47581,19.53792,
HRV.1.0.99.315.UDGGLR,Croatia,02 Based on ESA 2010 and former definitions (linked series),General government consolidated gross debt :- Excessive deficit procedure (based on ESA 2010) and former definition (linked series),(EUR: EU-15 = 100),NA,NA,NA,NA,NA,NA,NA,NA,NA,NA,NA,NA,NA,NA,NA,NA,NA,NA,NA,NA,NA,NA,NA,NA,NA,NA,NA,NA,NA,NA,NA,NA,NA,NA,NA,0.08227,0.09153,0.09796,0.09291,0.11052,0.14688,0.16397,0.17177,0.18404,0.19819,0.21573,0.21506,0.22574,0.2395,0.25152,0.25681,0.27141,0.27647,0.31055,0.30963,0.30696,0.30706,0.3065,0.30444,0.30526,0.31217,0.30336,0.3004,0.29862,0.28971,0.29529,0.30036,0.30069,
ITA.1.0.99.315.UDGGLR,Italy,02 Based on ESA 2010 and former definitions (linked series),General government consolidated gross debt :- Excessive deficit procedure (based on ESA 2010) and former definition (linked series),(EUR: EU-15 = 100),NA,NA,NA,NA,NA,NA,NA,NA,NA,NA,NA,NA,NA,NA,NA,NA,NA,NA,NA,NA,NA,NA,NA,NA,NA,NA,NA,NA,NA,NA,28.65537,29.26212,26.1386,24.52698,24.03876,22.76822,24.22592,23.75476,23.77219,23.32322,23.55313,24.10074,23.72516,23.29236,22.89996,22.70276,22.94418,22.97074,22.44196,20.9393,19.52406,18.78314,18.42969,18.53445,18.28323,18.08598,18.63946,18.8759,19.09424,18.94718,18.34059,17.86247,17.91778,17.75717,17.44093,17.45609,17.21131,16.95162,
CYP.1.0.99.315.UDGGLR,Cyprus,02 Based on ESA 2010 and former definitions (linked series),General government consolidated gross debt :- Excessive deficit procedure (based on ESA 2010) and former definition (linked series),(EUR: EU-15 = 100),NA,NA,NA,NA,NA,NA,NA,NA,NA,NA,NA,NA,NA,NA,NA,NA,NA,NA,NA,NA,NA,NA,NA,NA,NA,NA,NA,NA,NA,NA,NA,NA,NA,NA,NA,0.07748,0.07775,0.08654,0.09403,0.09781,0.1062,0.11449,0.12276,0.13113,0.13742,0.13832,0.1345,0.13348,0.11555,0.12252,0.11881,0.13202,0.14742,0.16936,0.1645,0.16154,0.16557,0.15855,0.17579,0.1694,0.18081,0.16473,0.1539,0.14265,0.12823,0.11321,0.10344,0.09372,
LVA.1.0.99.315.UDGGLR,Latvia,02 Based on ESA 2010 and former definitions (linked series),General government consolidated gross debt :- Excessive deficit procedure (based on ESA 2010) and former definition (linked series),(EUR: EU-15 = 100),NA,NA,NA,NA,NA,NA,NA,NA,NA,NA,NA,NA,NA,NA,NA,NA,NA,NA,NA,NA,NA,NA,NA,NA,NA,NA,NA,NA,NA,NA,NA,NA,NA,NA,NA,0.01159,0.01194,0.01157,0.01049,0.01585,0.01759,0.02214,0.02068,0.02233,0.02443,0.02337,0.02404,0.02649,0.05822,0.07918,0.08757,0.08473,0.08334,0.07952,0.0814,0.07332,0.08327,0.08489,0.08631,0.08792,0.09155,0.09846,0.10395,0.10876,0.11052,0.11375,0.118,0.12876,
LTU.1.0.99.315.UDGGLR,Lithuania,02 Based on ESA 2010 and former definitions (linked series),General government consolidated gross debt :- Excessive deficit procedure (based on ESA 2010) and former definition (linked series),(EUR: EU-15 = 100),NA,NA,NA,NA,NA,NA,NA,NA,NA,NA,NA,NA,NA,NA,NA,NA,NA,NA,NA,NA,NA,NA,NA,NA,NA,NA,NA,NA,NA,NA,NA,NA,NA,NA,NA,0.0122,0.0179,0.02631,0.02914,0.04345,0.05067,0.05406,0.0556,0.05376,0.05107,0.0528,0.05747,0.06311,0.06145,0.08568,0.10317,0.11066,0.11893,0.1175,0.12295,0.12813,0.12582,0.13383,0.12263,0.13747,0.16406,0.16335,0.16659,0.17065,0.1763,0.18753,0.21486,0.23464,
LUX.1.0.99.315.UDGGLR,Luxembourg,02 Based on ESA 2010 and former definitions (linked series),General government consolidated gross debt :- Excessive deficit procedure (based on ESA 2010) and former definition (linked series),(EUR: EU-15 = 100),NA,NA,NA,NA,NA,NA,NA,NA,NA,NA,NA,NA,NA,NA,NA,NA,NA,NA,NA,NA,NA,NA,NA,NA,NA,NA,NA,NA,NA,NA,0.02218,0.01932,0.02315,0.02828,0.0264,0.03342,0.03087,0.03035,0.03011,0.02907,0.02997,0.0309,0.03077,0.03088,0.03311,0.03434,0.03882,0.0417,0.07552,0.06793,0.08225,0.07802,0.08696,0.09538,0.09388,0.0923,0.08971,0.1026,0.10054,0.10936,0.11256,0.11744,0.12384,0.1254,0.13307,0.1336,0.14649,0.15125,
HUN.1.0.99.315.UDGGLR,Hungary,02 Based on ESA 2010 and former definitions (linked series),General government consolidated gross debt :- Excessive deficit procedure (based on ESA 2010) and former definition (linked series),(EUR: EU-15 = 100),NA,NA,NA,NA,NA,NA,NA,NA,NA,NA,NA,NA,NA,NA,NA,NA,NA,NA,NA,NA,NA,NA,NA,NA,NA,NA,NA,NA,NA,NA,NA,NA,NA,NA,NA,0.55626,0.47264,0.45768,0.45798,0.4835,0.48737,0.55699,0.67744,0.67058,0.75767,0.7713,0.86239,0.91044,0.94611,0.87099,0.80389,0.69334,0.69503,0.68393,0.65979,0.67635,0.71251,0.73837,0.74734,0.73933,0.75079,0.76255,0.7899,0.89111,0.85551,0.95029,1.00441,1.04907,
MLT.1.0.99.315.UDGGLR,Malta,02 Based on ESA 2010 and former definitions (linked series),General government consolidated gross debt :- Excessive deficit procedure (based on ESA 2010) and former definition (linked series),(EUR: EU-15 = 100),NA,NA,NA,NA,NA,NA,NA,NA,NA,NA,NA,NA,NA,NA,NA,NA,NA,NA,NA,NA,NA,NA,NA,NA,NA,NA,NA,NA,NA,NA,NA,NA,NA,NA,NA,0.02011,0.02263,0.02929,0.03274,0.04278,0.04618,0.05073,0.04836,0.05174,0.05175,0.05144,0.04807,0.04907,0.04951,0.04726,0.04534,0.04612,0.04399,0.04578,0.04507,0.04539,0.04703,0.0462,0.04537,0.0449,0.04985,0.05517,0.05859,0.06075,0.06243,0.06426,0.06473,0.06535,
NLD.1.0.99.315.UDGGLR,Netherlands,02 Based on ESA 2010 and former definitions (linked series),General government consolidated gross debt :- Excessive deficit procedure (based on ESA 2010) and former definition (linked series),(EUR: EU-15 = 100),NA,NA,NA,NA,NA,NA,NA,NA,NA,NA,NA,NA,NA,NA,NA,NA,NA,NA,NA,NA,NA,NA,NA,NA,NA,NA,NA,NA,NA,NA,6.356,6.0787,6.14535,5.77814,5.46896,5.23928,4.77809,4.49511,4.53362,4.32015,4.11063,4.05694,4.0516,4.06675,4.00042,3.91671,3.66104,3.64905,4.56639,4.041,3.85151,3.82034,3.87917,3.87773,3.78106,3.59938,3.57017,3.40012,3.24838,3.10134,3.10227,2.99336,3.11851,2.97903,2.88657,2.95197,3.09762,3.06886,
AUT.1.0.99.315.UDGGLR,Austria,02 Based on ESA 2010 and former definitions (linked series),General government consolidated gross debt :- Excessive deficit procedure (based on ESA 2010) and former definition (linked series),(EUR: EU-15 = 100),NA,NA,NA,NA,NA,NA,NA,NA,NA,NA,NA,NA,NA,NA,NA,NA,NA,NA,NA,NA,NA,NA,NA,NA,NA,NA,NA,NA,NA,NA,2.53052,2.47024,2.49362,2.50225,2.57839,2.6003,2.40598,2.21832,2.29813,2.38635,2.46296,2.50342,2.50775,2.42443,2.37848,2.49901,2.50976,2.54268,2.61847,2.63104,2.49949,2.44374,2.35378,2.29555,2.33225,2.36265,2.41638,2.34922,2.28772,2.20384,2.25051,2.22541,2.27591,2.2993,2.32223,2.35733,2.35915,2.38009,
POL.1.0.99.315.UDGGLR,Poland,02 Based on ESA 2010 and former definitions (linked series),General government consolidated gross debt :- Excessive deficit procedure (based on ESA 2010) and former definition (linked series),(EUR: EU-15 = 100),NA,NA,NA,NA,NA,NA,NA,NA,NA,NA,NA,NA,NA,NA,NA,NA,NA,NA,NA,NA,NA,NA,NA,NA,NA,NA,NA,NA,NA,NA,NA,NA,NA,NA,NA,1.04844,0.97601,1.06229,1.04179,1.10554,1.23085,1.41388,1.39139,1.32845,1.54608,1.70579,1.82668,2.01318,1.86663,1.89582,1.98073,1.82824,1.94446,1.94351,1.69663,1.74797,1.86518,1.951,1.92739,1.92763,2.08598,2.04064,2.09477,2.41138,2.76746,3.11933,3.41151,3.64873,
PRT.1.0.99.315.UDGGLR,Portugal,02 Based on ESA 2010 and former definitions (linked series),General government consolidated gross debt :- Excessive deficit procedure (based on ESA 2010) and former definition (linked series),(EUR: EU-15 = 100),NA,NA,NA,NA,NA,NA,NA,NA,NA,NA,NA,NA,NA,NA,NA,NA,NA,NA,NA,NA,NA,NA,NA,NA,NA,NA,NA,NA,NA,NA,1.18153,1.30088,1.22239,1.1183,1.17746,1.17324,1.17461,1.11298,1.1327,1.16092,1.21095,1.32226,1.41291,1.47773,1.53251,1.63377,1.69529,1.74647,1.74478,1.74844,1.82548,1.9126,1.94304,1.93618,1.90195,1.89614,1.99126,1.99345,1.98709,1.95338,1.91772,1.78302,1.75878,1.62037,1.59244,1.55093,1.50946,1.4793,
ROM.1.0.99.315.UDGGLR,Romania,02 Based on ESA 2010 and former definitions (linked series),General government consolidated gross debt :- Excessive deficit procedure (based on ESA 2010) and former definition (linked series),(EUR: EU-15 = 100),NA,NA,NA,NA,NA,NA,NA,NA,NA,NA,NA,NA,NA,NA,NA,NA,NA,NA,NA,NA,NA,NA,NA,NA,NA,NA,NA,NA,NA,NA,NA,NA,NA,NA,NA,0.03087,0.04487,0.08096,0.08875,0.11435,0.13108,0.18529,0.17771,0.16325,0.17655,0.17683,0.17422,0.19302,0.21356,0.31058,0.37317,0.41796,0.44324,0.46277,0.4842,0.47916,0.51059,0.52153,0.56615,0.61151,0.72854,0.77424,0.87147,0.97521,1.14015,1.2582,1.338,1.412,
SVN.1.0.99.315.UDGGLR,Slovenia,02 Based on ESA 2010 and former definitions (linked series),General government consolidated gross debt :- Excessive deficit procedure (based on ESA 2010) and former definition (linked series),(EUR: EU-15 = 100),NA,NA,NA,NA,NA,NA,NA,NA,NA,NA,NA,NA,NA,NA,NA,NA,NA,NA,NA,NA,NA,NA,NA,NA,NA,NA,NA,NA,NA,NA,NA,NA,NA,NA,NA,0.05788,0.06805,0.07312,0.081,0.08621,0.09542,0.10244,0.11081,0.10995,0.11143,0.10969,0.11353,0.10974,0.10663,0.14249,0.14142,0.16381,0.17419,0.22135,0.25072,0.25904,0.25885,0.25826,0.25836,0.24937,0.26656,0.25882,0.2683,0.27062,0.26308,0.26119,0.25941,0.26189,
SVK.1.0.99.315.UDGGLR,Slovakia,02 Based on ESA 2010 and former definitions (linked series),General government consolidated gross debt :- Excessive deficit procedure (based on ESA 2010) and former definition (linked series),(EUR: EU-15 = 100),NA,NA,NA,NA,NA,NA,NA,NA,NA,NA,NA,NA,NA,NA,NA,NA,NA,NA,NA,NA,NA,NA,NA,NA,NA,NA,NA,NA,NA,NA,NA,NA,NA,NA,NA,0.06849,0.09783,0.11811,0.11567,0.16784,0.19098,0.21056,0.20403,0.20838,0.22533,0.19952,0.21518,0.23567,0.25331,0.26542,0.2839,0.29486,0.34162,0.35342,0.33893,0.33457,0.34657,0.35318,0.35599,0.35603,0.3919,0.40792,0.41163,0.42619,0.45695,0.47339,0.48925,0.51186,
FIN.1.0.99.315.UDGGLR,Finland,02 Based on ESA 2010 and former definitions (linked series),General government consolidated gross debt :- Excessive deficit procedure (based on ESA 2010) and former definition (linked series),(EUR: EU-15 = 100),NA,NA,NA,NA,NA,NA,NA,NA,NA,NA,NA,NA,NA,NA,NA,NA,NA,NA,NA,NA,NA,NA,NA,NA,NA,NA,NA,NA,NA,NA,0.51552,0.6285,0.88624,1.07655,1.20509,1.17357,1.10929,1.0731,1.03181,0.97953,1.07126,1.06627,1.0457,1.08482,1.07016,0.98984,0.96252,0.9219,0.8702,0.91278,0.95805,0.97824,1.03927,1.07294,1.10622,1.166,1.20608,1.21041,1.21308,1.22217,1.26654,1.20941,1.27583,1.30141,1.33637,1.40078,1.41663,1.42916,
SWE.1.0.99.315.UDGGLR,Sweden,02 Based on ESA 2010 and former definitions (linked series),General government consolidated gross debt :- Excessive deficit procedure (based on ESA 2010) and former definition (linked series),(EUR: EU-15 = 100),NA,NA,NA,NA,NA,NA,NA,NA,NA,NA,NA,NA,NA,NA,NA,NA,NA,NA,NA,NA,NA,NA,NA,NA,NA,NA,NA,NA,NA,NA,2.63818,3.16371,3.196,2.96714,3.05417,3.12704,3.0232,2.93178,2.74548,2.81697,2.39415,2.37632,2.34229,2.32976,2.28801,2.17879,2.09704,1.88656,1.53164,1.52411,1.55819,1.49477,1.48325,1.53327,1.61176,1.66361,1.61717,1.57599,1.49791,1.35776,1.43865,1.30863,1.16625,1.10451,1.12175,1.20122,1.23295,1.25968,
GBR.1.0.99.315.UDGGLR,United Kingdom,02 Based on ESA 2010 and former definitions (linked series),General government consolidated gross debt :- Excessive deficit procedure (based on ESA 2010) and former definition (linked series),(EUR: EU-15 = 100),NA,NA,NA,NA,NA,NA,NA,NA,NA,NA,NA,NA,NA,NA,NA,NA,NA,NA,NA,NA,NA,NA,NA,NA,NA,NA,NA,NA,NA,NA,9.34377,8.87239,8.65357,9.89338,9.90526,9.28551,10.57847,11.78596,10.86489,11.87952,11.56592,11.17513,10.72166,10.39356,11.20125,11.93636,12.76289,12.44934,10.97352,12.88456,14.40506,15.41815,15.90345,15.80538,17.26753,18.50869,16.63888,16.46889,16.62833,17.6414,17.61715,19.01047,18.38791,19.36736,20.46711,20.07767,20.15927,20.13195,
ALB.1.0.99.315.UDGGLR,Albania,02 Based on ESA 2010 and former definitions (linked series),General government consolidated gross debt :- Excessive deficit procedure (based on ESA 2010) and former definition (linked series),(EUR: EU-15 = 100),NA,NA,NA,NA,NA,NA,NA,NA,NA,NA,NA,NA,NA,NA,NA,NA,NA,NA,NA,NA,NA,NA,NA,NA,NA,NA,NA,NA,NA,NA,NA,NA,NA,NA,NA,NA,NA,NA,NA,NA,NA,NA,NA,NA,NA,NA,NA,NA,NA,NA,0.05239,0.05291,0.05319,0.05474,0.05786,0.0613,0.06424,0.06622,NA,NA,NA,NA,NA,NA,NA,NA,NA,NA,
MNE.1.0.99.315.UDGGLR,Montenegro,02 Based on ESA 2010 and former definitions (linked series),General government consolidated gross debt :- Excessive deficit procedure (based on ESA 2010) and former definition (linked series),(EUR: EU-15 = 100),NA,NA,NA,NA,NA,NA,NA,NA,NA,NA,NA,NA,NA,NA,NA,NA,NA,NA,NA,NA,NA,NA,NA,NA,NA,NA,NA,NA,NA,NA,NA,NA,NA,NA,NA,NA,NA,NA,NA,NA,NA,NA,0.01702,0.00963,0.01136,0.00999,0.00971,0.01009,0.01155,0.01298,0.01291,0.01411,0.01524,0.01676,0.01718,0.01951,0.02074,0.02232,NA,NA,NA,NA,NA,NA,NA,NA,NA,NA,
MKD.1.0.99.315.UDGGLR,North Macedonia,02 Based on ESA 2010 and former definitions (linked series),General government consolidated gross debt :- Excessive deficit procedure (based on ESA 2010) and former definition (linked series),(EUR: EU-15 = 100),NA,NA,NA,NA,NA,NA,NA,NA,NA,NA,NA,NA,NA,NA,NA,NA,NA,NA,NA,NA,NA,NA,NA,NA,NA,NA,NA,NA,NA,NA,NA,NA,NA,NA,NA,NA,NA,NA,NA,0.01935,0.03243,0.03177,0.0283,0.02531,0.02376,0.02643,0.02317,0.01957,0.01786,0.01821,0.01739,0.01992,0.02291,0.02406,0.02711,0.02787,0.03143,0.03207,NA,NA,NA,NA,NA,NA,NA,NA,NA,NA,
SRB.1.0.99.315.UDGGLR,Serbia,02 Based on ESA 2010 and former definitions (linked series),General government consolidated gross debt :- Excessive deficit procedure (based on ESA 2010) and former definition (linked series),(EUR: EU-15 = 100),NA,NA,NA,NA,NA,NA,NA,NA,NA,NA,NA,NA,NA,NA,NA,NA,NA,NA,NA,NA,NA,NA,NA,NA,NA,NA,NA,NA,NA,NA,NA,NA,NA,NA,NA,NA,NA,NA,NA,NA,0.24609,0.22826,0.19046,0.17455,0.14515,0.14718,0.12946,0.12151,0.11332,0.11209,0.12353,0.14676,0.16407,0.17917,0.19249,0.20378,0.20519,0.19056,0.18671,0.19103,0.19247,0.20252,0.21798,0.22529,0.2299,0.22182,0.22702,0.23222,
TUR.1.0.99.315.UDGGLR,Türkiye,02 Based on ESA 2010 and former definitions (linked series),General government consolidated gross debt :- Excessive deficit procedure (based on ESA 2010) and former definition (linked series),(EUR: EU-15 = 100),NA,NA,NA,NA,NA,NA,NA,NA,NA,NA,NA,NA,NA,NA,NA,NA,NA,NA,NA,NA,NA,NA,NA,NA,NA,NA,NA,NA,NA,NA,NA,NA,NA,NA,NA,NA,NA,NA,NA,NA,NA,NA,NA,NA,NA,NA,NA,NA,NA,NA,NA,NA,NA,NA,NA,NA,NA,NA,NA,1.61137,1.53714,1.26236,1.46441,1.4497,1.68347,1.67439,2.12803,2.6059,
ISL.1.0.99.315.UDGGLR,Iceland,02 Based on ESA 2010 and former definitions (linked series),General government consolidated gross debt :- Excessive deficit procedure (based on ESA 2010) and former definition (linked series),(EUR: EU-15 = 100),NA,NA,NA,NA,NA,NA,NA,NA,NA,NA,NA,NA,NA,NA,NA,NA,NA,NA,NA,NA,NA,NA,NA,NA,NA,NA,NA,NA,NA,NA,NA,NA,NA,NA,NA,64.8101,62.8821,65.46063,59.66576,119.70433,118.76261,0.12411,136.80835,132.01378,140.81247,139.94762,128.7192,141.33159,0.13319,0.13251,0.14786,0.14607,0.13046,0.13144,0.12929,0.12838,0.14163,0.12263,0.10808,0.11628,0.10347,0.11043,0.11216,0.11057,0.11141,0.0891,0.08981,0.08744,
NOR.1.0.99.315.UDGGLR,Norway,02 Based on ESA 2010 and former definitions (linked series),General government consolidated gross debt :- Excessive deficit procedure (based on ESA 2010) and former definition (linked series),(EUR: EU-15 = 100),NA,NA,NA,NA,NA,NA,NA,NA,NA,NA,NA,NA,NA,NA,NA,NA,NA,NA,NA,NA,NA,NA,NA,NA,NA,NA,NA,NA,NA,NA,NA,NA,NA,NA,NA,NA,NA,NA,NA,NA,0.90983,0.90622,1.1972,1.27559,1.39901,1.48326,1.95187,2.00322,1.63261,1.40947,1.4439,0.99451,1.08861,0.98244,0.82375,0.87113,1.03218,1.02125,1.11642,1.13892,1.0605,1.18773,1.28257,1.24756,1.42596,NA,1.3387,1.23776,
JPN.1.0.99.315.UDGGLR,Japan,02 Based on ESA 2010 and former definitions (linked series),General government consolidated gross debt :- Excessive deficit procedure (based on ESA 2010) and former definition (linked series),(EUR: EU-15 = 100),NA,NA,NA,NA,NA,NA,NA,NA,NA,NA,NA,NA,NA,NA,NA,NA,NA,NA,NA,NA,NA,NA,NA,NA,NA,NA,NA,NA,NA,NA,53.83503,56.48988,63.26122,74.26805,80.58607,75.26122,70.01007,74.06782,85.74558,116.196,118.19883,113.01036,107.4676,98.3411,96.06884,84.6703,72.52747,68.00683,83.81837,73.7772,85.19846,90.67038,78.61597,62.01389,61.41173,67.61233,74.17501,68.78207,73.73791,75.89129,71.28751,65.12957,61.4038,53.71254,49.03985,41.9869,39.80239,38.29595,
USA.1.0.99.315.UDGGLR,United States,02 Based on ESA 2010 and former definitions (linked series),General government consolidated gross debt :- Excessive deficit procedure (based on ESA 2010) and former definition (linked series),(EUR: EU-15 = 100),NA,NA,NA,NA,NA,NA,NA,NA,NA,NA,NA,NA,NA,NA,NA,NA,NA,NA,NA,NA,NA,NA,NA,NA,NA,NA,NA,NA,NA,NA,87.22175,88.66655,98.86597,102.48794,90.49222,78.80814,81.65659,93.06776,88.00831,100.72717,105.88593,114.45844,100.90848,87.73718,83.66235,98.78649,91.23674,85.82925,99.21201,97.26411,106.65484,111.92553,111.65084,109.09002,123.89088,140.21069,154.34845,138.24193,153.59793,161.99093,160.86037,173.85336,190.92856,190.38431,204.93181,184.81731,187.81691,190.61186,
EU27.1.0.99.327.UDGGLR,European Union,02 Based on ESA 2010 and former definitions (linked series),General government consolidated gross debt :- Excessive deficit procedure (based on ESA 2010) and former definition (linked series),(EUR: EU-27 = 100),NA,NA,NA,NA,NA,NA,NA,NA,NA,NA,NA,NA,NA,NA,NA,NA,NA,NA,NA,NA,NA,NA,NA,NA,NA,NA,NA,NA,NA,NA,NA,NA,NA,NA,NA,100,100,100,100,100,100,100,100,100,100,100,100,100,100,100,100,100,100,100,100,100,100,100,100,100,100,100,100,100,100,100,100,100,
EU15.1.0.99.327.UDGGLR,European Union (15 countries),02 Based on ESA 2010 and former definitions (linked series),General government consolidated gross debt :- Excessive deficit procedure (based on ESA 2010) and former definition (linked series),(EUR: EU-27 = 100),NA,NA,NA,NA,NA,NA,NA,NA,NA,NA,NA,NA,NA,NA,NA,NA,NA,NA,NA,NA,NA,NA,NA,NA,NA,NA,NA,NA,NA,NA,NA,NA,NA,NA,NA,107.48907,109.17608,110.4294,109.28176,110.2165,109.50363,108.47103,107.78564,107.46341,107.95721,108.63083,109.30584,108.53743,106.88858,108.90283,110.54444,111.99186,112.24658,112.05105,114.22579,115.78643,113.06268,112.65957,112.84312,114.10131,113.4645,115.13188,113.88507,114.44279,115.20834,113.77668,113.22113,112.59231,
EA19.1.0.99.327.UDGGLR,Euro area (19 countries),02 Based on ESA 2010 and former definitions (linked series),General government consolidated gross debt :- Excessive deficit procedure (based on ESA 2010) and former definition (linked series),(EUR: EU-27 = 100),NA,NA,NA,NA,NA,NA,NA,NA,NA,NA,NA,NA,NA,NA,NA,NA,NA,NA,NA,NA,NA,NA,NA,NA,NA,NA,NA,NA,NA,NA,NA,NA,NA,NA,NA,92.04822,92.46379,92.4505,92.80221,92.61125,92.96511,92.67747,92.61604,92.83524,92.53303,92.63072,92.58559,92.63354,93.03111,92.79396,92.51356,92.6721,92.52819,92.54585,92.60236,92.47891,92.51889,92.44077,92.54207,92.58074,92.04407,92.06325,92.05539,91.54586,90.96735,90.27658,89.7929,89.38057,
EA20.1.0.99.327.UDGGLR,Euro area (20 countries),02 Based on ESA 2010 and former definitions (linked series),General government consolidated gross debt :- Excessive deficit procedure (based on ESA 2010) and former definition (linked series),(EUR: EU-27 = 100),NA,NA,NA,NA,NA,NA,NA,NA,NA,NA,NA,NA,NA,NA,NA,NA,NA,NA,NA,NA,NA,NA,NA,NA,NA,NA,NA,NA,NA,NA,NA,NA,NA,NA,NA,92.13665,92.56373,92.55867,92.90374,92.73306,93.12595,92.85533,92.80118,93.03301,92.74698,92.86506,92.82066,92.87855,93.2871,93.06787,92.79745,92.97605,92.83852,92.89383,92.95604,92.83432,92.86606,92.78607,92.88561,92.92904,92.39827,92.41252,92.3975,91.8876,91.30112,90.61256,90.13297,89.71913,
EA21.1.0.99.327.UDGGLR,Euro area (21 countries),02 Based on ESA 2010 and former definitions (linked series),General government consolidated gross debt :- Excessive deficit procedure (based on ESA 2010) and former definition (linked series),(EUR: EU-27 = 100),NA,NA,NA,NA,NA,NA,NA,NA,NA,NA,NA,NA,NA,NA,NA,NA,NA,NA,NA,NA,NA,NA,NA,NA,NA,NA,NA,NA,NA,NA,NA,NA,NA,NA,NA,92.37208,92.7475,92.75068,93.08405,92.92053,93.31987,93.04439,92.95949,93.1713,92.86887,92.96405,92.90722,92.95726,93.35398,93.13124,92.86324,93.04302,92.90901,92.96327,93.06608,92.94521,92.99671,92.90623,92.99785,93.03922,92.5204,92.54276,92.54037,92.04108,91.47027,90.83475,90.37127,89.97872,
EA12.1.0.99.327.UDGGLR,Euro area (12 countries),02 Based on ESA 2010 and former definitions (linked series),General government consolidated gross debt :- Excessive deficit procedure (based on ESA 2010) and former definition (linked series),(EUR: EU-27 = 100),NA,NA,NA,NA,NA,NA,NA,NA,NA,NA,NA,NA,NA,NA,NA,NA,NA,NA,NA,NA,NA,NA,NA,NA,NA,NA,NA,NA,NA,NA,NA,NA,NA,NA,NA,91.77665,92.13474,92.06317,92.39935,92.10421,92.40386,92.06976,92.00214,92.20653,91.87556,91.99761,91.92794,91.95373,92.33132,91.97133,91.63784,91.72655,91.48704,91.41868,91.43371,91.29756,91.33669,91.25394,91.34316,91.36523,90.70225,90.69667,90.67954,90.14109,89.52437,88.83171,88.30638,87.84008,
BEL.1.0.99.327.UDGGLR,Belgium,02 Based on ESA 2010 and former definitions (linked series),General government consolidated gross debt :- Excessive deficit procedure (based on ESA 2010) and former definition (linked series),(EUR: EU-27 = 100),NA,NA,NA,NA,NA,NA,NA,NA,NA,NA,NA,NA,NA,NA,NA,NA,NA,NA,NA,NA,NA,NA,NA,NA,NA,NA,NA,NA,NA,NA,NA,NA,NA,NA,NA,6.43869,5.84425,5.68618,5.54849,5.39928,5.36129,5.27889,5.13691,4.87323,4.67311,4.57529,4.50284,4.4666,4.52035,4.30484,4.09262,4.15016,4.07425,4.02818,4.09009,4.10234,4.17312,4.14781,4.15634,4.19184,4.16849,4.2121,4.28381,4.37011,4.3627,4.44232,4.43851,4.44135,
BGR.1.0.99.327.UDGGLR,Bulgaria,02 Based on ESA 2010 and former definitions (linked series),General government consolidated gross debt :- Excessive deficit procedure (based on ESA 2010) and former definition (linked series),(EUR: EU-27 = 100),NA,NA,NA,NA,NA,NA,NA,NA,NA,NA,NA,NA,NA,NA,NA,NA,NA,NA,NA,NA,NA,NA,NA,NA,NA,NA,NA,NA,NA,NA,NA,NA,NA,NA,NA,0.23544,0.18377,0.19201,0.18031,0.18746,0.19392,0.18906,0.1583,0.13829,0.12189,0.09899,0.08656,0.07871,0.06688,0.06337,0.06579,0.06696,0.07049,0.06944,0.11004,0.11089,0.13065,0.12015,0.11223,0.11018,0.12214,0.13024,0.14287,0.15348,0.16915,0.22219,0.2383,0.25959,
CZE.1.0.99.327.UDGGLR,Czech Republic,02 Based on ESA 2010 and former definitions (linked series),General government consolidated gross debt :- Excessive deficit procedure (based on ESA 2010) and former definition (linked series),(EUR: EU-27 = 100),NA,NA,NA,NA,NA,NA,NA,NA,NA,NA,NA,NA,NA,NA,NA,NA,NA,NA,NA,NA,NA,NA,NA,NA,NA,NA,NA,NA,NA,NA,NA,NA,NA,NA,NA,0.13836,0.12976,0.13035,0.17093,0.18295,0.22042,0.33731,0.39199,0.41743,0.46438,0.4863,0.53571,0.58851,0.58343,0.61755,0.66339,0.66669,0.72227,0.65185,0.6211,0.63464,0.59798,0.62454,0.609,0.61298,0.6612,0.79037,0.91751,0.92623,0.93806,1.00218,1.02387,1.0569,
DNK.1.0.99.327.UDGGLR,Denmark,02 Based on ESA 2010 and former definitions (linked series),General government consolidated gross debt :- Excessive deficit procedure (based on ESA 2010) and former definition (linked series),(EUR: EU-27 = 100),NA,NA,NA,NA,NA,NA,NA,NA,NA,NA,NA,NA,NA,NA,NA,NA,NA,NA,NA,NA,NA,NA,NA,NA,NA,NA,NA,NA,NA,NA,NA,NA,NA,NA,NA,2.37028,2.19157,2.11353,2.00876,1.91434,1.81299,1.70187,1.70242,1.58397,1.51902,1.29982,1.13513,1.02388,1.19067,1.24005,1.26012,1.32422,1.24357,1.20423,1.22706,1.13208,1.08522,1.07635,1.04574,1.05779,1.14068,1.04146,0.93626,0.87313,0.8118,0.73456,0.69425,0.66691,
DEU.1.0.99.327.UDGGLR,Germany,02 Based on ESA 2010 and former definitions (linked series),General government consolidated gross debt :- Excessive deficit procedure (based on ESA 2010) and former definition (linked series),(EUR: EU-27 = 100),NA,NA,NA,NA,NA,NA,NA,NA,NA,NA,NA,NA,NA,NA,NA,NA,NA,NA,NA,NA,NA,NA,NA,NA,NA,NA,NA,NA,NA,NA,NA,NA,NA,NA,NA,24.16239,23.47116,23.61946,24.02559,24.20531,24.03882,23.46798,23.68381,24.15398,24.12614,24.18723,24.3746,24.05767,23.27524,22.36833,23.80455,22.96897,22.48749,21.57028,21.06833,20.52578,20.09584,19.43938,18.84339,18.57742,18.95139,19.14895,18.96297,18.62644,18.24337,18.20807,18.44333,18.79593,
EST.1.0.99.327.UDGGLR,Estonia,02 Based on ESA 2010 and former definitions (linked series),General government consolidated gross debt :- Excessive deficit procedure (based on ESA 2010) and former definition (linked series),(EUR: EU-27 = 100),NA,NA,NA,NA,NA,NA,NA,NA,NA,NA,NA,NA,NA,NA,NA,NA,NA,NA,NA,NA,NA,NA,NA,NA,NA,NA,NA,NA,NA,NA,NA,NA,NA,NA,NA,0.00527,0.0058,0.00641,0.00607,0.00672,0.00601,0.00634,0.00789,0.00833,0.00817,0.00832,0.00969,0.00952,0.01071,0.01397,0.01323,0.01355,0.02029,0.02129,0.0223,0.02118,0.02092,0.02091,0.02031,0.02305,0.04295,0.04436,0.05141,0.05478,0.06334,0.06438,0.07161,0.08105,
IRL.1.0.99.327.UDGGLR,Ireland,02 Based on ESA 2010 and former definitions (linked series),General government consolidated gross debt :- Excessive deficit procedure (based on ESA 2010) and former definition (linked series),(EUR: EU-27 = 100),NA,NA,NA,NA,NA,NA,NA,NA,NA,NA,NA,NA,NA,NA,NA,NA,NA,NA,NA,NA,NA,NA,NA,NA,NA,NA,NA,NA,NA,NA,NA,NA,NA,NA,NA,0.92241,0.93269,0.89921,0.82654,0.83438,0.75276,0.75471,0.74803,0.73901,0.70872,0.68766,0.66181,0.70127,1.09823,1.29775,1.62004,2.02134,2.11334,2.09107,1.92615,1.88283,1.84678,1.83314,1.85654,1.81619,1.7532,1.80017,1.65119,1.55266,1.45993,1.34658,1.26694,1.23899,
GRC.1.0.99.327.UDGGLR,Greece,02 Based on ESA 2010 and former definitions (linked series),General government consolidated gross debt :- Excessive deficit procedure (based on ESA 2010) and former definition (linked series),(EUR: EU-27 = 100),NA,NA,NA,NA,NA,NA,NA,NA,NA,NA,NA,NA,NA,NA,NA,NA,NA,NA,NA,NA,NA,NA,NA,NA,NA,NA,NA,NA,NA,NA,NA,NA,NA,NA,NA,2.24845,2.41225,2.5694,2.52106,2.63588,2.8242,3.00025,3.05217,3.08871,3.2275,3.31545,3.41552,3.5649,3.6521,3.73152,3.71315,3.79537,3.06989,3.12105,3.0461,2.94218,2.94134,2.94404,3.08346,3.0357,2.83151,2.78728,2.71638,2.6136,2.47164,2.32826,2.22525,2.10675,
ESP.1.0.99.327.UDGGLR,Spain,02 Based on ESA 2010 and former definitions (linked series),General government consolidated gross debt :- Excessive deficit procedure (based on ESA 2010) and former definition (linked series),(EUR: EU-27 = 100),NA,NA,NA,NA,NA,NA,NA,NA,NA,NA,NA,NA,NA,NA,NA,NA,NA,NA,NA,NA,NA,NA,NA,NA,NA,NA,NA,NA,NA,NA,NA,NA,NA,NA,NA,6.59684,6.80525,6.83972,6.92403,6.99405,7.13699,6.97514,6.84019,6.51358,6.31448,6.09676,5.93336,5.71569,6.07758,7.05911,7.29166,7.91648,9.33604,9.96581,10.27737,10.40666,10.54947,10.79299,10.92566,10.95752,10.87179,10.94122,11.10237,11.15497,10.97499,10.89457,10.73774,10.59254,
FRA.1.0.99.327.UDGGLR,France,02 Based on ESA 2010 and former definitions (linked series),General government consolidated gross debt :- Excessive deficit procedure (based on ESA 2010) and former definition (linked series),(EUR: EU-27 = 100),NA,NA,NA,NA,NA,NA,NA,NA,NA,NA,NA,NA,NA,NA,NA,NA,NA,NA,NA,NA,NA,NA,NA,NA,NA,NA,NA,NA,NA,NA,NA,NA,NA,NA,NA,15.94934,15.84977,16.35575,16.71079,16.54644,16.76802,16.71001,17.21549,18.04464,18.37145,18.61619,18.26786,18.85396,19.16431,20.16813,19.34443,19.4985,19.27791,19.4784,19.61518,19.94103,20.17089,20.62885,20.9595,21.36618,21.50159,21.65262,21.81669,21.97356,22.38983,22.19982,22.05073,21.99819,
HRV.1.0.99.327.UDGGLR,Croatia,02 Based on ESA 2010 and former definitions (linked series),General government consolidated gross debt :- Excessive deficit procedure (based on ESA 2010) and former definition (linked series),(EUR: EU-27 = 100),NA,NA,NA,NA,NA,NA,NA,NA,NA,NA,NA,NA,NA,NA,NA,NA,NA,NA,NA,NA,NA,NA,NA,NA,NA,NA,NA,NA,NA,NA,NA,NA,NA,NA,NA,0.08843,0.09993,0.10817,0.10153,0.12181,0.16084,0.17786,0.18514,0.19777,0.21396,0.23435,0.23507,0.24501,0.25599,0.27391,0.28389,0.30396,0.31033,0.34798,0.35368,0.35541,0.34716,0.3453,0.34354,0.34831,0.3542,0.34926,0.34211,0.34175,0.33377,0.33597,0.34007,0.33856,
ITA.1.0.99.327.UDGGLR,Italy,02 Based on ESA 2010 and former definitions (linked series),General government consolidated gross debt :- Excessive deficit procedure (based on ESA 2010) and former definition (linked series),(EUR: EU-27 = 100),NA,NA,NA,NA,NA,NA,NA,NA,NA,NA,NA,NA,NA,NA,NA,NA,NA,NA,NA,NA,NA,NA,NA,NA,NA,NA,NA,NA,NA,NA,NA,NA,NA,NA,NA,24.47335,26.44891,26.23224,25.97867,25.70603,25.79154,26.14232,25.57231,25.03076,24.72216,24.6622,25.07933,24.93185,23.98789,22.8035,21.58276,21.03558,20.6867,20.76805,20.88417,20.94111,21.07428,21.26551,21.54653,21.61898,20.81006,20.5654,20.40568,20.3218,20.0934,19.86096,19.48684,19.08622,
CYP.1.0.99.327.UDGGLR,Cyprus,02 Based on ESA 2010 and former definitions (linked series),General government consolidated gross debt :- Excessive deficit procedure (based on ESA 2010) and former definition (linked series),(EUR: EU-27 = 100),NA,NA,NA,NA,NA,NA,NA,NA,NA,NA,NA,NA,NA,NA,NA,NA,NA,NA,NA,NA,NA,NA,NA,NA,NA,NA,NA,NA,NA,NA,NA,NA,NA,NA,NA,0.08328,0.08488,0.09556,0.10276,0.1078,0.1163,0.12418,0.13232,0.14091,0.14835,0.15026,0.14702,0.14488,0.12351,0.13343,0.13134,0.14785,0.16547,0.18977,0.1879,0.18705,0.1872,0.17862,0.19837,0.19329,0.20516,0.18966,0.17527,0.16326,0.14773,0.12881,0.11712,0.10552,
LVA.1.0.99.327.UDGGLR,Latvia,02 Based on ESA 2010 and former definitions (linked series),General government consolidated gross debt :- Excessive deficit procedure (based on ESA 2010) and former definition (linked series),(EUR: EU-27 = 100),NA,NA,NA,NA,NA,NA,NA,NA,NA,NA,NA,NA,NA,NA,NA,NA,NA,NA,NA,NA,NA,NA,NA,NA,NA,NA,NA,NA,NA,NA,NA,NA,NA,NA,NA,0.01246,0.01303,0.01278,0.01146,0.01747,0.01926,0.02401,0.02229,0.024,0.02638,0.02539,0.02627,0.02875,0.06223,0.08623,0.0968,0.09489,0.09354,0.08911,0.09298,0.0849,0.09415,0.09564,0.09739,0.10032,0.10388,0.11336,0.11839,0.12447,0.12733,0.12942,0.1336,0.14497,
LTU.1.0.99.327.UDGGLR,Lithuania,02 Based on ESA 2010 and former definitions (linked series),General government consolidated gross debt :- Excessive deficit procedure (based on ESA 2010) and former definition (linked series),(EUR: EU-27 = 100),NA,NA,NA,NA,NA,NA,NA,NA,NA,NA,NA,NA,NA,NA,NA,NA,NA,NA,NA,NA,NA,NA,NA,NA,NA,NA,NA,NA,NA,NA,NA,NA,NA,NA,NA,0.01311,0.01954,0.02906,0.03185,0.04789,0.05549,0.05864,0.05993,0.05777,0.05514,0.05736,0.06282,0.0685,0.06568,0.09331,0.11405,0.12393,0.13349,0.13166,0.14044,0.14835,0.14225,0.15077,0.13838,0.15685,0.18615,0.18807,0.18972,0.19529,0.20312,0.21337,0.24327,0.26419,
LUX.1.0.99.327.UDGGLR,Luxembourg,02 Based on ESA 2010 and former definitions (linked series),General government consolidated gross debt :- Excessive deficit procedure (based on ESA 2010) and former definition (linked series),(EUR: EU-27 = 100),NA,NA,NA,NA,NA,NA,NA,NA,NA,NA,NA,NA,NA,NA,NA,NA,NA,NA,NA,NA,NA,NA,NA,NA,NA,NA,NA,NA,NA,NA,NA,NA,NA,NA,NA,0.03593,0.0337,0.03352,0.0329,0.03204,0.03282,0.03351,0.03317,0.03318,0.03575,0.0373,0.04243,0.04526,0.08072,0.07398,0.09092,0.08738,0.09761,0.10687,0.10724,0.10688,0.10143,0.11559,0.11346,0.12478,0.12772,0.13521,0.14104,0.14351,0.15331,0.15201,0.16586,0.1703,
HUN.1.0.99.327.UDGGLR,Hungary,02 Based on ESA 2010 and former definitions (linked series),General government consolidated gross debt :- Excessive deficit procedure (based on ESA 2010) and former definition (linked series),(EUR: EU-27 = 100),NA,NA,NA,NA,NA,NA,NA,NA,NA,NA,NA,NA,NA,NA,NA,NA,NA,NA,NA,NA,NA,NA,NA,NA,NA,NA,NA,NA,NA,NA,NA,NA,NA,NA,NA,0.59791,0.516,0.50541,0.50048,0.5329,0.53368,0.60417,0.73019,0.72063,0.81796,0.83787,0.94264,0.98817,1.01128,0.94853,0.88866,0.77649,0.78015,0.76635,0.75365,0.78312,0.80558,0.83185,0.84333,0.84359,0.85188,0.87794,0.89958,1.01982,0.98562,1.0812,1.13721,1.18117,
MLT.1.0.99.327.UDGGLR,Malta,02 Based on ESA 2010 and former definitions (linked series),General government consolidated gross debt :- Excessive deficit procedure (based on ESA 2010) and former definition (linked series),(EUR: EU-27 = 100),NA,NA,NA,NA,NA,NA,NA,NA,NA,NA,NA,NA,NA,NA,NA,NA,NA,NA,NA,NA,NA,NA,NA,NA,NA,NA,NA,NA,NA,NA,NA,NA,NA,NA,NA,0.02161,0.0247,0.03235,0.03578,0.04715,0.05057,0.05503,0.05213,0.0556,0.05587,0.05588,0.05255,0.05326,0.05292,0.05147,0.05013,0.05165,0.04938,0.05129,0.05148,0.05256,0.05317,0.05205,0.0512,0.05123,0.05657,0.06351,0.06673,0.06952,0.07193,0.07312,0.07328,0.07358,
NLD.1.0.99.327.UDGGLR,Netherlands,02 Based on ESA 2010 and former definitions (linked series),General government consolidated gross debt :- Excessive deficit procedure (based on ESA 2010) and former definition (linked series),(EUR: EU-27 = 100),NA,NA,NA,NA,NA,NA,NA,NA,NA,NA,NA,NA,NA,NA,NA,NA,NA,NA,NA,NA,NA,NA,NA,NA,NA,NA,NA,NA,NA,NA,NA,NA,NA,NA,NA,5.63165,5.21653,4.96393,4.95442,4.76152,4.50129,4.40061,4.36704,4.37027,4.31874,4.25476,4.00173,3.96059,4.88095,4.40076,4.25763,4.27847,4.35424,4.34504,4.31894,4.16759,4.03653,3.83057,3.66557,3.53867,3.51998,3.44631,3.55151,3.40928,3.32557,3.35866,3.50716,3.4553,
AUT.1.0.99.327.UDGGLR,Austria,02 Based on ESA 2010 and former definitions (linked series),General government consolidated gross debt :- Excessive deficit procedure (based on ESA 2010) and former definition (linked series),(EUR: EU-27 = 100),NA,NA,NA,NA,NA,NA,NA,NA,NA,NA,NA,NA,NA,NA,NA,NA,NA,NA,NA,NA,NA,NA,NA,NA,NA,NA,NA,NA,NA,NA,NA,NA,NA,NA,NA,2.79504,2.62676,2.44968,2.51144,2.63015,2.69703,2.71548,2.70299,2.60538,2.56775,2.7147,2.74332,2.75976,2.79884,2.86527,2.76305,2.73679,2.64204,2.57218,2.66403,2.73562,2.73202,2.64662,2.58154,2.51461,2.55353,2.56216,2.59193,2.63139,2.6754,2.68209,2.67106,2.6798,
POL.1.0.99.327.UDGGLR,Poland,02 Based on ESA 2010 and former definitions (linked series),General government consolidated gross debt :- Excessive deficit procedure (based on ESA 2010) and former definition (linked series),(EUR: EU-27 = 100),NA,NA,NA,NA,NA,NA,NA,NA,NA,NA,NA,NA,NA,NA,NA,NA,NA,NA,NA,NA,NA,NA,NA,NA,NA,NA,NA,NA,NA,NA,NA,NA,NA,NA,NA,1.12696,1.06557,1.17308,1.13848,1.21848,1.34782,1.53365,1.49972,1.4276,1.66911,1.85302,1.99667,2.18506,1.99521,2.0646,2.18959,2.04748,2.18259,2.17772,1.93799,2.02391,2.10882,2.19799,2.17493,2.19945,2.36685,2.34943,2.38563,2.75966,3.18835,3.54907,3.86254,4.10819,
PRT.1.0.99.327.UDGGLR,Portugal,02 Based on ESA 2010 and former definitions (linked series),General government consolidated gross debt :- Excessive deficit procedure (based on ESA 2010) and former definition (linked series),(EUR: EU-27 = 100),NA,NA,NA,NA,NA,NA,NA,NA,NA,NA,NA,NA,NA,NA,NA,NA,NA,NA,NA,NA,NA,NA,NA,NA,NA,NA,NA,NA,NA,NA,NA,NA,NA,NA,NA,1.2611,1.2824,1.22906,1.23783,1.27953,1.32603,1.43427,1.52291,1.58802,1.65446,1.77478,1.85306,1.89557,1.86497,1.9041,2.01796,2.14195,2.18099,2.16951,2.17252,2.19548,2.25137,2.24581,2.24229,2.22883,2.17593,2.05282,2.00299,1.85439,1.83463,1.7646,1.70903,1.66557,
ROM.1.0.99.327.UDGGLR,Romania,02 Based on ESA 2010 and former definitions (linked series),General government consolidated gross debt :- Excessive deficit procedure (based on ESA 2010) and former definition (linked series),(EUR: EU-27 = 100),NA,NA,NA,NA,NA,NA,NA,NA,NA,NA,NA,NA,NA,NA,NA,NA,NA,NA,NA,NA,NA,NA,NA,NA,NA,NA,NA,NA,NA,NA,NA,NA,NA,NA,NA,0.03318,0.04898,0.0894,0.09698,0.12604,0.14353,0.20098,0.19154,0.17543,0.1906,0.19209,0.19043,0.2095,0.22827,0.33823,0.41251,0.46808,0.49752,0.51854,0.55308,0.5548,0.57728,0.58755,0.63886,0.69775,0.82663,0.8914,0.99247,1.11605,1.31354,1.43153,1.5149,1.5898,
SVN.1.0.99.327.UDGGLR,Slovenia,02 Based on ESA 2010 and former definitions (linked series),General government consolidated gross debt :- Excessive deficit procedure (based on ESA 2010) and former definition (linked series),(EUR: EU-27 = 100),NA,NA,NA,NA,NA,NA,NA,NA,NA,NA,NA,NA,NA,NA,NA,NA,NA,NA,NA,NA,NA,NA,NA,NA,NA,NA,NA,NA,NA,NA,NA,NA,NA,NA,NA,0.06222,0.07429,0.08075,0.08852,0.09502,0.10449,0.11111,0.11944,0.11816,0.12029,0.11915,0.1241,0.11911,0.11398,0.15517,0.15634,0.18346,0.19552,0.24803,0.28639,0.29994,0.29266,0.29096,0.29155,0.28453,0.30245,0.29798,0.30555,0.30971,0.30309,0.29718,0.2937,0.29486,
SVK.1.0.99.327.UDGGLR,Slovakia,02 Based on ESA 2010 and former definitions (linked series),General government consolidated gross debt :- Excessive deficit procedure (based on ESA 2010) and former definition (linked series),(EUR: EU-27 = 100),NA,NA,NA,NA,NA,NA,NA,NA,NA,NA,NA,NA,NA,NA,NA,NA,NA,NA,NA,NA,NA,NA,NA,NA,NA,NA,NA,NA,NA,NA,NA,NA,NA,NA,NA,0.07362,0.10681,0.13043,0.12641,0.18499,0.20913,0.22839,0.21991,0.22394,0.24326,0.21674,0.2352,0.25579,0.27076,0.28905,0.31384,0.33022,0.38346,0.39602,0.38715,0.38739,0.39185,0.39789,0.40171,0.40624,0.44467,0.46964,0.46878,0.48774,0.52644,0.53861,0.55394,0.57632,
FIN.1.0.99.327.UDGGLR,Finland,02 Based on ESA 2010 and former definitions (linked series),General government consolidated gross debt :- Excessive deficit procedure (based on ESA 2010) and former definition (linked series),(EUR: EU-27 = 100),NA,NA,NA,NA,NA,NA,NA,NA,NA,NA,NA,NA,NA,NA,NA,NA,NA,NA,NA,NA,NA,NA,NA,NA,NA,NA,NA,NA,NA,NA,NA,NA,NA,NA,NA,1.26146,1.21108,1.18502,1.12758,1.07961,1.17307,1.15659,1.12712,1.16578,1.15531,1.07527,1.05209,1.0006,0.93015,0.99404,1.05907,1.09555,1.16654,1.20225,1.26359,1.35007,1.36363,1.36364,1.36888,1.39451,1.43707,1.39242,1.45298,1.48937,1.5396,1.59377,1.60392,1.60913,
SWE.1.0.99.327.UDGGLR,Sweden,02 Based on ESA 2010 and former definitions (linked series),General government consolidated gross debt :- Excessive deficit procedure (based on ESA 2010) and former definition (linked series),(EUR: EU-27 = 100),NA,NA,NA,NA,NA,NA,NA,NA,NA,NA,NA,NA,NA,NA,NA,NA,NA,NA,NA,NA,NA,NA,NA,NA,NA,NA,NA,NA,NA,NA,NA,NA,NA,NA,NA,3.36123,3.30061,3.23754,3.00031,3.10476,2.62168,2.57762,2.52466,2.50364,2.47007,2.36684,2.29219,2.04762,1.63715,1.6598,1.72249,1.67402,1.6649,1.71804,1.84104,1.92624,1.82841,1.7755,1.69029,1.54923,1.63236,1.50665,1.32819,1.26403,1.29235,1.3667,1.39596,1.4183,
GBR.1.0.99.327.UDGGLR,United Kingdom,02 Based on ESA 2010 and former definitions (linked series),General government consolidated gross debt :- Excessive deficit procedure (based on ESA 2010) and former definition (linked series),(EUR: EU-27 = 100),NA,NA,NA,NA,NA,NA,NA,NA,NA,NA,NA,NA,NA,NA,NA,NA,NA,NA,NA,NA,NA,NA,NA,NA,NA,NA,NA,NA,NA,NA,NA,NA,NA,NA,NA,9.98091,11.54916,13.01516,11.87334,13.09319,12.6651,12.12178,11.55641,11.16928,12.09256,12.96657,13.95059,13.51219,11.72944,14.03165,15.92399,17.26707,17.85108,17.71009,19.72397,21.43056,18.81236,18.55378,18.76393,20.12906,19.98921,21.88711,20.94109,22.16454,23.57981,22.8437,22.82455,22.66703,
ALB.1.0.99.327.UDGGLR,Albania,02 Based on ESA 2010 and former definitions (linked series),General government consolidated gross debt :- Excessive deficit procedure (based on ESA 2010) and former definition (linked series),(EUR: EU-27 = 100),NA,NA,NA,NA,NA,NA,NA,NA,NA,NA,NA,NA,NA,NA,NA,NA,NA,NA,NA,NA,NA,NA,NA,NA,NA,NA,NA,NA,NA,NA,NA,NA,NA,NA,NA,NA,NA,NA,NA,NA,NA,NA,NA,NA,NA,NA,NA,NA,NA,NA,0.05792,0.05926,0.05971,0.06133,0.06609,0.07098,0.07263,0.0746,NA,NA,NA,NA,NA,NA,NA,NA,NA,NA,
MNE.1.0.99.327.UDGGLR,Montenegro,02 Based on ESA 2010 and former definitions (linked series),General government consolidated gross debt :- Excessive deficit procedure (based on ESA 2010) and former definition (linked series),(EUR: EU-27 = 100),NA,NA,NA,NA,NA,NA,NA,NA,NA,NA,NA,NA,NA,NA,NA,NA,NA,NA,NA,NA,NA,NA,NA,NA,NA,NA,NA,NA,NA,NA,NA,NA,NA,NA,NA,NA,NA,NA,NA,NA,NA,NA,0.01834,0.01035,0.01226,0.01085,0.01061,0.01095,0.01234,0.01413,0.01427,0.01581,0.0171,0.01878,0.01962,0.02259,0.02345,0.02515,NA,NA,NA,NA,NA,NA,NA,NA,NA,NA,
MKD.1.0.99.327.UDGGLR,North Macedonia,02 Based on ESA 2010 and former definitions (linked series),General government consolidated gross debt :- Excessive deficit procedure (based on ESA 2010) and former definition (linked series),(EUR: EU-27 = 100),NA,NA,NA,NA,NA,NA,NA,NA,NA,NA,NA,NA,NA,NA,NA,NA,NA,NA,NA,NA,NA,NA,NA,NA,NA,NA,NA,NA,NA,NA,NA,NA,NA,NA,NA,NA,NA,NA,NA,0.02133,0.03551,0.03446,0.03051,0.0272,0.02565,0.02871,0.02532,0.02124,0.01909,0.01983,0.01922,0.02231,0.02572,0.02696,0.03097,0.03226,0.03553,0.03613,NA,NA,NA,NA,NA,NA,NA,NA,NA,NA,
SRB.1.0.99.327.UDGGLR,Serbia,02 Based on ESA 2010 and former definitions (linked series),General government consolidated gross debt :- Excessive deficit procedure (based on ESA 2010) and former definition (linked series),(EUR: EU-27 = 100),NA,NA,NA,NA,NA,NA,NA,NA,NA,NA,NA,NA,NA,NA,NA,NA,NA,NA,NA,NA,NA,NA,NA,NA,NA,NA,NA,NA,NA,NA,NA,NA,NA,NA,NA,NA,NA,NA,NA,NA,0.26948,0.2476,0.20529,0.18758,0.15671,0.15989,0.14151,0.13188,0.12112,0.12207,0.13655,0.16435,0.18416,0.20076,0.21987,0.23595,0.232,0.21468,0.21069,0.21797,0.21838,0.23317,0.24825,0.25783,0.26487,0.25238,0.25704,0.26146,
TUR.1.0.99.327.UDGGLR,Türkiye,02 Based on ESA 2010 and former definitions (linked series),General government consolidated gross debt :- Excessive deficit procedure (based on ESA 2010) and former definition (linked series),(EUR: EU-27 = 100),NA,NA,NA,NA,NA,NA,NA,NA,NA,NA,NA,NA,NA,NA,NA,NA,NA,NA,NA,NA,NA,NA,NA,NA,NA,NA,NA,NA,NA,NA,NA,NA,NA,NA,NA,NA,NA,NA,NA,NA,NA,NA,NA,NA,NA,NA,NA,NA,NA,NA,NA,NA,NA,NA,NA,NA,NA,NA,NA,1.83859,1.7441,1.45338,1.66774,1.65908,1.9395,1.90506,2.40938,2.93405,
ISL.1.0.99.327.UDGGLR,Iceland,02 Based on ESA 2010 and former definitions (linked series),General government consolidated gross debt :- Excessive deficit procedure (based on ESA 2010) and former definition (linked series),(EUR: EU-27 = 100),NA,NA,NA,NA,NA,NA,NA,NA,NA,NA,NA,NA,NA,NA,NA,NA,NA,NA,NA,NA,NA,NA,NA,NA,NA,NA,NA,NA,NA,NA,NA,NA,NA,NA,NA,69.66378,68.65221,72.28778,65.2038,131.93393,130.04937,0.13462,147.45975,141.8665,152.01721,152.02626,140.6976,153.39768,0.14236,0.14431,0.16345,0.16358,0.14644,0.14728,0.14768,0.14865,0.16014,0.13815,0.12196,0.13267,0.1174,0.12714,0.12773,0.12654,0.12835,0.10138,0.10168,0.09846,
NOR.1.0.99.327.UDGGLR,Norway,02 Based on ESA 2010 and former definitions (linked series),General government consolidated gross debt :- Excessive deficit procedure (based on ESA 2010) and former definition (linked series),(EUR: EU-27 = 100),NA,NA,NA,NA,NA,NA,NA,NA,NA,NA,NA,NA,NA,NA,NA,NA,NA,NA,NA,NA,NA,NA,NA,NA,NA,NA,NA,NA,NA,NA,NA,NA,NA,NA,NA,NA,NA,NA,NA,NA,0.9963,0.98298,1.29041,1.37079,1.51033,1.61128,2.13351,2.17424,1.74508,1.53496,1.59615,1.11377,1.22193,1.10084,0.94093,1.00865,1.16702,1.15053,1.2598,1.29952,1.20329,1.36746,1.46066,1.42774,1.64282,NA,1.51569,1.39362,
JPN.1.0.99.327.UDGGLR,Japan,02 Based on ESA 2010 and former definitions (linked series),General government consolidated gross debt :- Excessive deficit procedure (based on ESA 2010) and former definition (linked series),(EUR: EU-27 = 100),NA,NA,NA,NA,NA,NA,NA,NA,NA,NA,NA,NA,NA,NA,NA,NA,NA,NA,NA,NA,NA,NA,NA,NA,NA,NA,NA,NA,NA,NA,NA,NA,NA,NA,NA,80.89759,76.43425,81.79265,93.70428,128.06716,129.432,122.5835,115.83464,105.6807,103.71324,91.97805,79.27677,73.81287,89.59226,80.34546,94.18216,101.54344,88.24374,69.48722,70.14804,78.28591,83.86426,77.48958,83.20815,86.59295,80.88602,74.9849,69.92976,61.47013,56.498,47.7713,45.06471,43.1183,
USA.1.0.99.327.UDGGLR,United States,02 Based on ESA 2010 and former definitions (linked series),General government consolidated gross debt :- Excessive deficit procedure (based on ESA 2010) and former definition (linked series),(EUR: EU-27 = 100),NA,NA,NA,NA,NA,NA,NA,NA,NA,NA,NA,NA,NA,NA,NA,NA,NA,NA,NA,NA,NA,NA,NA,NA,NA,NA,NA,NA,NA,NA,NA,NA,NA,NA,NA,84.71014,89.14947,102.77417,96.17703,111.01797,115.94894,124.15425,108.76485,94.28536,90.31954,107.31258,99.72708,93.15686,106.04631,105.92337,117.90099,125.34748,125.32425,122.23651,141.51533,162.34496,174.51049,155.74277,173.32469,184.83378,182.5194,200.16064,217.43913,217.88113,236.09854,210.27899,212.64843,214.6143,
